chain_id,name,province,inherited_qid,inherited_label,phase_a_signals,phase_a_confidence,decision,notes
PLACE_AB001006,Calgary c,AB,Q36312,Calgary,S4_TIER_ROOT_PROVINCE,low,VERIFIED,
PLACE_AB002006,Edmonton c,AB,Q2096,Edmonton,S4_TIER_ROOT_PROVINCE,low,VERIFIED,
PLACE_AB002007,St. Albert t-v,AB,Q939127,St. Albert,S4_TIER_ROOT_PROVINCE,low,VERIFIED,
PLACE_AB002008,Stony Plain t-v,AB,Q1744021,Stony Plain,S4_TIER_ROOT_PROVINCE,low,VERIFIED,
PLACE_AB003004,Claresholm t-v,AB,Q1746566,Claresholm,S4_TIER_ROOT_PROVINCE,low,VERIFIED,
PLACE_AB003005,High River t-v,AB,Q1743705,High River,S4_TIER_ROOT_PROVINCE,low,VERIFIED,
PLACE_AB003006,Macleod t-v,AB,Q2128700,Fort Macleod,S4_TIER_ROOT_PROVINCE,low,VERIFIED,
PLACE_AB003007,Nanton t-v,AB,Q1744143,Nanton,S4_TIER_ROOT_PROVINCE,low,VERIFIED,
PLACE_AB003008,Okotoks t-v,AB,Q1363726,Okotoks,S4_TIER_ROOT_PROVINCE,low,VERIFIED,
PLACE_AB003009,Pincher Creek t-v,AB,Q1744046,Pincher Creek,S4_TIER_ROOT_PROVINCE,low,VERIFIED,
PLACE_AB004003,Lethbridge c,AB,Q270887,Lethbridge,S4_TIER_ROOT_PROVINCE,low,VERIFIED,
PLACE_AB004004_1911,Medicine Hat c,AB,Q368241,Medicine Hat,S4_TIER_ROOT_PROVINCE,low,VERIFIED,
PLACE_AB004005,Cardston t-v,AB,Q1743545,Cardston,S4_TIER_ROOT_PROVINCE,low,VERIFIED,
PLACE_AB004006,Magrath t-v,AB,Q608478,Magrath,S4_TIER_ROOT_PROVINCE,low,VERIFIED,
PLACE_AB004007,Raymond t-v,AB,Q1001461,Raymond,S4_TIER_ROOT_PROVINCE,low,VERIFIED,
PLACE_AB004008,Taber t-v,AB,Q1746037,Taber,S4_TIER_ROOT_PROVINCE,low,VERIFIED,
PLACE_AB005004,Didsbury t-v,AB,Q1743949,Didsbury,S4_TIER_ROOT_PROVINCE,low,VERIFIED,
PLACE_AB005005,Innisfail t-v,AB,Q1009832,Innisfail,S4_TIER_ROOT_PROVINCE,low,VERIFIED,
PLACE_AB005006,Lacombe t-v,AB,Q1743833,Lacombe,S4_TIER_ROOT_PROVINCE,low,VERIFIED,
PLACE_AB005007,Olds t-v,AB,Q991692,Olds,S4_TIER_ROOT_PROVINCE,low,VERIFIED,
PLACE_AB005008,Ponoka t-v,AB,Q1744063,Ponoka,S4_TIER_ROOT_PROVINCE,low,VERIFIED,
PLACE_AB005009,Red Deer t-v,AB,Q23025,Red Deer,S4_TIER_ROOT_PROVINCE,low,VERIFIED,
PLACE_AB005010,Stettler t-v,AB,Q1746019,Stettler,S4_TIER_ROOT_PROVINCE,low,VERIFIED,
PLACE_AB006005,Wetaskiwin c,AB,Q950050,Wetaskiwin,S4_TIER_ROOT_PROVINCE,low,VERIFIED,
PLACE_AB006006,Camrose t-v,AB,Q775610,Camrose,S4_TIER_ROOT_PROVINCE,low,VERIFIED,
PLACE_AB006007,Daysland t-v,AB,Q1004125,Daysland,S4_TIER_ROOT_PROVINCE,low,VERIFIED,
PLACE_AB006008,Leduc t-v,AB,Q1207513,Leduc,S4_TIER_ROOT_PROVINCE,low,VERIFIED,
PLACE_AB006009,Tofield t-v,AB,Q2146186,Tofield,S4_TIER_ROOT_PROVINCE,low,VERIFIED,
PLACE_AB006010,Wainwright t-v,AB,Q835304,Wainwright,S4_TIER_ROOT_PROVINCE,low,VERIFIED,
PLACE_AB007004,Fort Saskatchewan t-v,AB,Q1007407,Fort Saskatchewan,S4_TIER_ROOT_PROVINCE,low,VERIFIED,
PLACE_AB007005,Vegreville t-v,AB,Q1276220,Vegreville,S4_TIER_ROOT_PROVINCE,low,VERIFIED,
PLACE_AB007006,Vermilion t-v,AB,Q3845986,Vermilion,S4_TIER_ROOT_PROVINCE,low,VERIFIED,
PLACE_BC002001_1901,Chilliwak,BC,Q983026,Chilliwack,S1_STRICT_YEAR_LINK,high,VERIFIED,
PLACE_BC004004,"Victoria, City—Cité",BC,Q2132,Victoria,S3_AMBIGUOUS_NAMED,medium,VERIFIED,
PLACE_BC008007_1911,Prince Rupert c,BC,Q1015639,Prince Rupert,S4_TIER_ROOT_PROVINCE,low,VERIFIED,
PLACE_BC011006,Chilliwack c,BC,Q983026,Chilliwack,S4_TIER_ROOT_PROVINCE,low,VERIFIED,
PLACE_BC014009,Enderby c,BC,Q112975,Enderby,S4_TIER_ROOT_PROVINCE,low,VERIFIED,
PLACE_BC014013,Kelowna c,BC,Q232226,Kelowna,S4_TIER_ROOT_PROVINCE,low,VERIFIED,
PLACE_BC014016,Vernon c,BC,Q985671,Vernon,S4_TIER_ROOT_PROVINCE,low,VERIFIED,
PLACE_MB007022,Portage la Prairie,MB,Q1661004,Portage la Prairie,S4_TIER_ROOT_PROVINCE,low,VERIFIED,
PLACE_MB007023,"Portage la Prairie, Town—Ville",MB,Q1017624,Portage la Prairie,S4_TIER_ROOT_PROVINCE,low,VERIFIED,
PLACE_MB007027,Rossburn,MB,Q1661166,Rossburn,S4_TIER_ROOT_PROVINCE,low,VERIFIED,
PLACE_MB008009_1891,Morris,MB,Q1660794,Morris,S4_TIER_ROOT_PROVINCE,low,VERIFIED,
PLACE_MB008010,"Morris, Town—Ville",MB,Q2450865,Morris,S4_TIER_ROOT_PROVINCE,low,VERIFIED,
PLACE_MB008011,Portage la Prairie,MB,Q1661004,Portage la Prairie,S4_TIER_ROOT_PROVINCE,low,VERIFIED,
PLACE_MB008012_1901,"Portage la Prairie, Town—Ville",MB,Q1017624,Portage la Prairie,S4_TIER_ROOT_PROVINCE,low,VERIFIED,
PLACE_MB009003_1891,Birtle,MB,Q1658106,Birtle,S4_TIER_ROOT_PROVINCE,low,VERIFIED,
PLACE_MB009004_1891,"Birtle, Town—Ville",MB,Q86586,Birtle,S4_TIER_ROOT_PROVINCE,low,VERIFIED,
PLACE_MB009010_1901,Dauphin,MB,Q1658912,Dauphin,S4_TIER_ROOT_PROVINCE,low,VERIFIED,
PLACE_MB009011_1901,"Dauphin, Town—Ville",MB,Q1173008,Dauphin,S4_TIER_ROOT_PROVINCE,low,VERIFIED,
PLACE_MB009013_1901,Grandview,MB,Q18345798,Grandview,S4_TIER_ROOT_PROVINCE,low,VERIFIED,
PLACE_MB009021_1901,Rossburn,MB,Q1661166,Rossburn,S4_TIER_ROOT_PROVINCE,low,VERIFIED,
PLACE_MB010007,Morris,MB,Q1660794,Morris,S4_TIER_ROOT_PROVINCE,low,VERIFIED,
PLACE_MB010008,"Morris, Town—Ville",MB,Q2450865,Morris,S4_TIER_ROOT_PROVINCE,low,VERIFIED,
PLACE_MB015005,Oak Lake t-v,MB,Q75834,Oak Lake,S4_TIER_ROOT_PROVINCE,low,VERIFIED,
PLACE_MB015006,Rivers t-v,MB,Q138967,Rivers,S4_TIER_ROOT_PROVINCE,low,VERIFIED,
PLACE_MB015007,Souris t-v,MB,Q487130,Souris,S4_TIER_ROOT_PROVINCE,low,VERIFIED,
PLACE_MB016003_1911,Dauphin t-v,MB,Q1173008,Dauphin,S4_TIER_ROOT_PROVINCE,low,VERIFIED,
PLACE_MB016005,Swan River t-v,MB,Q487931,Swan River,S4_TIER_ROOT_PROVINCE,low,DEMOTED,FAR: 210 km from chain centroid
PLACE_MB018012_1911,Carman t-v,MB,Q2450462,Carman,S4_TIER_ROOT_PROVINCE,low,VERIFIED,
PLACE_MB019003_1911,Birtle t-v,MB,Q86586,Birtle,S4_TIER_ROOT_PROVINCE,low,VERIFIED,
PLACE_MB020007,Portage la Prairie t-v,MB,Q1017624,Portage la Prairie,S4_TIER_ROOT_PROVINCE,low,VERIFIED,
PLACE_MB021017,Morris t-v,MB,Q2450865,Morris,S4_TIER_ROOT_PROVINCE,low,VERIFIED,
PLACE_MB022011_1911,Selkirk t-v,MB,Q1018239,Selkirk,S3_AMBIGUOUS_NAMED,medium,VERIFIED,
PLACE_MB022012,Stonewall t-v,MB,Q393324,Stonewall,S4_TIER_ROOT_PROVINCE,low,VERIFIED,
PLACE_MB023003,Deloraine t-v,MB,Q86580,Deloraine,S4_TIER_ROOT_PROVINCE,low,VERIFIED,
PLACE_MB023004,Hartney t-v,MB,Q75838,Hartney,S4_TIER_ROOT_PROVINCE,low,VERIFIED,
PLACE_MB023005,Killarney t-v,MB,Q168855,Killarney,S4_TIER_ROOT_PROVINCE,low,VERIFIED,
PLACE_MB023006,Melita t-v,MB,Q312033,Melita,S4_TIER_ROOT_PROVINCE,low,VERIFIED,
PLACE_NB014012,"Woodstock, Town—Ville",NB,Q2559651,Woodstock,S3_AMBIGUOUS_NAMED,medium,VERIFIED,
PLACE_NB015015,St. Stephen,NB,Q14875636,Saint Stephen Parish,S4_TIER_ROOT_PROVINCE,low,VERIFIED,
PLACE_NB015016,"St. Stephen, Town—Ville",NB,Q2358467,St. Stephen,S4_TIER_ROOT_PROVINCE,low,VERIFIED,
PLACE_NB017005,Richibucto,NB,Q3365878,Richibucto Parish,S2_STRICT_MULTIHOP,high,VERIFIED,
PLACE_NB018004,Hampton,NB,Q3365759,Hampton Parish,S1_STRICT_YEAR_LINK;S2_STRICT_MULTIHOP,high,VERIFIED,
PLACE_NB018012,Sussex,NB,Q7649461,Sussex Parish,S1_STRICT_YEAR_LINK;S2_STRICT_MULTIHOP,high,VERIFIED,
PLACE_NB019003,Dalhousie,NB,Q3365804,Dalhousie Parish,S4_TIER_ROOT_PROVINCE,low,VERIFIED,
PLACE_NB019004,Chatham,NB,Q3365797,Chatham Parish,S4_TIER_ROOT_PROVINCE,low,VERIFIED,
PLACE_NB019010,Newcastle,NB,Q3365857,Newcastle Parish,S1_STRICT_YEAR_LINK;S2_STRICT_MULTIHOP,high,VERIFIED,
PLACE_NB020004_1901,Dalhousie,NB,Q3365804,Dalhousie Parish,S1_STRICT_YEAR_LINK;S2_STRICT_MULTIHOP,high,VERIFIED,
PLACE_NB023004_1881,Grand Falls,NB,Q5594542,Grand Falls Parish,S1_STRICT_YEAR_LINK;S2_STRICT_MULTIHOP,high,VERIFIED,
PLACE_NB023007_1881,Perth,NB,Q3365866,Perth Parish,S4_TIER_ROOT_PROVINCE,low,VERIFIED,
PLACE_NB023013_1901,St. Léonard,NB,Q7400719,Saint-Léonard Parish,S4_TIER_ROOT_PROVINCE,low,VERIFIED,
PLACE_NB024003_1891,"Moncton, City—Cité",NB,Q457334,Moncton,S4_TIER_ROOT_PROVINCE,low,VERIFIED,
PLACE_NB024004_1881,Moncton,NB,Q3365851,Moncton Parish,S2_STRICT_MULTIHOP,high,VERIFIED,
PLACE_NB024005_1871,Sackville,NB,Q3365883,Sackville Parish,S1_STRICT_YEAR_LINK;S2_STRICT_MULTIHOP,high,VERIFIED,
PLACE_NB025011,Woodstock,NB,Q3365949,Woodstock Parish,S1_STRICT_YEAR_LINK,high,VERIFIED,
PLACE_NB026004_1881,"St. George, Town—Ville",NB,Q3462230,St. George,S4_TIER_ROOT_PROVINCE,low,VERIFIED,
PLACE_NB028005,Richibucto,NB,Q3365878,Richibucto Parish,S1_STRICT_YEAR_LINK,high,VERIFIED,
PLACE_NB028009,Weldford,NB,Q3365943,Weldford Parish,S1_STRICT_YEAR_LINK,high,VERIFIED,
PLACE_NB029009,Rothesay,NB,Q3365880,Rothesay Parish,S1_STRICT_YEAR_LINK,high,VERIFIED,
PLACE_NB030018,St. Mary's,NB,Q3365737,Saint Marys Parish,S1_STRICT_YEAR_LINK;S2_STRICT_MULTIHOP,high,VERIFIED,
PLACE_NB033006_1881,"Moncton, Town—Ville",NB,Q457334,Moncton,S4_TIER_ROOT_PROVINCE,low,VERIFIED,
PLACE_NB034001,Andover,NB,Q3365754,Andover Parish,S4_TIER_ROOT_PROVINCE,low,VERIFIED,
PLACE_NB034010,Perth,NB,Q3365866,Perth Parish,S1_STRICT_YEAR_LINK,high,VERIFIED,
PLACE_NB034013,St. Bazile,NB,Q3365891,Saint-Basile Parish,S1_STRICT_YEAR_LINK,high,VERIFIED,
PLACE_NB034017,St. Leonard,NB,Q7400719,Saint-Léonard Parish,S1_STRICT_YEAR_LINK,high,VERIFIED,
PLACE_NB035003,Moncton,NB,Q3365851,Moncton Parish,S1_STRICT_YEAR_LINK,high,VERIFIED,
PLACE_NB175004,St. George,NB,Q3365892,Saint George Parish,S4_TIER_ROOT_PROVINCE,low,VERIFIED,
PLACE_NB176011,Sussex,NB,Q7649461,Sussex Parish,S4_TIER_ROOT_PROVINCE,low,VERIFIED,
PLACE_NB180001,Woodstock,NB,Q3365949,Woodstock Parish,S2_STRICT_MULTIHOP,high,VERIFIED,
PLACE_NB181002,Perth,NB,Q3365866,Perth Parish,S4_TIER_ROOT_PROVINCE,low,VERIFIED,
PLACE_NB181004,Grand Falls,NB,Q5594542,Grand Falls Parish,S4_TIER_ROOT_PROVINCE,low,VERIFIED,
PLACE_NB186006,Moncton,NB,Q3365851,Moncton Parish,S2_STRICT_MULTIHOP,high,VERIFIED,
PLACE_NS040023_1911,Glace Bay t-v,NS,Q3108251,Glace Bay,S4_TIER_ROOT_PROVINCE,low,VERIFIED,
PLACE_NS040024_1911,Louisburg t-v,NS,Q3263622,Louisbourg,S4_TIER_ROOT_PROVINCE,low,VERIFIED,
PLACE_NS049039,Bridgewater t-v,NS,Q474178,Bridgewater,S4_TIER_ROOT_PROVINCE,low,VERIFIED,
PLACE_NS049043_1911,Bridgewater t-v,NS,Q474178,Bridgewater,S4_TIER_ROOT_PROVINCE,low,VERIFIED,
PLACE_NS049044_1911,Lunenburg t-v,NS,Q105441,Lunenburg,S4_TIER_ROOT_PROVINCE,low,VERIFIED,
PLACE_NS050021,Merigomish,NS,Q14875716,Merigomish,S1_STRICT_YEAR_LINK,high,VERIFIED,
PLACE_NS050036,Trenton t-v,NS,Q3538507,Trenton,S4_TIER_ROOT_PROVINCE,low,VERIFIED,
PLACE_NS053021_1911,Yarmouth t-v,NS,Q864688,Yarmouth,S4_TIER_ROOT_PROVINCE,low,VERIFIED,
PLACE_ON003009,Kincardine,ON,Q115261919,Kincardine,S4_TIER_ROOT_PROVINCE,low,VERIFIED,
PLACE_ON004006,Sarnia,ON,Q115262762,Sarnia,S4_TIER_ROOT_PROVINCE,low,VERIFIED,
PLACE_ON014001,Esquessing,ON,Q16891177,Esquesing,S1_STRICT_YEAR_LINK;S2_STRICT_MULTIHOP,high,VERIFIED,
PLACE_ON015004,"Brantford, Town—Ville",ON,Q34180,Brantford,S4_TIER_ROOT_PROVINCE,low,VERIFIED,
PLACE_ON016015,Goderich,ON,Q115261587,Goderich,S4_TIER_ROOT_PROVINCE,low,VERIFIED,
PLACE_ON018008,Sarnia,ON,Q115262762,Sarnia,S4_TIER_ROOT_PROVINCE,low,VERIFIED,
PLACE_ON023003,Carradoc,ON,Q115261024,Caradoc,S1_STRICT_YEAR_LINK;S2_STRICT_MULTIHOP,high,VERIFIED,
PLACE_ON023012,London,ON,Q115262072,London,S4_TIER_ROOT_PROVINCE,low,VERIFIED,
PLACE_ON026001,Whitby,ON,Q7994182,Whitby,S4_TIER_ROOT_PROVINCE,low,VERIFIED,
PLACE_ON027005,Kincardine,ON,Q115261919,Kincardine,S1_STRICT_YEAR_LINK;S2_STRICT_MULTIHOP,high,VERIFIED,
PLACE_ON028004_1851,Toronto,ON,Q7826543,Toronto,S4_TIER_ROOT_PROVINCE,low,VERIFIED,
PLACE_ON031003,"Dumfries, N",ON,Q252504,North Dumfries,S1_STRICT_YEAR_LINK;S2_STRICT_MULTIHOP,high,VERIFIED,
PLACE_ON033009,Pembroke,ON,Q115262569,Pembroke,S4_TIER_ROOT_PROVINCE,low,VERIFIED,
PLACE_ON035004,Arthur,ON,Q115260727,Arthur,S4_TIER_ROOT_PROVINCE,low,VERIFIED,
PLACE_ON042002,"Collingwood, Town—Ville",ON,Q3501912,Collingwood,S4_TIER_ROOT_PROVINCE,low,VERIFIED,
PLACE_ON043001,"Toronto, City",ON,Q172,Toronto,S4_TIER_ROOT_PROVINCE,low,VERIFIED,
PLACE_ON046001_1891,"Brantford, City—Cité",ON,Q34180,Brantford,S3_AMBIGUOUS_NAMED,medium,VERIFIED,
PLACE_ON048003,"Whitby, Town—Ville",ON,Q386338,Whitby,S4_TIER_ROOT_PROVINCE,low,VERIFIED,
PLACE_ON048003_1891,Brantford,ON,Q115260922,Brantford,S4_TIER_ROOT_PROVINCE,low,VERIFIED,
PLACE_ON049001,Uxbridge,ON,Q386959,Uxbridge,S1_STRICT_YEAR_LINK;S2_STRICT_MULTIHOP,high,VERIFIED,
PLACE_ON050004,"Kincardine, Town—Ville",ON,Q3492582,Kincardine,S3_AMBIGUOUS_NAMED,medium,VERIFIED,
PLACE_ON054001,Hamilton,ON,Q115261675,Hamilton,S4_TIER_ROOT_PROVINCE,low,VERIFIED,
PLACE_ON054062,Chelmsford t-v,ON,Q22486283,Chelmsford,S4_TIER_ROOT_PROVINCE,low,DEMOTED,FAR: 134 km from chain centroid
PLACE_ON054113_1911,Blind River t-v,ON,Q4859518,Blind River,S4_TIER_ROOT_PROVINCE,low,VERIFIED,
PLACE_ON054114_1911,Chelmsford t-v,ON,Q22486283,Chelmsford,S4_TIER_ROOT_PROVINCE,low,VERIFIED,
PLACE_ON057001_1881,"Aylmer, Town—Ville",ON,Q2874907,Aylmer,S3_AMBIGUOUS_NAMED,medium,VERIFIED,
PLACE_ON062005,Madoc,ON,Q11765886,Madoc,S1_STRICT_YEAR_LINK;S2_STRICT_MULTIHOP,high,VERIFIED,
PLACE_ON065001,"Brantford, Town of",ON,Q34180,Brantford,S4_TIER_ROOT_PROVINCE,low,VERIFIED,
PLACE_ON065002,Brantford,ON,Q115260922,Brantford,S4_TIER_ROOT_PROVINCE,low,VERIFIED,
PLACE_ON071009,"Madoc, Village",ON,Q6728328,Madoc,S3_AMBIGUOUS_NAMED,medium,VERIFIED,
PLACE_ON071015,"Stirling, Village",ON,Q113893935,Stirling,S3_AMBIGUOUS_NAMED,medium,VERIFIED,
PLACE_ON072010,Palmerston,ON,Q115262530,Palmerston,S4_TIER_ROOT_PROVINCE,low,VERIFIED,
PLACE_ON073001,"Blyth, Village",ON,Q4930846,Blyth,S3_AMBIGUOUS_NAMED,medium,VERIFIED,
PLACE_ON074010,"Marmora, Lake",ON,Q4864807,Marmora and Lake,S1_STRICT_YEAR_LINK;S2_STRICT_MULTIHOP,high,VERIFIED,
PLACE_ON075005,"Goderich, Town—Ville",ON,Q33974,Goderich,S3_AMBIGUOUS_NAMED,medium,VERIFIED,
PLACE_ON076001_1881,"Blenheim, Town—Ville",ON,Q2906399,Blenheim,S3_AMBIGUOUS_NAMED,medium,VERIFIED,
PLACE_ON079006,"Goderich, Town of",ON,Q33974,Goderich,S4_TIER_ROOT_PROVINCE,low,VERIFIED,
PLACE_ON079006_1891,"Sarnia, Town—Ville",ON,Q34106,Sarnia,S4_TIER_ROOT_PROVINCE,low,VERIFIED,
PLACE_ON080007_1871,"Lanark, Village",ON,Q6482895,Lanark,S3_AMBIGUOUS_NAMED,medium,VERIFIED,
PLACE_ON080007_1911,Sydney,ON,Q136480718,Sidney,S1_STRICT_YEAR_LINK,high,VERIFIED_WARN,FAR: 51 km from chain centroid (spatial link is proof)
PLACE_ON080014_1911,Bancroft vl,ON,Q1850051,Bancroft,S4_TIER_ROOT_PROVINCE,low,VERIFIED,
PLACE_ON080015_1911,Marmora vl,ON,Q6772165,Marmora,S4_TIER_ROOT_PROVINCE,low,VERIFIED,
PLACE_ON080016_1911,Stirling vl,ON,Q113893935,Stirling,S4_TIER_ROOT_PROVINCE,low,VERIFIED,
PLACE_ON082008,Lanark,ON,Q115261968,Lanark,S1_STRICT_YEAR_LINK;S2_STRICT_MULTIHOP,high,VERIFIED,
PLACE_ON082010_1911,Hensall vl,ON,Q5731326,Hensall,S3_AMBIGUOUS_NAMED,medium,VERIFIED,
PLACE_ON085008_1911,Blenheim t-v,ON,Q2906399,Blenheim,S4_TIER_ROOT_PROVINCE,low,VERIFIED,
PLACE_ON086001_1911,Kingston c,ON,Q202973,Kingston,S4_TIER_ROOT_PROVINCE,low,VERIFIED,
PLACE_ON086002_1911,Portsmouth vl,ON,Q7232416,Portsmouth,S3_AMBIGUOUS_NAMED,medium,VERIFIED,
PLACE_ON086007,London,ON,Q115262072,London,S4_TIER_ROOT_PROVINCE,low,VERIFIED,
PLACE_ON087003_1891,London,ON,Q115262072,London,S2_STRICT_MULTIHOP,high,VERIFIED,
PLACE_ON088004_1891,Sarnia,ON,Q115262762,Sarnia,S4_TIER_ROOT_PROVINCE,low,VERIFIED,
PLACE_ON088006_1911,Sarnia t-v,ON,Q34106,Sarnia,S4_TIER_ROOT_PROVINCE,low,VERIFIED,
PLACE_ON089013,"Whitby, Town of",ON,Q386338,Whitby,S4_TIER_ROOT_PROVINCE,low,VERIFIED,
PLACE_ON090009_1911,Smiths Falls t-v,ON,Q1938153,Smiths Falls,S4_TIER_ROOT_PROVINCE,low,VERIFIED,
PLACE_ON091006,Toronto,ON,Q7826543,Toronto,S4_TIER_ROOT_PROVINCE,low,VERIFIED,
PLACE_ON092007,Pullarton,ON,Q115261521,Fullarton,S1_STRICT_YEAR_LINK,high,VERIFIED,
PLACE_ON092008,Bonfield,ON,Q115260888,Bonfield,S1_STRICT_YEAR_LINK;S2_STRICT_MULTIHOP,high,VERIFIED,
PLACE_ON093009_1911,St. Catharines c,ON,Q126805,St. Catharines,S4_TIER_ROOT_PROVINCE,low,VERIFIED,
PLACE_ON094001_1911,London c,ON,Q92561,London,S4_TIER_ROOT_PROVINCE,low,VERIFIED,
PLACE_ON095002_1911,London,ON,Q115262072,London,S1_STRICT_YEAR_LINK,high,VERIFIED,
PLACE_ON098004,"Collingwood, Town of",ON,Q3501912,Collingwood,S4_TIER_ROOT_PROVINCE,low,VERIFIED,
PLACE_ON098006_1891,"Whitby, Town—Ville",ON,Q386338,Whitby,S3_AMBIGUOUS_NAMED,medium,VERIFIED,
PLACE_ON099005,"Uxbridge, Town—Ville",ON,Q22401644,Uxbridge,S3_AMBIGUOUS_NAMED,medium,VERIFIED,
PLACE_ON099094,Copper Cliff t-v,ON,Q115178132,Copper Cliff,S4_TIER_ROOT_PROVINCE,low,DEMOTED,FAR: 201 km from chain centroid
PLACE_ON099102,Sudbury t-v,ON,Q383434,Greater Sudbury,S3_AMBIGUOUS_NAMED,medium,DEMOTED,FAR: 230 km from chain centroid
PLACE_ON099159_1911,Bonfield t-v,ON,Q4941782,Bonfield,S4_TIER_ROOT_PROVINCE,low,VERIFIED,
PLACE_ON099161_1911,Cobalt t-v,ON,Q2568572,Cobalt,S4_TIER_ROOT_PROVINCE,low,VERIFIED,
PLACE_ON099162_1911,Cochrane t-v,ON,Q2273431,Cochrane,S4_TIER_ROOT_PROVINCE,low,VERIFIED,
PLACE_ON099163_1911,Copper Cliff t-v,ON,Q115178132,Copper Cliff,S4_TIER_ROOT_PROVINCE,low,VERIFIED,
PLACE_ON099164_1911,Englehart t-v,ON,Q3054292,Englehart,S4_TIER_ROOT_PROVINCE,low,VERIFIED,
PLACE_ON099165_1911,Haileybury t-v,ON,Q9284985,Haileybury,S4_TIER_ROOT_PROVINCE,low,VERIFIED,
PLACE_ON099166_1911,Latchford t-v,ON,Q4859952,Latchford,S4_TIER_ROOT_PROVINCE,low,VERIFIED,
PLACE_ON099167_1911,Mattawa t-v,ON,Q1013150,Mattawa,S4_TIER_ROOT_PROVINCE,low,VERIFIED,
PLACE_ON099168_1911,New Liskeard t-v,ON,Q28836907,New Liskeard,S4_TIER_ROOT_PROVINCE,low,VERIFIED,
PLACE_ON099169_1911,North Bay t-v,ON,Q912253,North Bay,S4_TIER_ROOT_PROVINCE,low,VERIFIED,
PLACE_ON099171_1911,Sudbury t-v,ON,Q383434,Greater Sudbury,S4_TIER_ROOT_PROVINCE,low,VERIFIED,
PLACE_ON100011,"Lindsay, Town of",ON,Q3241437,Lindsay,S4_TIER_ROOT_PROVINCE,low,VERIFIED,
PLACE_ON103002,Arthur,ON,Q115260727,Arthur,S4_TIER_ROOT_PROVINCE,low,VERIFIED,
PLACE_ON104006_1911,Oshawa t-v,ON,Q211867,Oshawa,S3_AMBIGUOUS_NAMED,medium,VERIFIED,
PLACE_ON105003_1861,"Gwillimhury, East",ON,Q483424,East Gwillimbury,S1_STRICT_YEAR_LINK,high,VERIFIED,
PLACE_ON108045_1911,Kearney t-v,ON,Q4859889,Kearney,S4_TIER_ROOT_PROVINCE,low,VERIFIED,
PLACE_ON108046_1911,Parry Sound t-v,ON,Q2219667,Parry Sound,S4_TIER_ROOT_PROVINCE,low,VERIFIED,
PLACE_ON108047_1911,Powassan t-v,ON,Q280702,Powassan,S4_TIER_ROOT_PROVINCE,low,VERIFIED,
PLACE_ON108048_1911,Burks Falls vl,ON,Q4859909,Burk's Falls,S4_TIER_ROOT_PROVINCE,low,VERIFIED,
PLACE_ON108051_1911,South River vl,ON,Q3492521,South River,S4_TIER_ROOT_PROVINCE,low,VERIFIED,
PLACE_ON108052_1911,Sundridge vl,ON,Q3110020,Sundridge,S4_TIER_ROOT_PROVINCE,low,VERIFIED,
PLACE_ON109004_1891_1911,Toronto,ON,Q7826543,Toronto,S1_STRICT_YEAR_LINK,high,VERIFIED,
PLACE_ON110006_1911,Stratford c,ON,Q740756,Stratford,S3_AMBIGUOUS_NAMED,medium,VERIFIED,
PLACE_ON110007_1901,"Pembroke, Town—Ville",ON,Q1075086,Pembroke,S3_AMBIGUOUS_NAMED,medium,VERIFIED,
PLACE_ON110010_1901,"Cobden, Village",ON,Q5138844,Cobden,S3_AMBIGUOUS_NAMED,medium,VERIFIED,
PLACE_ON112011_1911,Lakefield vl,ON,Q114506323,Lakefield,S4_TIER_ROOT_PROVINCE,low,VERIFIED,
PLACE_ON112012_1911,Norwood vl,ON,Q18632575,Norwood,S4_TIER_ROOT_PROVINCE,low,VERIFIED,
PLACE_ON114002_1891,"Collingwood, Town—Ville",ON,Q3501912,Collingwood,S3_AMBIGUOUS_NAMED,medium,VERIFIED,
PLACE_ON114006_1861,Pembroke,ON,Q115262569,Pembroke,S4_TIER_ROOT_PROVINCE,low,VERIFIED,
PLACE_ON114007,"Pembroke, Town—Ville",ON,Q1075086,Pembroke,S4_TIER_ROOT_PROVINCE,low,VERIFIED,
PLACE_ON116016_1911,Pembroke t-v,ON,Q1075086,Pembroke,S4_TIER_ROOT_PROVINCE,low,VERIFIED,
PLACE_ON116017_1911,Cobden vl,ON,Q5138844,Cobden,S4_TIER_ROOT_PROVINCE,low,VERIFIED,
PLACE_ON117018_1911,Killaloe vl,ON,Q10983651,Killaloe,S4_TIER_ROOT_PROVINCE,low,VERIFIED,
PLACE_ON119009,Hallowel,ON,Q115261670,Hallowell,S1_STRICT_YEAR_LINK;S2_STRICT_MULTIHOP,high,VERIFIED,
PLACE_ON120003_1891,"Lindsay, Town—Ville",ON,Q3241437,Lindsay,S3_AMBIGUOUS_NAMED,medium,VERIFIED,
PLACE_ON123121_1911,Dryden t-v,ON,Q3040214,Dryden,S4_TIER_ROOT_PROVINCE,low,VERIFIED,
PLACE_ON123122_1911,Fort Frances t-v,ON,Q1438546,Fort Frances,S4_TIER_ROOT_PROVINCE,low,VERIFIED,
PLACE_ON123123_1911,Kenora t-v,ON,Q993714,Kenora,S4_TIER_ROOT_PROVINCE,low,VERIFIED,
PLACE_ON123125_1911,Rainy River t-v,ON,Q3492477,Rainy River,S4_TIER_ROOT_PROVINCE,low,VERIFIED,
PLACE_ON124003_1881,Hamilton,ON,Q115261675,Hamilton,S4_TIER_ROOT_PROVINCE,low,VERIFIED,
PLACE_ON125003_1881,"Arthur, Village",ON,Q4797728,Arthur,S3_AMBIGUOUS_NAMED,medium,VERIFIED,
PLACE_ON125011_1891,"Palmerston, Town—Ville",ON,Q7128296,Palmerston,S3_AMBIGUOUS_NAMED,medium,VERIFIED,
PLACE_ON127003,Blenheim,ON,Q115260874,Blenheim,S3_AMBIGUOUS_NAMED,medium,VERIFIED,
PLACE_ON129002,"Lindsay, Town—Ville",ON,Q3241437,Lindsay,S4_TIER_ROOT_PROVINCE,low,VERIFIED,
PLACE_ON129033_1911,Lindsay t-v,ON,Q3241437,Lindsay,S4_TIER_ROOT_PROVINCE,low,VERIFIED,
PLACE_ON129034_1911,Bobcaygeon vl,ON,Q4935785,Bobcaygeon,S4_TIER_ROOT_PROVINCE,low,VERIFIED,
PLACE_ON129035_1911,Fenelon Falls vl,ON,Q5443310,Fenelon Falls,S4_TIER_ROOT_PROVINCE,low,VERIFIED,
PLACE_ON129037_1911,Omemee vl,ON,Q22702375,Omemee,S4_TIER_ROOT_PROVINCE,low,VERIFIED,
PLACE_ON129038_1911,Woodville vl,ON,Q8033513,Woodville,S4_TIER_ROOT_PROVINCE,low,VERIFIED,
PLACE_ON130005_1911,Waterloo t-v,ON,Q639408,Waterloo,S3_AMBIGUOUS_NAMED,medium,VERIFIED,
PLACE_ON132003,"Whitby, Town—Ville",ON,Q386338,Whitby,S4_TIER_ROOT_PROVINCE,low,VERIFIED,
PLACE_ON139003,"Collingwood, Town—Ville",ON,Q3501912,Collingwood,S4_TIER_ROOT_PROVINCE,low,VERIFIED,
PLACE_ON153010,"Palmerston, Town—Ville",ON,Q7128296,Palmerston,S4_TIER_ROOT_PROVINCE,low,VERIFIED,
PLACE_ON155002,Collingwood,ON,Q115261146,Collingwood,S1_STRICT_YEAR_LINK;S2_STRICT_MULTIHOP,high,VERIFIED,
PLACE_ON159001,"Brantford, Town—Ville",ON,Q34180,Brantford,S4_TIER_ROOT_PROVINCE,low,VERIFIED,
PLACE_ON167003,London,ON,Q115262072,London,S2_STRICT_MULTIHOP,high,VERIFIED,
PLACE_ON172009,"Palmerston, Town—Ville",ON,Q7128296,Palmerston,S4_TIER_ROOT_PROVINCE,low,VERIFIED,
PLACE_ON173007,Goderich,ON,Q115261587,Goderich,S4_TIER_ROOT_PROVINCE,low,VERIFIED,
PLACE_ON174002,"Goderich, Town—Ville",ON,Q33974,Goderich,S4_TIER_ROOT_PROVINCE,low,VERIFIED,
PLACE_ON179001,"Sarnia, Town—Ville",ON,Q34106,Sarnia,S4_TIER_ROOT_PROVINCE,low,VERIFIED,
PLACE_ON179002,Sarnia,ON,Q115262762,Sarnia,S4_TIER_ROOT_PROVINCE,low,VERIFIED,
PLACE_PE139002,Township No. 39,PE,Q3259911,Lot 39,S1_STRICT_YEAR_LINK,high,VERIFIED,
PLACE_QC002011,St. Jérôme,QC,Q112912399,Saint-Jérôme,S4_TIER_ROOT_PROVINCE,low,VERIFIED,
PLACE_QC015018,St. Jean,QC,Q3462540,Saint-Jean-de-l'Île-d'Orléans,S4_TIER_ROOT_PROVINCE,low,DEMOTED,FAR: 153 km from chain centroid
PLACE_QC021003,Hemmingford,QC,Q3130215,Hemmingford,S4_TIER_ROOT_PROVINCE,low,VERIFIED,
PLACE_QC023004,St. Cyrille,QC,Q112912036,Saint-Cyrille,S4_TIER_ROOT_PROVINCE,low,VERIFIED,
PLACE_QC023005,St. Jean,QC,Q3462540,Saint-Jean-de-l'Île-d'Orléans,S4_TIER_ROOT_PROVINCE,low,DEMOTED,FAR: 58 km from chain centroid
PLACE_QC028002,St. Martin,QC,Q3462931,Saint-Martin,S4_TIER_ROOT_PROVINCE,low,DEMOTED,FAR: 246 km from chain centroid
PLACE_QC038014,St. Laurent,QC,Q3462701,Saint-Laurent-de-l'Île-d'Orléans,S4_TIER_ROOT_PROVINCE,low,DEMOTED,FAR: 326 km from chain centroid
PLACE_QC039012,Buckingham,QC,Q63242700,Buckingham,S4_TIER_ROOT_PROVINCE,low,VERIFIED,
PLACE_QC040015,St. Joseph,QC,Q141613,Saint-Joseph-de-Beauce,S4_TIER_ROOT_PROVINCE,low,DEMOTED,FAR: 323 km from chain centroid
PLACE_QC042007,St. Ambroise,QC,Q112911857,Saint-Ambroise de la Jeune Lorette,S4_TIER_ROOT_PROVINCE,low,VERIFIED,
PLACE_QC046001,Ange-Gardien,QC,Q2849264,Ange-Gardien,S2_STRICT_MULTIHOP,high,VERIFIED,
PLACE_QC048002,Granby,QC,Q3113418,Granby,S4_TIER_ROOT_PROVINCE,low,VERIFIED,
PLACE_QC048003,St. Joseph,QC,Q141613,Saint-Joseph-de-Beauce,S4_TIER_ROOT_PROVINCE,low,VERIFIED,
PLACE_QC049004,St. Michel,QC,Q3462990,Saint-Michel-de-Bellechasse,S4_TIER_ROOT_PROVINCE,low,VERIFIED,
PLACE_QC053004_1861,Hatley,QC,Q3128315,Hatley,S4_TIER_ROOT_PROVINCE,low,VERIFIED,
PLACE_QC053005_1861,Magog,QC,Q63244235,Magog,S4_TIER_ROOT_PROVINCE,low,VERIFIED,
PLACE_QC053006,Stanstead Plains,QC,Q63244614,Stanstead,S1_STRICT_YEAR_LINK,high,VERIFIED,
PLACE_QC054012_1851,St. Elzéar,QC,Q3462113,Saint-Elzéar,S3_AMBIGUOUS_NAMED,medium,VERIFIED,
PLACE_QC056004,Magog,QC,Q63244235,Magog,S4_TIER_ROOT_PROVINCE,low,VERIFIED,
PLACE_QC056010_1861,St. Jérôme,QC,Q112912399,Saint-Jérôme,S4_TIER_ROOT_PROVINCE,low,VERIFIED,
PLACE_QC057005_1851,St. Isidore,QC,Q112912306,Saint-Isidore,S3_AMBIGUOUS_NAMED,medium,VERIFIED,
PLACE_QC059010_1851,St. Alexis,QC,Q3461722,Saint-Alexis,S4_TIER_ROOT_PROVINCE,low,VERIFIED,
PLACE_QC060005_1851,St. Michel,QC,Q3462990,Saint-Michel-de-Bellechasse,S4_TIER_ROOT_PROVINCE,low,DEMOTED,FAR: 180 km from chain centroid
PLACE_QC061003,St. Giles,QC,Q112912257,Saint-Gilles,S1_STRICT_YEAR_LINK,high,VERIFIED,
PLACE_QC061003_1881,St. Joseph,QC,Q141613,Saint-Joseph-de-Beauce,S4_TIER_ROOT_PROVINCE,low,DEMOTED,FAR: 179 km from chain centroid
PLACE_QC064001_1861,Ascot,QC,Q63242331,Ascot,S4_TIER_ROOT_PROVINCE,low,VERIFIED,
PLACE_QC065003_1851,St. Joseph,QC,Q141613,Saint-Joseph-de-Beauce,S4_TIER_ROOT_PROVINCE,low,DEMOTED,FAR: 219 km from chain centroid
PLACE_QC065005_1851,St. Laurent,QC,Q3462701,Saint-Laurent-de-l'Île-d'Orléans,S4_TIER_ROOT_PROVINCE,low,DEMOTED,FAR: 256 km from chain centroid
PLACE_QC065012_1851,St. Michel,QC,Q3462990,Saint-Michel-de-Bellechasse,S4_TIER_ROOT_PROVINCE,low,DEMOTED,FAR: 265 km from chain centroid
PLACE_QC067004,Buckingham,QC,Q63242700,Buckingham,S4_TIER_ROOT_PROVINCE,low,VERIFIED,
PLACE_QC068004_1871,St. Jean,QC,Q3462540,Saint-Jean-de-l'Île-d'Orléans,S4_TIER_ROOT_PROVINCE,low,DEMOTED,FAR: 259 km from chain centroid
PLACE_QC069003,St. Ambroise,QC,Q112911857,Saint-Ambroise de la Jeune Lorette,S4_TIER_ROOT_PROVINCE,low,VERIFIED,
PLACE_QC070003,St. Michel,QC,Q3462990,Saint-Michel-de-Bellechasse,S4_TIER_ROOT_PROVINCE,low,DEMOTED,FAR: 274 km from chain centroid
PLACE_QC070006_1851,St. Charles,QC,Q112911987,Saint-Charles,S4_TIER_ROOT_PROVINCE,low,VERIFIED,
PLACE_QC072001,Hemmingford,QC,Q3130215,Hemmingford,S1_STRICT_YEAR_LINK;S2_STRICT_MULTIHOP,high,VERIFIED,
PLACE_QC075004,Granby,QC,Q3113418,Granby,S4_TIER_ROOT_PROVINCE,low,VERIFIED,
PLACE_QC076007,Ascot,QC,Q63242331,Ascot,S4_TIER_ROOT_PROVINCE,low,VERIFIED,
PLACE_QC076012,St. Jean,QC,Q3462540,Saint-Jean-de-l'Île-d'Orléans,S4_TIER_ROOT_PROVINCE,low,DEMOTED,FAR: 152 km from chain centroid
PLACE_QC076013_1881,St. Alexis,QC,Q3461722,Saint-Alexis,S4_TIER_ROOT_PROVINCE,low,DEMOTED,FAR: 343 km from chain centroid
PLACE_QC076022_1881,St. Joseph,QC,Q141613,Saint-Joseph-de-Beauce,S4_TIER_ROOT_PROVINCE,low,DEMOTED,FAR: 256 km from chain centroid
PLACE_QC076024,St. Jérôme,QC,Q112912399,Saint-Jérôme,S4_TIER_ROOT_PROVINCE,low,DEMOTED,FAR: 335 km from chain centroid
PLACE_QC077003,Hatley,QC,Q3128315,Hatley,S4_TIER_ROOT_PROVINCE,low,VERIFIED,
PLACE_QC077006,Magog,QC,Q63244235,Magog,S4_TIER_ROOT_PROVINCE,low,VERIFIED,
PLACE_QC078009,St. Dominique,QC,Q3462095,Saint-Dominique,S4_TIER_ROOT_PROVINCE,low,VERIFIED,
PLACE_QC078011_1871,St. Tite,QC,Q112912839,Saint-Tite,S4_TIER_ROOT_PROVINCE,low,DEMOTED,FAR: 147 km from chain centroid
PLACE_QC079004,St. Jérôme,QC,Q112912399,Saint-Jérôme,S4_TIER_ROOT_PROVINCE,low,VERIFIED,
PLACE_QC079010_1851,St. François de Sales,QC,Q112912171,Saint-François-de-Sales,S4_TIER_ROOT_PROVINCE,low,DEMOTED,FAR: 315 km from chain centroid
PLACE_QC079013_1851,St. Martin,QC,Q3462931,Saint-Martin,S4_TIER_ROOT_PROVINCE,low,DEMOTED,FAR: 246 km from chain centroid
PLACE_QC080006,St. Ambroise,QC,Q112911857,Saint-Ambroise de la Jeune Lorette,S4_TIER_ROOT_PROVINCE,low,VERIFIED,
PLACE_QC080015_1851,Grenville,QC,Q63243234,Grenville,S4_TIER_ROOT_PROVINCE,low,VERIFIED,
PLACE_QC081008,St. Joseph,QC,Q141613,Saint-Joseph-de-Beauce,S4_TIER_ROOT_PROVINCE,low,DEMOTED,FAR: 271 km from chain centroid
PLACE_QC082012,St. Tite,QC,Q112912839,Saint-Tite,S4_TIER_ROOT_PROVINCE,low,VERIFIED,
PLACE_QC087010,St. Ambroise,QC,Q112911857,Saint-Ambroise de la Jeune Lorette,S4_TIER_ROOT_PROVINCE,low,DEMOTED,FAR: 190 km from chain centroid
PLACE_QC092011,St. Laurent,QC,Q3462701,Saint-Laurent-de-l'Île-d'Orléans,S4_TIER_ROOT_PROVINCE,low,DEMOTED,FAR: 256 km from chain centroid
PLACE_QC096001_1861,Grenville,QC,Q63243234,Grenville,S2_STRICT_MULTIHOP,high,VERIFIED,
PLACE_QC097001,Buckingham,QC,Q63242700,Buckingham,S4_TIER_ROOT_PROVINCE,low,VERIFIED,
PLACE_QC097003,St. Joseph,QC,Q141613,Saint-Joseph-de-Beauce,S4_TIER_ROOT_PROVINCE,low,DEMOTED,FAR: 257 km from chain centroid
PLACE_QC099009,St. Jérôme,QC,Q112912399,Saint-Jérôme,S4_TIER_ROOT_PROVINCE,low,VERIFIED,
PLACE_QC099010,"St. Jérôme, Village",QC,Q112912401,Saint-Jérôme,S4_TIER_ROOT_PROVINCE,low,DEMOTED,FAR: 336 km from chain centroid
PLACE_QC100001_1871,St. Charles,QC,Q112911987,Saint-Charles,S4_TIER_ROOT_PROVINCE,low,VERIFIED,
PLACE_QC102011_1871,St. Jean,QC,Q3462540,Saint-Jean-de-l'Île-d'Orléans,S4_TIER_ROOT_PROVINCE,low,DEMOTED,FAR: 215 km from chain centroid
PLACE_QC121003,St. Charles,QC,Q112911987,Saint-Charles,S4_TIER_ROOT_PROVINCE,low,VERIFIED,
PLACE_QC124004,St. Grégoire,QC,Q112912263,Saint-Grégoire-le-Grand,S1_STRICT_YEAR_LINK;S2_STRICT_MULTIHOP,high,VERIFIED_WARN,FAR: 116 km from chain centroid (spatial link is proof)
PLACE_QC127001,Granby,QC,Q3113418,Granby,S4_TIER_ROOT_PROVINCE,low,VERIFIED,
PLACE_QC133004,St. Tite,QC,Q112912839,Saint-Tite,S4_TIER_ROOT_PROVINCE,low,VERIFIED,
PLACE_QC134002,St. Michel,QC,Q3462990,Saint-Michel-de-Bellechasse,S4_TIER_ROOT_PROVINCE,low,DEMOTED,FAR: 181 km from chain centroid
PLACE_QC135014,St. Léonard,QC,Q3462828,Saint-Léonard-de-Portneuf,S4_TIER_ROOT_PROVINCE,low,DEMOTED,FAR: 95 km from chain centroid
PLACE_QC139006_1881,St. Martin,QC,Q3462931,Saint-Martin,S4_TIER_ROOT_PROVINCE,low,VERIFIED,
PLACE_QC139016_1891,St. Joseph,QC,Q141613,Saint-Joseph-de-Beauce,S4_TIER_ROOT_PROVINCE,low,VERIFIED,
PLACE_QC139020_1901,St. Martin,QC,Q3462931,Saint-Martin,S4_TIER_ROOT_PROVINCE,low,VERIFIED,
PLACE_QC140003,Ascot,QC,Q63242331,Ascot,S4_TIER_ROOT_PROVINCE,low,VERIFIED,
PLACE_QC141003,St. Charles,QC,Q112911987,Saint-Charles,S4_TIER_ROOT_PROVINCE,low,DEMOTED,FAR: 211 km from chain centroid
PLACE_QC141009,St. Michel,QC,Q3462990,Saint-Michel-de-Bellechasse,S4_TIER_ROOT_PROVINCE,low,VERIFIED,
PLACE_QC142004,Grenville,QC,Q63243234,Grenville,S1_STRICT_YEAR_LINK,high,VERIFIED,
PLACE_QC143003,St. Dominique,QC,Q3462095,Saint-Dominique,S4_TIER_ROOT_PROVINCE,low,VERIFIED,
PLACE_QC144003_1871,L'Ancienne Lorette,QC,Q142218,L'Ancienne-Lorette,S1_STRICT_YEAR_LINK;S2_STRICT_MULTIHOP,high,VERIFIED,
PLACE_QC144005,St. Côme de Kennebec,QC,Q112912027,Saint-Côme,S1_STRICT_YEAR_LINK,high,VERIFIED,
PLACE_QC144016,St. Joseph,QC,Q141613,Saint-Joseph-de-Beauce,S4_TIER_ROOT_PROVINCE,low,VERIFIED,
PLACE_QC144019_1911,St. Martin,QC,Q3462931,Saint-Martin,S4_TIER_ROOT_PROVINCE,low,VERIFIED,
PLACE_QC146003_1911,St. Charles Borromée,QC,Q138578038,Saint-Charles-Borromée,S1_STRICT_YEAR_LINK,high,VERIFIED,
PLACE_QC146016,Ste. Thècle,QC,Q112913114,Sainte-Thècle,S4_TIER_ROOT_PROVINCE,low,VERIFIED,
PLACE_QC146017,St. Tite,QC,Q112912839,Saint-Tite,S4_TIER_ROOT_PROVINCE,low,VERIFIED,
PLACE_QC146021,St. Tite,QC,Q112912839,Saint-Tite,S4_TIER_ROOT_PROVINCE,low,VERIFIED,
PLACE_QC147013,St. Siméon,QC,Q112912788,Saint-Siméon,S1_STRICT_YEAR_LINK;S2_STRICT_MULTIHOP,high,VERIFIED,
PLACE_QC149013,St. Alexis,QC,Q3461722,Saint-Alexis,S4_TIER_ROOT_PROVINCE,low,DEMOTED,FAR: 333 km from chain centroid
PLACE_QC149019,St. Dominique,QC,Q3462095,Saint-Dominique,S4_TIER_ROOT_PROVINCE,low,DEMOTED,FAR: 336 km from chain centroid
PLACE_QC149020_1901,St. Dominique,QC,Q3462095,Saint-Dominique,S4_TIER_ROOT_PROVINCE,low,DEMOTED,FAR: 338 km from chain centroid
PLACE_QC149022,St. François de Sales,QC,Q112912171,Saint-François-de-Sales,S4_TIER_ROOT_PROVINCE,low,VERIFIED,
PLACE_QC149024,St. Jérôme,QC,Q112912399,Saint-Jérôme,S4_TIER_ROOT_PROVINCE,low,DEMOTED,FAR: 332 km from chain centroid
PLACE_QC149025_1901,St. Jean,QC,Q3462540,Saint-Jean-de-l'Île-d'Orléans,S4_TIER_ROOT_PROVINCE,low,DEMOTED,FAR: 152 km from chain centroid
PLACE_QC149026_1901,St. Jérôme,QC,Q112912399,Saint-Jérôme,S4_TIER_ROOT_PROVINCE,low,DEMOTED,FAR: 332 km from chain centroid
PLACE_QC149027_1901,"St. Jérôme, Village",QC,Q112912401,Saint-Jérôme,S4_TIER_ROOT_PROVINCE,low,VERIFIED,
PLACE_QC149033_1901,St. Thomas d’Aquin,QC,Q112912829,Saint-Thomas-d'Aquin,S4_TIER_ROOT_PROVINCE,low,DEMOTED,FAR: 293 km from chain centroid
PLACE_QC150015_1911,Longueuil t-v,QC,Q139398,Longueuil,S3_AMBIGUOUS_NAMED,medium,VERIFIED,
PLACE_QC150023_1911,St. Bruno vl,QC,Q112911961,Saint-Bruno,S4_TIER_ROOT_PROVINCE,low,DEMOTED,FAR: 351 km from chain centroid
PLACE_QC151006,St. Eustache,QC,Q141505,Saint-Eustache,S4_TIER_ROOT_PROVINCE,low,VERIFIED,
PLACE_QC151015,St. Roch Mékinac,QC,Q3463280,Saint-Roch-de-Mékinac,S1_STRICT_YEAR_LINK,high,VERIFIED,
PLACE_QC151018,Ste. Thècle,QC,Q112913114,Sainte-Thècle,S1_STRICT_YEAR_LINK,high,VERIFIED,
PLACE_QC152001_1881,St. Anselme,QC,Q112911875,Saint-Anselme,S4_TIER_ROOT_PROVINCE,low,VERIFIED,
PLACE_QC152001_1901,St. Anselme,QC,Q112911875,Saint-Anselme,S4_TIER_ROOT_PROVINCE,low,VERIFIED,
PLACE_QC153007_1871,St. Joseph,QC,Q141613,Saint-Joseph-de-Beauce,S4_TIER_ROOT_PROVINCE,low,DEMOTED,FAR: 55 km from chain centroid
PLACE_QC153009_1911,Très-St. Sacrement,QC,Q3541256,Très-Saint-Sacrement,S1_STRICT_YEAR_LINK,high,VERIFIED,
PLACE_QC154004,Chicoutimi,QC,Q63242812,Chicoutimi,S1_STRICT_YEAR_LINK,high,VERIFIED,
PLACE_QC154007,Hébertville pr,QC,Q3144525,Hébertville,S1_STRICT_YEAR_LINK,high,VERIFIED,
PLACE_QC154026_1911,St. François de Sales,QC,Q112912171,Saint-François-de-Sales,S4_TIER_ROOT_PROVINCE,low,VERIFIED,
PLACE_QC154031,St. Joseph d'Alma pr,QC,Q141973,Alma,S1_STRICT_YEAR_LINK,high,VERIFIED,
PLACE_QC154041_1911,Roberval t-v,QC,Q141954,Roberval,S4_TIER_ROOT_PROVINCE,low,VERIFIED,
PLACE_QC154042,Bagotville vl,QC,Q2879166,Bagotville,S4_TIER_ROOT_PROVINCE,low,VERIFIED,
PLACE_QC154043,Grande Baie vl,QC,Q3114873,Grande-Baie,S4_TIER_ROOT_PROVINCE,low,VERIFIED,
PLACE_QC154044,Hébertville vl,QC,Q3144525,Hébertville,S1_STRICT_YEAR_LINK;S2_STRICT_MULTIHOP,high,VERIFIED,
PLACE_QC154048,St. Bruno vl,QC,Q112911961,Saint-Bruno,S4_TIER_ROOT_PROVINCE,low,VERIFIED,
PLACE_QC154049,St. Félicien vl,QC,Q141511,Saint-Félicien,S4_TIER_ROOT_PROVINCE,low,VERIFIED,
PLACE_QC154050_1911,St. Jérôme vl,QC,Q112912401,Saint-Jérôme,S4_TIER_ROOT_PROVINCE,low,VERIFIED,
PLACE_QC155001_1871,St. Jean,QC,Q3462540,Saint-Jean-de-l'Île-d'Orléans,S4_TIER_ROOT_PROVINCE,low,DEMOTED,FAR: 97 km from chain centroid
PLACE_QC156001,L’Annonciation,QC,Q112911481,L'Annonciation,S4_TIER_ROOT_PROVINCE,low,VERIFIED,
PLACE_QC156006_1911,St. Eustache,QC,Q141505,Saint-Eustache,S4_TIER_ROOT_PROVINCE,low,VERIFIED,
PLACE_QC156008,St. Joseph,QC,Q141613,Saint-Joseph-de-Beauce,S4_TIER_ROOT_PROVINCE,low,DEMOTED,FAR: 257 km from chain centroid
PLACE_QC157001_1911,St. Anselme,QC,Q112911875,Saint-Anselme,S4_TIER_ROOT_PROVINCE,low,VERIFIED,
PLACE_QC157017,St. Laurent,QC,Q3462701,Saint-Laurent-de-l'Île-d'Orléans,S4_TIER_ROOT_PROVINCE,low,DEMOTED,FAR: 256 km from chain centroid
PLACE_QC158004,St. Joseph,QC,Q141613,Saint-Joseph-de-Beauce,S4_TIER_ROOT_PROVINCE,low,VERIFIED,
PLACE_QC158009,St. Laurent,QC,Q3462701,Saint-Laurent-de-l'Île-d'Orléans,S4_TIER_ROOT_PROVINCE,low,DEMOTED,FAR: 256 km from chain centroid
PLACE_QC160001,St. Anselme,QC,Q112911875,Saint-Anselme,S4_TIER_ROOT_PROVINCE,low,VERIFIED,
PLACE_QC160002_1901,"Buckingham, Town—Ville",QC,Q2927470,Buckingham,S4_TIER_ROOT_PROVINCE,low,VERIFIED,
PLACE_QC160003_1901,Buckingham,QC,Q63242700,Buckingham,S4_TIER_ROOT_PROVINCE,low,VERIFIED,
PLACE_QC160009,Ste. Hélène,QC,Q112913014,Sainte-Hélène,S1_STRICT_YEAR_LINK;S2_STRICT_MULTIHOP,high,VERIFIED,
PLACE_QC162008_1911,St. Laurent,QC,Q3462701,Saint-Laurent-de-l'Île-d'Orléans,S4_TIER_ROOT_PROVINCE,low,DEMOTED,FAR: 257 km from chain centroid
PLACE_QC162011_1911,Beaconsfield t-v,QC,Q142035,Beaconsfield,S4_TIER_ROOT_PROVINCE,low,VERIFIED,
PLACE_QC162012,Dorval t-v,QC,Q141963,Dorval,S4_TIER_ROOT_PROVINCE,low,VERIFIED,
PLACE_QC162013,Lachine t-v,QC,Q1474128,Lachine,S3_AMBIGUOUS_NAMED,medium,VERIFIED,
PLACE_QC162017,Pointe Claire t-v,QC,Q142271,Pointe-Claire,S4_TIER_ROOT_PROVINCE,low,VERIFIED,
PLACE_QC162020_1911,Verdun t-v,QC,Q518076,Verdun,S4_TIER_ROOT_PROVINCE,low,VERIFIED,
PLACE_QC162025,Côte St. Luc vl,QC,Q139588,Côte Saint-Luc,S4_TIER_ROOT_PROVINCE,low,VERIFIED,
PLACE_QC162027,St. Pierre aux Liens vl,QC,Q112912712,Saint-Pierre-aux-Liens,S1_STRICT_YEAR_LINK,high,VERIFIED,
PLACE_QC162028,Senneville vl,QC,Q1001672,Senneville,S4_TIER_ROOT_PROVINCE,low,VERIFIED,
PLACE_QC163002_1901,St. Ambroise,QC,Q112911857,Saint-Ambroise de la Jeune Lorette,S4_TIER_ROOT_PROVINCE,low,DEMOTED,FAR: 190 km from chain centroid
PLACE_QC163003,St. Martin,QC,Q3462931,Saint-Martin,S4_TIER_ROOT_PROVINCE,low,DEMOTED,FAR: 244 km from chain centroid
PLACE_QC163010,St. Martin,QC,Q3462931,Saint-Martin,S4_TIER_ROOT_PROVINCE,low,DEMOTED,FAR: 244 km from chain centroid
PLACE_QC163014_1911,Joliette t-v,QC,Q141760,Joliette,S3_AMBIGUOUS_NAMED,medium,VERIFIED,
PLACE_QC164009,St. Joseph,QC,Q141613,Saint-Joseph-de-Beauce,S4_TIER_ROOT_PROVINCE,low,DEMOTED,FAR: 54 km from chain centroid
PLACE_QC165005,St. Cyrille,QC,Q112912036,Saint-Cyrille,S4_TIER_ROOT_PROVINCE,low,VERIFIED,
PLACE_QC165005_1901,St. Cyrille,QC,Q112912036,Saint-Cyrille,S4_TIER_ROOT_PROVINCE,low,VERIFIED,
PLACE_QC165008_1911,Buckingham,QC,Q63242700,Buckingham,S4_TIER_ROOT_PROVINCE,low,VERIFIED,
PLACE_QC165055,Mont Laurier vl,QC,Q142058,Mont-Laurier,S4_TIER_ROOT_PROVINCE,low,VERIFIED,
PLACE_QC168002_1871,Ste. Angèle de Mérici,QC,Q99437060,Sainte-Angèle-de-Mérici,S4_TIER_ROOT_PROVINCE,low,VERIFIED,
PLACE_QC168006,St. François de Sales,QC,Q112912171,Saint-François-de-Sales,S4_TIER_ROOT_PROVINCE,low,DEMOTED,FAR: 315 km from chain centroid
PLACE_QC168007,St. Joseph,QC,Q141613,Saint-Joseph-de-Beauce,S4_TIER_ROOT_PROVINCE,low,DEMOTED,FAR: 166 km from chain centroid
PLACE_QC168007_1871,St. Jérôme,QC,Q112912399,Saint-Jérôme,S4_TIER_ROOT_PROVINCE,low,DEMOTED,FAR: 596 km from chain centroid
PLACE_QC168008_1911,St. Martin,QC,Q3462931,Saint-Martin,S4_TIER_ROOT_PROVINCE,low,DEMOTED,FAR: 245 km from chain centroid
PLACE_QC168016_1911,Pointe-aux-Trembles t-v,QC,Q3393516,Pointe-aux-Trembles,S4_TIER_ROOT_PROVINCE,low,VERIFIED,
PLACE_QC169015,Lévis t-v,QC,Q139208,Lévis,S3_AMBIGUOUS_NAMED,medium,VERIFIED,
PLACE_QC170005,"Farnham, Town—Ville",QC,Q141743,Farnham,S3_AMBIGUOUS_NAMED,medium,VERIFIED,
PLACE_QC170010,Ste. Perpétue,QC,Q112913094,Sainte-Perpétue,S1_STRICT_YEAR_LINK,high,VERIFIED,
PLACE_QC174019,Thetford Mines t-v,QC,Q141995,Thetford Mines,S1_STRICT_YEAR_LINK,high,VERIFIED,
PLACE_QC175012,St. Léonard,QC,Q3462828,Saint-Léonard-de-Portneuf,S4_TIER_ROOT_PROVINCE,low,DEMOTED,FAR: 95 km from chain centroid
PLACE_QC176002,St. Alexis,QC,Q3461722,Saint-Alexis,S4_TIER_ROOT_PROVINCE,low,VERIFIED,
PLACE_QC176009,"Buckingham, Town—Ville",QC,Q2927470,Buckingham,S4_TIER_ROOT_PROVINCE,low,VERIFIED,
PLACE_QC176010,Buckingham,QC,Q63242700,Buckingham,S4_TIER_ROOT_PROVINCE,low,VERIFIED,
PLACE_QC176021,Labelle,QC,Q28469417,Labelle,S3_AMBIGUOUS_NAMED,medium,VERIFIED,
PLACE_QC177011,St. Thomas,QC,Q112912821,Saint-Thomas,S1_STRICT_YEAR_LINK,high,VERIFIED,
PLACE_QC177012_1911,Montmagny t-v,QC,Q141946,Montmagny,S3_AMBIGUOUS_NAMED,medium,VERIFIED,
PLACE_QC184012,St. Léonard,QC,Q3462828,Saint-Léonard-de-Portneuf,S4_TIER_ROOT_PROVINCE,low,DEMOTED,FAR: 94 km from chain centroid
PLACE_QC185004,St. Ambroise,QC,Q112911857,Saint-Ambroise de la Jeune Lorette,S4_TIER_ROOT_PROVINCE,low,VERIFIED,
PLACE_QC185005_1891,"St. Ambroise, Village",QC,Q3461746,Saint-Ambroise,S4_TIER_ROOT_PROVINCE,low,DEMOTED,FAR: 188 km from chain centroid
PLACE_QC185031,Ville-Marie vl,QC,Q141645,Ville-Marie,S4_TIER_ROOT_PROVINCE,low,VERIFIED,
PLACE_QC186020,St. Raymond-Nonnat,QC,Q137772105,Saint-Raymond,S1_STRICT_YEAR_LINK,high,VERIFIED,
PLACE_QC188003,Granby,QC,Q3113418,Granby,S4_TIER_ROOT_PROVINCE,low,VERIFIED,
PLACE_QC189002,L’Ange Gardien,QC,Q2849264,Ange-Gardien,S1_STRICT_YEAR_LINK;S2_STRICT_MULTIHOP,high,VERIFIED,
PLACE_QC190005,St. Ambroise,QC,Q112911857,Saint-Ambroise de la Jeune Lorette,S4_TIER_ROOT_PROVINCE,low,VERIFIED,
PLACE_QC190007_1891,St. Joseph,QC,Q141613,Saint-Joseph-de-Beauce,S4_TIER_ROOT_PROVINCE,low,DEMOTED,FAR: 271 km from chain centroid
PLACE_QC190017,Montmorency vl,QC,Q25395102,Montmorency,S4_TIER_ROOT_PROVINCE,low,VERIFIED,
PLACE_QC191004,"St. Jean, Town—Ville",QC,Q141977,Saint-Jean-sur-Richelieu,S4_TIER_ROOT_PROVINCE,low,VERIFIED,
PLACE_QC191006,Hatley,QC,Q3128315,Hatley,S4_TIER_ROOT_PROVINCE,low,VERIFIED,
PLACE_QC191006_1881,St. Luc,QC,Q7400713,Saint-Luc,S1_STRICT_YEAR_LINK;S2_STRICT_MULTIHOP,high,VERIFIED,
PLACE_QC191011_1911,Sorel t-v,QC,Q29386656,Sorel,S3_AMBIGUOUS_NAMED,medium,VERIFIED,
PLACE_QC192030,D'Israéli vl,QC,Q141452,Disraeli,S4_TIER_ROOT_PROVINCE,low,VERIFIED,
PLACE_QC193001,Ascot,QC,Q63242331,Ascot,S4_TIER_ROOT_PROVINCE,low,VERIFIED,
PLACE_QC193009,Ste. Angèle de Mérici,QC,Q99437060,Sainte-Angèle-de-Mérici,S4_TIER_ROOT_PROVINCE,low,VERIFIED,
PLACE_QC193028,St. Mathieu,QC,Q511005,Saint-Mathieu-de-Rioux,S1_STRICT_YEAR_LINK,high,VERIFIED,
PLACE_QC193029,St. Moïse,QC,Q106815257,Saint-Moïse,S4_TIER_ROOT_PROVINCE,low,VERIFIED,
PLACE_QC193041,St. Jérôme de Matane vl,QC,Q106815239,Saint-Jérôme,S4_TIER_ROOT_PROVINCE,low,VERIFIED,
PLACE_QC193042,St. Moïse vl,QC,Q3463019,Saint-Moïse,S4_TIER_ROOT_PROVINCE,low,VERIFIED,
PLACE_QC194009,St. Michel,QC,Q3462990,Saint-Michel-de-Bellechasse,S4_TIER_ROOT_PROVINCE,low,DEMOTED,FAR: 228 km from chain centroid
PLACE_QC195006,Hatley,QC,Q3128315,Hatley,S4_TIER_ROOT_PROVINCE,low,VERIFIED,
PLACE_QC195009,"Magog, Town—Ville",QC,Q142004,Magog,S3_AMBIGUOUS_NAMED,medium,VERIFIED,
PLACE_QC196001,St. Alexandre,QC,Q3461713,Saint-Alexandre,S1_STRICT_YEAR_LINK,high,VERIFIED,
PLACE_QC196016_1911,St. Jean t-v,QC,Q141977,Saint-Jean-sur-Richelieu,S4_TIER_ROOT_PROVINCE,low,VERIFIED,
PLACE_QC197006,St. Michel,QC,Q3462990,Saint-Michel-de-Bellechasse,S4_TIER_ROOT_PROVINCE,low,DEMOTED,FAR: 180 km from chain centroid
PLACE_QC197009,St. Jérôme,QC,Q112912399,Saint-Jérôme,S4_TIER_ROOT_PROVINCE,low,VERIFIED,
PLACE_QC198001,Ascot,QC,Q63242331,Ascot,S4_TIER_ROOT_PROVINCE,low,VERIFIED,
PLACE_QC198005_1911,Ascot t-v,QC,Q2866421,Ascot,S4_TIER_ROOT_PROVINCE,low,VERIFIED,
PLACE_QC200003,Hatley,QC,Q3128315,Hatley,S4_TIER_ROOT_PROVINCE,low,VERIFIED,
PLACE_QC200007_1911,St. Herménégilde,QC,Q3462399,Saint-Herménégilde,S4_TIER_ROOT_PROVINCE,low,VERIFIED,
PLACE_QC201008,St. Michel,QC,Q3462990,Saint-Michel-de-Bellechasse,S4_TIER_ROOT_PROVINCE,low,DEMOTED,FAR: 180 km from chain centroid
PLACE_QC202005,St. Faustin,QC,Q63244709,Wolfe,S1_STRICT_YEAR_LINK,high,VERIFIED,
PLACE_QC202020,Ste. Agathe vl,QC,Q112912885,Sainte-Agathe,S4_TIER_ROOT_PROVINCE,low,DEMOTED,FAR: 226 km from chain centroid
PLACE_QC203004,St. Boniface (Shawinigan),QC,Q112911955,Saint-Boniface,S1_STRICT_YEAR_LINK,high,VERIFIED,
PLACE_QC203013_1911,Shawinigan Falls t-v,QC,Q141980,Shawinigan,S4_TIER_ROOT_PROVINCE,low,VERIFIED,
PLACE_QC205024,Gracefield vl,QC,Q138554356,Gracefield,S4_TIER_ROOT_PROVINCE,low,VERIFIED,
PLACE_QC206011,St. Michel,QC,Q3462990,Saint-Michel-de-Bellechasse,S4_TIER_ROOT_PROVINCE,low,DEMOTED,FAR: 181 km from chain centroid
PLACE_SK207003,Alameda t-v,SK,Q704961,Alameda,S4_TIER_ROOT_PROVINCE,low,VERIFIED,
PLACE_SK207004,Arcola t-v,SK,Q573201,Arcola,S4_TIER_ROOT_PROVINCE,low,VERIFIED,
PLACE_SK207005,Carlyle t-v,SK,Q1099089,Carlyle,S4_TIER_ROOT_PROVINCE,low,VERIFIED,
PLACE_SK207006,Carnduff t-v,SK,Q1099427,Carnduff,S4_TIER_ROOT_PROVINCE,low,VERIFIED,
PLACE_SK207007,Estevan t-v,SK,Q1018271,Estevan,S4_TIER_ROOT_PROVINCE,low,VERIFIED,
PLACE_SK207008,Oxbow t-v,SK,Q1916400,Oxbow,S4_TIER_ROOT_PROVINCE,low,VERIFIED,
PLACE_SK207009,Weyburn t-v,SK,Q1904554,Weyburn,S4_TIER_ROOT_PROVINCE,low,VERIFIED,
PLACE_SK208025,Battleford t-v,SK,Q619597,Battleford,S4_TIER_ROOT_PROVINCE,low,VERIFIED,
PLACE_SK208027,North Battleford t-v,SK,Q999654,North Battleford,S4_TIER_ROOT_PROVINCE,low,VERIFIED,
PLACE_SK208028,Scott t-v,SK,Q1916940,Scott,S4_TIER_ROOT_PROVINCE,low,VERIFIED,
PLACE_SK208029,Wilkie t-v,SK,Q1917621,Wilkie,S4_TIER_ROOT_PROVINCE,low,VERIFIED,
PLACE_SK209003,Davidson t-v,SK,Q1427885,Davidson,S4_TIER_ROOT_PROVINCE,low,VERIFIED,
PLACE_SK209005,Lanigan t-v,SK,Q1805495,Lanigan,S4_TIER_ROOT_PROVINCE,low,VERIFIED,
PLACE_SK209006,Nokomis t-v,SK,Q1878805,Nokomis,S4_TIER_ROOT_PROVINCE,low,VERIFIED,
PLACE_SK209007,Watrous t-v,SK,Q1917524,Watrous,S4_TIER_ROOT_PROVINCE,low,VERIFIED,
PLACE_SK209008,Watson t-v,SK,Q1917538,Watson,S4_TIER_ROOT_PROVINCE,low,VERIFIED,
PLACE_SK210004,Yorkton t-v,SK,Q1639696,Yorkton,S4_TIER_ROOT_PROVINCE,low,VERIFIED,
PLACE_SK210005,Buchanan vl,SK,Q1999402,Buchanan,S4_TIER_ROOT_PROVINCE,low,VERIFIED,
PLACE_SK210008,Sheho vl,SK,Q2204455,Sheho,S4_TIER_ROOT_PROVINCE,low,VERIFIED,
PLACE_SK210009,Theodore vl,SK,Q2204939,Theodore,S4_TIER_ROOT_PROVINCE,low,DEMOTED,FAR: 197 km from chain centroid
PLACE_SK210010,Togo vl,SK,Q2204967,Togo,S4_TIER_ROOT_PROVINCE,low,VERIFIED,
PLACE_SK210011,Hubbard vl,SK,Q2003897,Hubbard,S4_TIER_ROOT_PROVINCE,low,VERIFIED,
PLACE_SK210012,Invermay vl,SK,Q2004069,Invermay,S4_TIER_ROOT_PROVINCE,low,VERIFIED,
PLACE_SK210013,Margo vl,SK,Q2086292,Margo,S4_TIER_ROOT_PROVINCE,low,VERIFIED,
PLACE_SK210015,Springside vl,SK,Q1917066,Springside,S4_TIER_ROOT_PROVINCE,low,VERIFIED,
PLACE_SK210016,Stornoway vl,SK,Q7620311,Stornoway,S4_TIER_ROOT_PROVINCE,low,VERIFIED,
PLACE_SK211002_1911,Moosejaw c,SK,Q1019496,Moose Jaw,S4_TIER_ROOT_PROVINCE,low,VERIFIED,
PLACE_SK211004,Kindersley t-v,SK,Q1914835,Kindersley,S4_TIER_ROOT_PROVINCE,low,VERIFIED,
PLACE_SK211005,Maple Creek t-v,SK,Q1915371,Maple Creek,S4_TIER_ROOT_PROVINCE,low,VERIFIED,
PLACE_SK211006,Swift Current t-v,SK,Q619937,Swift Current,S4_TIER_ROOT_PROVINCE,low,VERIFIED,
PLACE_SK212018_1911,Prince Albert c,SK,Q671431,Prince Albert,S4_TIER_ROOT_PROVINCE,low,VERIFIED,
PLACE_SK212019,Melfort t-v,SK,Q1904228,Melfort,S4_TIER_ROOT_PROVINCE,low,VERIFIED,
PLACE_SK213003,Broadview t-v,SK,Q855998,Broadview,S4_TIER_ROOT_PROVINCE,low,VERIFIED,
PLACE_SK213004,Fleming t-v,SK,Q1910658,Fleming,S4_TIER_ROOT_PROVINCE,low,VERIFIED,
PLACE_SK213005,Francis t-v,SK,Q1910937,Francis,S4_TIER_ROOT_PROVINCE,low,VERIFIED,
PLACE_SK213006,Indian Head t-v,SK,Q1911671,Indian Head,S4_TIER_ROOT_PROVINCE,low,VERIFIED,
PLACE_SK213007_1911,Moosomin t-v,SK,Q1893562,Moosomin,S4_TIER_ROOT_PROVINCE,low,VERIFIED,
PLACE_SK213008,Qu'Appelle t-v,SK,Q1916627,Qu'Appelle,S4_TIER_ROOT_PROVINCE,low,VERIFIED,
PLACE_SK213009,Sintaluta t-v,SK,Q1916992,Sintaluta,S4_TIER_ROOT_PROVINCE,low,VERIFIED,
PLACE_SK213010,Wapella t-v,SK,Q1917505,Wapella,S4_TIER_ROOT_PROVINCE,low,VERIFIED,
PLACE_SK213011,Whitewood t-v,SK,Q1917595,Whitewood,S4_TIER_ROOT_PROVINCE,low,VERIFIED,
PLACE_SK213012,Wolseley t-v,SK,Q1917681,Wolseley,S4_TIER_ROOT_PROVINCE,low,VERIFIED,
PLACE_SK214003,Regina c,SK,Q2123,Regina,S4_TIER_ROOT_PROVINCE,low,VERIFIED,
PLACE_SK214004,Balgonie t-v,SK,Q1909256,Balgonie,S4_TIER_ROOT_PROVINCE,low,VERIFIED,
PLACE_SK214005,Craik t-v,SK,Q1381546,Craik,S4_TIER_ROOT_PROVINCE,low,VERIFIED,
PLACE_SK214006,Lumsden t-v,SK,Q1915278,Lumsden,S4_TIER_ROOT_PROVINCE,low,VERIFIED,
PLACE_SK214007,Milestone t-v,SK,Q1915440,Milestone,S4_TIER_ROOT_PROVINCE,low,VERIFIED,
PLACE_SK214008,Rouleau t-v,SK,Q1916905,Rouleau,S4_TIER_ROOT_PROVINCE,low,VERIFIED,
PLACE_SK214010,Yellow Grass t-v,SK,Q1917717,Yellow Grass,S4_TIER_ROOT_PROVINCE,low,VERIFIED,
PLACE_SK215004,Lemberg t-v,SK,Q1909185,Lemberg,S4_TIER_ROOT_PROVINCE,low,VERIFIED,
PLACE_SK215005,Melville t-v,SK,Q605427,Melville,S4_TIER_ROOT_PROVINCE,low,VERIFIED,
PLACE_SK215006,Saltcoats t-v,SK,Q1916924,Saltcoats,S4_TIER_ROOT_PROVINCE,low,VERIFIED,
PLACE_SK216003_1911,Saskatoon c,SK,Q10566,Saskatoon,S4_TIER_ROOT_PROVINCE,low,VERIFIED,
PLACE_SK216004,Hanley t-v,SK,Q1911299,Hanley,S4_TIER_ROOT_PROVINCE,low,VERIFIED,
PLACE_SK216005,Langham t-v,SK,Q1915082,Langham,S4_TIER_ROOT_PROVINCE,low,VERIFIED,
PLACE_SK216006,Outlook t-v,SK,Q1916369,Outlook,S4_TIER_ROOT_PROVINCE,low,VERIFIED,
PLACE_SK216007,Rosthern t-v,SK,Q1916887,Rosthern,S4_TIER_ROOT_PROVINCE,low,VERIFIED,
PLACE_SK216008,Vonda t-v,SK,Q1917423,Vonda,S4_TIER_ROOT_PROVINCE,low,VERIFIED,
