lineage_type,:START_ID,:END_ID,change_year:int,:TYPE
SPLIT_FROM,CD_NT_The_Territories,CD_ON_Nipissing,1861,SPLIT_FROM
SPLIT_FROM,CD_NT_The_Territories,CD_ON_Algoma,1861,SPLIT_FROM
MERGED_INTO,CD_ON_Addington,CD_ON_Lennox_and_Addington,1861,MERGED_INTO
MERGED_INTO,CD_ON_Bytown,CD_ON_Ottawa,1861,MERGED_INTO
MERGED_INTO,CD_ON_Kingston_City,CD_ON_Kingston,1861,MERGED_INTO
MERGED_INTO,CD_ON_Lennox,CD_ON_Lennox_and_Addington,1861,MERGED_INTO
MERGED_INTO,CD_ON_Peterboro,CD_ON_Peterborough,1861,MERGED_INTO
MERGED_INTO,CD_ON_Toronto_City,CD_ON_Toronto,1861,MERGED_INTO
SPLIT_FROM,CD_QC_Beauharnois,CD_QC_Huntingdon,1861,SPLIT_FROM
SPLIT_FROM,CD_QC_Berthier,CD_QC_Joliette,1861,SPLIT_FROM
SPLIT_FROM,CD_QC_Dorchester,CD_QC_Lévis,1861,SPLIT_FROM
SPLIT_FROM,CD_QC_Huntingdon,CD_QC_Napierville,1861,SPLIT_FROM
SPLIT_FROM,CD_QC_Huntingdon,CD_QC_Laprairie,1861,SPLIT_FROM
SPLIT_FROM,CD_QC_Leinster,CD_QC_L'Assomption,1861,SPLIT_FROM
SPLIT_FROM,CD_QC_Leinster,CD_QC_Montcalm,1861,SPLIT_FROM
SPLIT_FROM,CD_QC_Montréal,CD_QC_Hochelaga,1861,SPLIT_FROM
SPLIT_FROM,CD_QC_Outaouais,CD_QC_Pontiac,1861,SPLIT_FROM
SPLIT_FROM,CD_QC_Rimouski,CD_QC_Temiscouata,1861,SPLIT_FROM
SPLIT_FROM,CD_QC_Rouville,CD_QC_Iberville,1861,SPLIT_FROM
SPLIT_FROM,CD_QC_Saguenay,CD_QC_Chicoutimi,1861,SPLIT_FROM
SPLIT_FROM,CD_QC_Saguenay,CD_QC_Charlevoix,1861,SPLIT_FROM
SPLIT_FROM,CD_QC_Sherbrooke,CD_QC_Sherbrooke_1861,1861,SPLIT_FROM
SPLIT_FROM,CD_QC_Sherbrooke,CD_QC_Compton,1861,SPLIT_FROM
SPLIT_FROM,CD_QC_Sherbrooke,CD_QC_Richmond,1861,SPLIT_FROM
SPLIT_FROM,CD_QC_St._Maurice,CD_QC_City_of_Three_Rivers,1861,SPLIT_FROM
SPLIT_FROM,CD_QC_St._Maurice,CD_QC_Maskinongé,1861,SPLIT_FROM
SPLIT_FROM,CD_QC_Terrebonne,CD_QC_Laval,1861,SPLIT_FROM
SPLIT_FROM,CD_QC_Deux-Montagnes,CD_QC_Argenteuil,1861,SPLIT_FROM
SPLIT_FROM,CD_QC_Vaudreuil,CD_QC_Soulanges,1861,SPLIT_FROM
SPLIT_FROM,CD_NT_The_Territories,CD_ON_Peterborough,1861,SPLIT_FROM
SPLIT_FROM,CD_NT_The_Territories,CD_ON_Renfrew,1861,SPLIT_FROM
SPLIT_FROM,CD_NT_The_Territories,CD_ON_Victoria,1861,SPLIT_FROM
SPLIT_FROM,CD_QC_Beauharnois,CD_QC_Chateauguay,1861,SPLIT_FROM
SPLIT_FROM,CD_QC_Dorchester,CD_QC_Beauce,1861,SPLIT_FROM
SPLIT_FROM,CD_QC_Drummond,CD_QC_Arthabaska,1861,SPLIT_FROM
SPLIT_FROM,CD_QC_Huntingdon,CD_QC_St._Jean,1861,SPLIT_FROM
SPLIT_FROM,CD_QC_L'Islet,CD_QC_Montmagny,1861,SPLIT_FROM
SPLIT_FROM,CD_QC_Montréal,CD_QC_Jacques_Cartier,1861,SPLIT_FROM
SPLIT_FROM,CD_QC_Richelieu,CD_QC_St._Hyacinthe,1861,SPLIT_FROM
SPLIT_FROM,CD_QC_Sherbrooke,CD_QC_Wolfe,1861,SPLIT_FROM
SPLIT_FROM,CD_QC_St._Hyacinthe,CD_QC_Bagot,1861,SPLIT_FROM
SPLIT_FROM,CD_NB_New_Brunswick,CD_NB_Charlotte,1871,SPLIT_FROM
SPLIT_FROM,CD_NB_New_Brunswick,CD_NB_St._John,1871,SPLIT_FROM
SPLIT_FROM,CD_NB_New_Brunswick,CD_NB_King's,1871,SPLIT_FROM
SPLIT_FROM,CD_NB_New_Brunswick,CD_NB_Sunbury,1871,SPLIT_FROM
SPLIT_FROM,CD_NB_New_Brunswick,CD_NB_Queen's,1871,SPLIT_FROM
SPLIT_FROM,CD_NB_New_Brunswick,CD_NB_York,1871,SPLIT_FROM
SPLIT_FROM,CD_NB_New_Brunswick,CD_NB_Albert,1871,SPLIT_FROM
SPLIT_FROM,CD_NB_New_Brunswick,CD_NB_Westmorland,1871,SPLIT_FROM
SPLIT_FROM,CD_NB_New_Brunswick,CD_NB_Carleton,1871,SPLIT_FROM
SPLIT_FROM,CD_NB_New_Brunswick,CD_NB_Victoria,1871,SPLIT_FROM
SPLIT_FROM,CD_NB_New_Brunswick,CD_NB_Kent,1871,SPLIT_FROM
SPLIT_FROM,CD_NB_New_Brunswick,CD_NB_Northumberland,1871,SPLIT_FROM
SPLIT_FROM,CD_NB_New_Brunswick,CD_NB_Gloucester,1871,SPLIT_FROM
SPLIT_FROM,CD_NB_New_Brunswick,CD_NB_Restigouche,1871,SPLIT_FROM
SPLIT_FROM,CD_NS_Nova_Scotia,CD_NS_Yarmouth,1871,SPLIT_FROM
SPLIT_FROM,CD_NS_Nova_Scotia,CD_NS_Shelburne,1871,SPLIT_FROM
SPLIT_FROM,CD_NS_Nova_Scotia,CD_NS_Digby,1871,SPLIT_FROM
SPLIT_FROM,CD_NS_Nova_Scotia,CD_NS_Queens,1871,SPLIT_FROM
SPLIT_FROM,CD_NS_Nova_Scotia,CD_NS_Annapolis,1871,SPLIT_FROM
SPLIT_FROM,CD_NS_Nova_Scotia,CD_NS_Lunenburg,1871,SPLIT_FROM
SPLIT_FROM,CD_NS_Nova_Scotia,CD_NS_Kings,1871,SPLIT_FROM
SPLIT_FROM,CD_NS_Nova_Scotia,CD_NS_Halifax_West,1871,SPLIT_FROM
SPLIT_FROM,CD_NS_Nova_Scotia,CD_NS_Hants,1871,SPLIT_FROM
SPLIT_FROM,CD_NS_Nova_Scotia,CD_NS_Halifax_East,1871,SPLIT_FROM
SPLIT_FROM,CD_NS_Nova_Scotia,CD_NS_Cumberland,1871,SPLIT_FROM
SPLIT_FROM,CD_NS_Nova_Scotia,CD_NS_Colchester,1871,SPLIT_FROM
SPLIT_FROM,CD_NS_Nova_Scotia,CD_NS_Pictou,1871,SPLIT_FROM
SPLIT_FROM,CD_NS_Nova_Scotia,CD_NS_Guysborough,1871,SPLIT_FROM
SPLIT_FROM,CD_NS_Nova_Scotia,CD_NS_Antigonish,1871,SPLIT_FROM
SPLIT_FROM,CD_NS_Nova_Scotia,CD_NS_Richmond,1871,SPLIT_FROM
SPLIT_FROM,CD_NS_Nova_Scotia,CD_NS_Cape_Breton,1871,SPLIT_FROM
SPLIT_FROM,CD_NS_Nova_Scotia,CD_NS_Inverness,1871,SPLIT_FROM
SPLIT_FROM,CD_NS_Nova_Scotia,CD_NS_Victoria,1871,SPLIT_FROM
SPLIT_FROM,CD_NT_The_Territories,CD_MB_Manitoba,1871,SPLIT_FROM
SPLIT_FROM,CD_NT_The_Territories,CD_BC_British_Colombia,1871,SPLIT_FROM
SPLIT_FROM,CD_ON_Algoma,CD_ON_Manitoulin,1871,SPLIT_FROM
SPLIT_FROM,CD_ON_Algoma,CD_ON_Algoma_Centre,1871,SPLIT_FROM
SPLIT_FROM,CD_ON_Algoma,CD_ON_Algoma_East,1871,SPLIT_FROM
SPLIT_FROM,CD_ON_Algoma,CD_ON_Algoma_West,1871,SPLIT_FROM
SPLIT_FROM,CD_ON_Bruce,CD_ON_Bruce_South,1871,SPLIT_FROM
SPLIT_FROM,CD_ON_Bruce,CD_ON_Bruce_North,1871,SPLIT_FROM
SPLIT_FROM,CD_ON_Durham,CD_ON_Durham_West,1871,SPLIT_FROM
SPLIT_FROM,CD_ON_Durham,CD_ON_Durham_East,1871,SPLIT_FROM
SPLIT_FROM,CD_ON_Elgin,CD_ON_Elgin_West,1871,SPLIT_FROM
SPLIT_FROM,CD_ON_Elgin,CD_ON_Elgin_East,1871,SPLIT_FROM
SPLIT_FROM,CD_ON_Grenville,CD_ON_Grenville_South,1871,SPLIT_FROM
SPLIT_FROM,CD_ON_Grey,CD_ON_Grey_South,1871,SPLIT_FROM
SPLIT_FROM,CD_ON_Grey,CD_ON_Grey_North,1871,SPLIT_FROM
SPLIT_FROM,CD_ON_Hastings,CD_ON_Hastings_West,1871,SPLIT_FROM
SPLIT_FROM,CD_ON_Hastings,CD_ON_Hastings_East,1871,SPLIT_FROM
SPLIT_FROM,CD_ON_Hastings,CD_ON_Hastings_North,1871,SPLIT_FROM
SPLIT_FROM,CD_ON_Huron,CD_ON_Huron_South,1871,SPLIT_FROM
SPLIT_FROM,CD_ON_Huron,CD_ON_Huron_North,1871,SPLIT_FROM
SPLIT_FROM,CD_ON_Lanark,CD_ON_Lanark_South,1871,SPLIT_FROM
SPLIT_FROM,CD_ON_Lanark,CD_ON_Lanark_North,1871,SPLIT_FROM
SPLIT_FROM,CD_ON_Leeds,CD_ON_Brockville,1871,SPLIT_FROM
SPLIT_FROM,CD_ON_Lennox_and_Addington,CD_ON_Lennox_1871,1871,SPLIT_FROM
SPLIT_FROM,CD_ON_Lincoln,CD_ON_Niagara,1871,SPLIT_FROM
SPLIT_FROM,CD_ON_Middlesex,CD_ON_Middlesex_West,1871,SPLIT_FROM
SPLIT_FROM,CD_ON_Middlesex,CD_ON_Middlesex_East,1871,SPLIT_FROM
SPLIT_FROM,CD_ON_Nipissing,CD_ON_Nipissing_South,1871,SPLIT_FROM
SPLIT_FROM,CD_ON_Nipissing,CD_ON_Parry_Sound,1871,SPLIT_FROM
SPLIT_FROM,CD_ON_Nipissing,CD_ON_Nipissing_North,1871,SPLIT_FROM
SPLIT_FROM,CD_ON_Norfolk,CD_ON_Norfolk_South,1871,SPLIT_FROM
SPLIT_FROM,CD_ON_Norfolk,CD_ON_Norfolk_North,1871,SPLIT_FROM
SPLIT_FROM,CD_ON_Northumberland,CD_ON_Northumberland_West,1871,SPLIT_FROM
SPLIT_FROM,CD_ON_Northumberland,CD_ON_Northumberland_East,1871,SPLIT_FROM
SPLIT_FROM,CD_ON_Ontario,CD_ON_Ontario_South,1871,SPLIT_FROM
SPLIT_FROM,CD_ON_Ontario,CD_ON_Ontario_North,1871,SPLIT_FROM
SPLIT_FROM,CD_ON_Ottawa,CD_ON_Ottawa_City,1871,SPLIT_FROM
SPLIT_FROM,CD_ON_Oxford,CD_ON_Oxford_South,1871,SPLIT_FROM
SPLIT_FROM,CD_ON_Oxford,CD_ON_Oxford_North,1871,SPLIT_FROM
SPLIT_FROM,CD_ON_Perth,CD_ON_Perth_South,1871,SPLIT_FROM
SPLIT_FROM,CD_ON_Perth,CD_ON_Perth_North,1871,SPLIT_FROM
MERGED_INTO,CD_ON_Renfrew,CD_ON_Renfrew_South,1871,MERGED_INTO
SPLIT_FROM,CD_ON_Renfrew,CD_ON_Renfrew_South,1871,SPLIT_FROM
SPLIT_FROM,CD_ON_Simcoe,CD_ON_Simcoe_South,1871,SPLIT_FROM
SPLIT_FROM,CD_ON_Simcoe,CD_ON_Simcoe_North,1871,SPLIT_FROM
SPLIT_FROM,CD_ON_Stormont,CD_ON_Cornwall,1871,SPLIT_FROM
SPLIT_FROM,CD_ON_Toronto,CD_ON_Toronto_West,1871,SPLIT_FROM
SPLIT_FROM,CD_ON_Toronto,CD_ON_Toronto_East,1871,SPLIT_FROM
SPLIT_FROM,CD_ON_Victoria,CD_ON_Victoria_North,1871,SPLIT_FROM
SPLIT_FROM,CD_ON_Waterloo,CD_ON_Waterloo_South,1871,SPLIT_FROM
SPLIT_FROM,CD_ON_Waterloo,CD_ON_Waterloo_North,1871,SPLIT_FROM
SPLIT_FROM,CD_ON_Wellington,CD_ON_Wellington_South,1871,SPLIT_FROM
SPLIT_FROM,CD_ON_Wellington,CD_ON_Wellington_Centre,1871,SPLIT_FROM
SPLIT_FROM,CD_ON_Wellington,CD_ON_Wellington_North,1871,SPLIT_FROM
SPLIT_FROM,CD_ON_Wentworth,CD_ON_Wentworth_North,1871,SPLIT_FROM
SPLIT_FROM,CD_ON_Wentworth,CD_ON_Wentworth_South,1871,SPLIT_FROM
SPLIT_FROM,CD_ON_York,CD_ON_York_West,1871,SPLIT_FROM
SPLIT_FROM,CD_ON_York,CD_ON_York_East,1871,SPLIT_FROM
SPLIT_FROM,CD_ON_York,CD_ON_York_North,1871,SPLIT_FROM
SPLIT_FROM,CD_PE_Prince_Edward_Island,CD_PE_Queen's,1871,SPLIT_FROM
SPLIT_FROM,CD_PE_Prince_Edward_Island,CD_PE_Prince,1871,SPLIT_FROM
SPLIT_FROM,CD_PE_Prince_Edward_Island,CD_PE_King's,1871,SPLIT_FROM
SPLIT_FROM,CD_QC_Beauce,CD_QC_Beauce_East,1871,SPLIT_FROM
SPLIT_FROM,CD_QC_Bellechasse,CD_QC_Bellechasse_South,1871,SPLIT_FROM
SPLIT_FROM,CD_QC_Bellechasse,CD_QC_Bellechasse_North,1871,SPLIT_FROM
SPLIT_FROM,CD_QC_Champlain,CD_QC_Champlain_South,1871,SPLIT_FROM
SPLIT_FROM,CD_QC_Champlain,CD_QC_Champlain_North,1871,SPLIT_FROM
SPLIT_FROM,CD_QC_City_of_Montreal,CD_QC_Montreal_West,1871,SPLIT_FROM
SPLIT_FROM,CD_QC_City_of_Montreal,CD_QC_Montreal_Centre,1871,SPLIT_FROM
SPLIT_FROM,CD_QC_City_of_Montreal,CD_QC_Montreal_East,1871,SPLIT_FROM
MERGED_INTO,CD_QC_City_of_Three_Rivers,CD_QC_Trois-Rivières,1871,MERGED_INTO
SPLIT_FROM,CD_QC_Dorchester,CD_QC_Dorchester_West,1871,SPLIT_FROM
SPLIT_FROM,CD_QC_Dorchester,CD_QC_Dorchester_East,1871,SPLIT_FROM
SPLIT_FROM,CD_QC_Gaspé,CD_QC_Isles_de_la_Magdeleine,1871,SPLIT_FROM
SPLIT_FROM,CD_QC_Gaspé,CD_QC_Gaspé_South,1871,SPLIT_FROM
SPLIT_FROM,CD_QC_Gaspé,CD_QC_Gaspé_West,1871,SPLIT_FROM
SPLIT_FROM,CD_QC_Gaspé,CD_QC_Gaspé_Centre,1871,SPLIT_FROM
SPLIT_FROM,CD_QC_Huntingdon,CD_QC_Huntingdon_West,1871,SPLIT_FROM
SPLIT_FROM,CD_QC_Huntingdon,CD_QC_Huntingdon_East,1871,SPLIT_FROM
SPLIT_FROM,CD_QC_Lévis,CD_QC_Lévis_(Comté),1871,SPLIT_FROM
SPLIT_FROM,CD_QC_Lévis,CD_QC_Lévis_(Ville),1871,SPLIT_FROM
SPLIT_FROM,CD_QC_Outaouais,CD_QC_Ottaoua_East,1871,SPLIT_FROM
SPLIT_FROM,CD_QC_Outaouais,CD_QC_Ottaoua_Centre,1871,SPLIT_FROM
SPLIT_FROM,CD_QC_Pontiac,CD_QC_Pontiac_South,1871,SPLIT_FROM
SPLIT_FROM,CD_QC_Pontiac,CD_QC_Pontiac_North,1871,SPLIT_FROM
SPLIT_FROM,CD_QC_Quebec_County,CD_QC_Quebec_East,1871,SPLIT_FROM
SPLIT_FROM,CD_QC_Rimouski,CD_QC_Rimouski_West,1871,SPLIT_FROM
SPLIT_FROM,CD_QC_Rimouski,CD_QC_Rimouski_East,1871,SPLIT_FROM
SPLIT_FROM,CD_QC_Saguenay,CD_QC_Labrador,1871,SPLIT_FROM
SPLIT_FROM,CD_QC_St._Maurice,CD_QC_Saint_Maurice_South,1871,SPLIT_FROM
MERGED_INTO,CD_QC_St._Maurice,CD_QC_Saint_Maurice_North,1871,MERGED_INTO
MERGED_INTO,CD_ON_Brant_1861,"CD_ON_Brant,_South_or_West—Sud_ou_West",1871,MERGED_INTO
SPLIT_FROM,CD_ON_Brant_1861_1861,"CD_ON_Brant,_South_or_West—Sud_ou_West",1871,SPLIT_FROM
SPLIT_FROM,CD_ON_Brant_1861_1861,"CD_ON_Brant,_North_or_East—Nord_ou_East",1871,SPLIT_FROM
MERGED_INTO,CD_ON_Frontenac,CD_ON_Addington_1871,1871,MERGED_INTO
SPLIT_FROM,CD_ON_Grenville,CD_ON_Leeds_&_Grenville_North,1871,SPLIT_FROM
SPLIT_FROM,CD_ON_Kent,CD_ON_Kent_1871,1871,SPLIT_FROM
SPLIT_FROM,CD_ON_Kent,CD_ON_Bothwell,1871,SPLIT_FROM
SPLIT_FROM,CD_ON_Leeds,CD_ON_Leeds_South,1871,SPLIT_FROM
MERGED_INTO,CD_ON_Lennox_and_Addington,CD_ON_Addington_1871,1871,MERGED_INTO
SPLIT_FROM,CD_ON_Middlesex,CD_ON_Middlesex_North,1871,SPLIT_FROM
SPLIT_FROM,CD_ON_Peel,CD_ON_Cardwell,1871,SPLIT_FROM
SPLIT_FROM,CD_ON_Peterborough,CD_ON_Peterborough_West,1871,SPLIT_FROM
MERGED_INTO,CD_ON_Peterborough,CD_ON_Peterborough_East,1871,MERGED_INTO
SPLIT_FROM,CD_ON_Renfrew,CD_ON_Renfrew_North,1871,SPLIT_FROM
SPLIT_FROM,CD_ON_Simcoe,CD_ON_Muskoka,1871,SPLIT_FROM
SPLIT_FROM,CD_ON_Victoria,CD_ON_Victoria_South,1871,SPLIT_FROM
SPLIT_FROM,CD_QC_Beauce,CD_QC_Beauce_West,1871,SPLIT_FROM
SPLIT_FROM,CD_QC_City_of_Quebec,CD_QC_Quebec_West,1871,SPLIT_FROM
MERGED_INTO,CD_QC_Mégantic_1861,CD_QC_Beauce_West,1871,MERGED_INTO
SPLIT_FROM,CD_QC_Outaouais,CD_QC_Ottawa_West,1871,SPLIT_FROM
SPLIT_FROM,CD_QC_Quebec_County,CD_QC_Quebec_Centre,1871,SPLIT_FROM
SPLIT_FROM,CD_QC_St._Maurice,CD_QC_Trois-Rivières,1871,SPLIT_FROM
SPLIT_FROM,CD_BC_British_Colombia,CD_BC_Yale,1881,SPLIT_FROM
SPLIT_FROM,CD_BC_British_Colombia,CD_BC_Victoria,1881,SPLIT_FROM
SPLIT_FROM,CD_BC_British_Colombia,CD_BC_Vancouver,1881,SPLIT_FROM
SPLIT_FROM,CD_BC_British_Colombia,CD_BC_Cariboo,1881,SPLIT_FROM
SPLIT_FROM,CD_BC_British_Colombia,CD_BC_New_Westminster,1881,SPLIT_FROM
SPLIT_FROM,CD_MB_Manitoba,CD_MB_Provencher,1881,SPLIT_FROM
SPLIT_FROM,CD_MB_Manitoba,CD_MB_Provencher_1881,1881,SPLIT_FROM
SPLIT_FROM,CD_MB_Manitoba,CD_MB_Selkirk,1881,SPLIT_FROM
SPLIT_FROM,CD_MB_Manitoba,CD_MB_Marquette,1881,SPLIT_FROM
SPLIT_FROM,CD_MB_Manitoba,CD_MB_Lisgar,1881,SPLIT_FROM
SPLIT_FROM,CD_NB_St._John,CD_NB_St._John_City,1881,SPLIT_FROM
MERGED_INTO,CD_NS_Halifax_East,CD_NS_Halifax_City,1881,MERGED_INTO
MERGED_INTO,CD_NS_Halifax_West,CD_NS_Halifax_City,1881,MERGED_INTO
SPLIT_FROM,CD_NS_Halifax_West,CD_NS_Halifax_City,1881,SPLIT_FROM
MERGED_INTO,CD_ON_Algoma_Centre,CD_ON_Algoma,1881,MERGED_INTO
MERGED_INTO,CD_ON_Algoma_East,CD_ON_Algoma,1881,MERGED_INTO
MERGED_INTO,CD_ON_Algoma_West,CD_ON_Algoma,1881,MERGED_INTO
SPLIT_FROM,"CD_ON_Brant,_North_or_East—Nord_ou_East",CD_ON_Brant_North,1881,SPLIT_FROM
MERGED_INTO,"CD_ON_Brant,_South_or_West—Sud_ou_West",CD_ON_Brant_South,1881,MERGED_INTO
MERGED_INTO,CD_ON_Hamilton,CD_ON_Hamilton_City,1881,MERGED_INTO
SPLIT_FROM,CD_ON_Kingston,CD_ON_Kingston_City_1881,1881,SPLIT_FROM
SPLIT_FROM,CD_ON_Kingston,CD_ON_Kingston_City_1881_1901,1881,SPLIT_FROM
MERGED_INTO,CD_ON_Manitoulin,CD_ON_Algoma,1881,MERGED_INTO
MERGED_INTO,CD_ON_Toronto_East,CD_ON_Toronto_City_1881,1881,MERGED_INTO
MERGED_INTO,CD_ON_Toronto_West,CD_ON_Toronto_City_1881,1881,MERGED_INTO
MERGED_INTO,CD_QC_Arthabaska,CD_QC_Drummond_&_Arthabaska,1881,MERGED_INTO
MERGED_INTO,CD_QC_Beauce_East,CD_QC_Beauce,1881,MERGED_INTO
MERGED_INTO,CD_QC_Beauce_West,CD_QC_Beauce,1881,MERGED_INTO
MERGED_INTO,CD_QC_Bellechasse_North,CD_QC_Bellechasse,1881,MERGED_INTO
MERGED_INTO,CD_QC_Champlain_North,CD_QC_Champlain,1881,MERGED_INTO
MERGED_INTO,CD_QC_Champlain_South,CD_QC_Champlain,1881,MERGED_INTO
MERGED_INTO,CD_QC_Chicoutimi,CD_QC_Chicoutimi_&_Saguenay,1881,MERGED_INTO
MERGED_INTO,CD_QC_Dorchester_East,CD_QC_Dorchester,1881,MERGED_INTO
MERGED_INTO,CD_QC_Dorchester_West,CD_QC_Dorchester,1881,MERGED_INTO
MERGED_INTO,CD_QC_Drummond,CD_QC_Drummond_&_Arthabaska,1881,MERGED_INTO
MERGED_INTO,CD_QC_Gaspé_Centre,CD_QC_Gaspé,1881,MERGED_INTO
MERGED_INTO,CD_QC_Gaspé_West,CD_QC_Gaspé,1881,MERGED_INTO
MERGED_INTO,CD_QC_Gaspé_South,CD_QC_Gaspé,1881,MERGED_INTO
MERGED_INTO,CD_QC_Huntingdon_East,CD_QC_Huntingdon,1881,MERGED_INTO
MERGED_INTO,CD_QC_Huntingdon_West,CD_QC_Huntingdon,1881,MERGED_INTO
MERGED_INTO,CD_QC_Isles_de_la_Magdeleine,CD_QC_Gaspé,1881,MERGED_INTO
MERGED_INTO,CD_QC_Labrador,CD_QC_Chicoutimi_&_Saguenay,1881,MERGED_INTO
MERGED_INTO,CD_QC_Lévis_(Comté),CD_QC_Lévis,1881,MERGED_INTO
MERGED_INTO,CD_QC_Lévis_(Ville),CD_QC_Lévis,1881,MERGED_INTO
MERGED_INTO,CD_QC_Montreal_Centre,CD_QC_Montréal_1881,1881,MERGED_INTO
MERGED_INTO,CD_QC_Montreal_East,CD_QC_Montréal_1881,1881,MERGED_INTO
MERGED_INTO,CD_QC_Montreal_West,CD_QC_Montréal_1881,1881,MERGED_INTO
MERGED_INTO,CD_QC_Pontiac_North,CD_QC_Pontiac,1881,MERGED_INTO
MERGED_INTO,CD_QC_Pontiac_South,CD_QC_Pontiac,1881,MERGED_INTO
MERGED_INTO,CD_QC_Quebec_Centre,CD_QC_Quebec_City,1881,MERGED_INTO
MERGED_INTO,CD_QC_Quebec_East,CD_QC_Quebec_City,1881,MERGED_INTO
MERGED_INTO,CD_QC_Quebec_West,CD_QC_Quebec_City,1881,MERGED_INTO
MERGED_INTO,CD_QC_Richmond,CD_QC_Richmond_&_Wolfe,1881,MERGED_INTO
MERGED_INTO,CD_QC_Rimouski_East,CD_QC_Rimouski,1881,MERGED_INTO
MERGED_INTO,CD_QC_Rimouski_West,CD_QC_Rimouski,1881,MERGED_INTO
MERGED_INTO,CD_QC_Saguenay,CD_QC_Chicoutimi_&_Saguenay,1881,MERGED_INTO
MERGED_INTO,CD_QC_Wolfe,CD_QC_Richmond_&_Wolfe,1881,MERGED_INTO
MERGED_INTO,CD_MB_Manitoba,CD_MB_Extension,1881,MERGED_INTO
SPLIT_FROM,CD_NT_The_Territories,CD_ON_Algoma,1881,SPLIT_FROM
SPLIT_FROM,CD_ON_Grey_South,CD_ON_Grey_East,1881,SPLIT_FROM
SPLIT_FROM,CD_ON_Huron_North,CD_ON_Huron_Centre,1881,SPLIT_FROM
MERGED_INTO,CD_ON_Nipissing_North,CD_ON_Algoma,1881,MERGED_INTO
MERGED_INTO,CD_ON_Nipissing_South,CD_ON_Algoma,1881,MERGED_INTO
MERGED_INTO,CD_ON_Parry_Sound,CD_ON_Muskoka,1881,MERGED_INTO
SPLIT_FROM,CD_ON_Wellington_Centre,CD_ON_Wellington_Centre_1881,1881,SPLIT_FROM
SPLIT_FROM,CD_ON_Wellington_Centre,CD_ON_Wellington_South,1881,SPLIT_FROM
MERGED_INTO,CD_QC_Bellechasse_South,CD_QC_Bellechasse,1881,MERGED_INTO
MERGED_INTO,CD_QC_Ottaoua_East,CD_QC_Ottawa_County,1881,MERGED_INTO
SPLIT_FROM,CD_QC_Saint_Maurice_North,CD_QC_Champlain,1881,SPLIT_FROM
SPLIT_FROM,CD_QC_Saint_Maurice_North,CD_QC_Trois-Rivières_&_St._Maurice,1881,SPLIT_FROM
MERGED_INTO,CD_QC_Saint_Maurice_South,CD_QC_Trois-Rivières_&_St._Maurice,1881,MERGED_INTO
SPLIT_FROM,CD_MB_Selkirk,CD_MB_Winnipeg_City,1891,SPLIT_FROM
MERGED_INTO,CD_NB_St._John_City,CD_NB_St._John,1891,MERGED_INTO
SPLIT_FROM,CD_NT_The_Territories,CD_NL_Labrador,1891,SPLIT_FROM
SPLIT_FROM,CD_NT_The_Territories,CD_NT_Assiniboia_East,1891,SPLIT_FROM
SPLIT_FROM,CD_NT_The_Territories,CD_NT_Assiniboia_West,1891,SPLIT_FROM
SPLIT_FROM,CD_NT_The_Territories,CD_NT_Saskatchewan,1891,SPLIT_FROM
SPLIT_FROM,CD_NT_The_Territories,CD_NT_Alberta,1891,SPLIT_FROM
SPLIT_FROM,CD_NT_The_Territories,CD_NT_The_Unorganized_Territories,1891,SPLIT_FROM
SPLIT_FROM,CD_ON_Bruce_South,CD_ON_Bruce_East,1891,SPLIT_FROM
MERGED_INTO,CD_ON_Cornwall,CD_ON_Stormont_1891,1891,MERGED_INTO
SPLIT_FROM,CD_ON_Essex,CD_ON_Essex_South,1891,SPLIT_FROM
SPLIT_FROM,CD_ON_Essex,CD_ON_Essex_North,1891,SPLIT_FROM
SPLIT_FROM,CD_ON_Lambton,CD_ON_Lambton_West,1891,SPLIT_FROM
SPLIT_FROM,CD_ON_Lambton,CD_ON_Lambton_East,1891,SPLIT_FROM
SPLIT_FROM,CD_ON_Muskoka,CD_ON_Muskoka_&_Parry_Sound,1891,SPLIT_FROM
MERGED_INTO,CD_ON_Niagara,CD_ON_Lincoln_&_Niagara,1891,MERGED_INTO
MERGED_INTO,CD_ON_Stormont,CD_ON_Stormont_1891,1891,MERGED_INTO
SPLIT_FROM,CD_MB_Extension,CD_MB_Selkirk,1891,SPLIT_FROM
SPLIT_FROM,CD_MB_Extension,CD_MB_Lisgar,1891,SPLIT_FROM
SPLIT_FROM,CD_MB_Extension,CD_MB_Marquette,1891,SPLIT_FROM
MERGED_INTO,CD_MB_Provencher,CD_MB_Provencher_1891,1891,MERGED_INTO
SPLIT_FROM,CD_MB_Provencher,CD_MB_Provencher_1891_1891,1891,SPLIT_FROM
MERGED_INTO,CD_MB_Provencher_1881,CD_MB_Provencher_1891,1891,MERGED_INTO
MERGED_INTO,CD_MB_Provencher_1881,CD_MB_Lisgar,1891,MERGED_INTO
MERGED_INTO,CD_MB_Selkirk,CD_MB_Lisgar,1891,MERGED_INTO
SPLIT_FROM,CD_ON_Algoma,CD_ON_Nipissing_1891,1891,SPLIT_FROM
MERGED_INTO,CD_ON_Brant_North,CD_ON_Brant_North_1891,1891,MERGED_INTO
SPLIT_FROM,CD_ON_Brant_South,CD_ON_Brant_South_1891,1891,SPLIT_FROM
SPLIT_FROM,CD_ON_Bruce_South,CD_ON_Bruce_West,1891,SPLIT_FROM
SPLIT_FROM,CD_ON_Huron_Centre,CD_ON_Huron_South_1891,1891,SPLIT_FROM
SPLIT_FROM,CD_ON_Huron_North,CD_ON_Huron_West,1891,SPLIT_FROM
SPLIT_FROM,CD_ON_Huron_North,CD_ON_Huron_East,1891,SPLIT_FROM
SPLIT_FROM,CD_ON_Huron_South,CD_ON_Huron_South_1891,1891,SPLIT_FROM
SPLIT_FROM,CD_ON_Lincoln,CD_ON_Lincoln_&_Niagara,1891,SPLIT_FROM
SPLIT_FROM,CD_ON_Middlesex_East,CD_ON_Middlesex_East_1891,1891,SPLIT_FROM
SPLIT_FROM,CD_ON_Middlesex_North,CD_ON_Middlesex_North_1891,1891,SPLIT_FROM
SPLIT_FROM,CD_ON_Middlesex_West,CD_ON_Middlesex_West_1891,1891,SPLIT_FROM
MERGED_INTO,CD_ON_Ontario_North,CD_ON_Ontario_North_1891,1891,MERGED_INTO
MERGED_INTO,CD_ON_Ontario_South,CD_ON_Ontario_West,1891,MERGED_INTO
SPLIT_FROM,CD_ON_Ontario_South,CD_ON_Ontario_South_1891,1891,SPLIT_FROM
MERGED_INTO,CD_ON_Oxford_North,CD_ON_Oxford_North_1891,1891,MERGED_INTO
MERGED_INTO,CD_ON_Oxford_South,CD_ON_Oxford_South_1891,1891,MERGED_INTO
MERGED_INTO,CD_ON_Perth_South,CD_ON_Perth_South_1891,1891,MERGED_INTO
SPLIT_FROM,CD_ON_Peterborough_East,CD_ON_Peterborough_East_1891,1891,SPLIT_FROM
SPLIT_FROM,CD_ON_Simcoe_North,CD_ON_Simcoe_East,1891,SPLIT_FROM
SPLIT_FROM,CD_ON_Wellington_North,CD_ON_Wellington_North_1891,1891,SPLIT_FROM
MERGED_INTO,CD_ON_Wentworth_South,CD_ON_Wentworth_South_1891,1891,MERGED_INTO
MERGED_INTO,CD_ON_York_North,CD_ON_York_North_1891,1891,MERGED_INTO
MERGED_INTO,CD_BC_Cariboo,CD_BC_Yale_&_Cariboo,1901,MERGED_INTO
MERGED_INTO,CD_BC_New_Westminster,CD_BC_Burrard,1901,MERGED_INTO
MERGED_INTO,CD_BC_Yale,CD_BC_Yale_&_Cariboo,1901,MERGED_INTO
MERGED_INTO,CD_MB_Lisgar,CD_MB_Selkirk,1901,MERGED_INTO
SPLIT_FROM,CD_MB_Marquette,CD_MB_Macdonald,1901,SPLIT_FROM
SPLIT_FROM,CD_MB_Selkirk,CD_MB_Brandon,1901,SPLIT_FROM
MERGED_INTO,CD_NB_Queen's,CD_NB_Sunbury_&_Queens,1901,MERGED_INTO
MERGED_INTO,CD_NB_Sunbury,CD_NB_Sunbury_&_Queens,1901,MERGED_INTO
MERGED_INTO,CD_NS_Queens,CD_NS_Shelburne_&_Queens,1901,MERGED_INTO
MERGED_INTO,CD_NS_Shelburne,CD_NS_Shelburne_&_Queens,1901,MERGED_INTO
SPLIT_FROM,CD_NT_The_Unorganized_Territories,"CD_QC_Unorganized_Districts_-_Abitibi,_Ashuanipi,_Mistassini",1901,SPLIT_FROM
SPLIT_FROM,CD_NT_The_Unorganized_Territories,CD_NT_Unorganized_Territories—Territoires_non-organisés,1901,SPLIT_FROM
SPLIT_FROM,CD_NT_The_Unorganized_Territories,CD_NT_Unorganized_Territories,1901,SPLIT_FROM
MERGED_INTO,CD_ON_Brant_North_1891,CD_ON_Wentworth_&_Brant_North,1901,MERGED_INTO
SPLIT_FROM,CD_ON_Toronto_City_1881,CD_ON_Toronto_Centre_City,1901,SPLIT_FROM
SPLIT_FROM,CD_ON_Toronto_City_1881,CD_ON_Toronto_East_City,1901,SPLIT_FROM
SPLIT_FROM,CD_PE_King's,CD_PE_Kings,1901,SPLIT_FROM
SPLIT_FROM,CD_PE_Prince,CD_PE_Prince_West,1901,SPLIT_FROM
SPLIT_FROM,CD_PE_Queen's,CD_PE_Queens_West,1901,SPLIT_FROM
MERGED_INTO,CD_QC_Chambly,CD_QC_Chambly_&_Verchères,1901,MERGED_INTO
MERGED_INTO,CD_QC_Hochelaga,CD_QC_Maisonneuve,1901,MERGED_INTO
MERGED_INTO,CD_QC_Iberville,CD_QC_St._Jean_&_Iberville,1901,MERGED_INTO
SPLIT_FROM,CD_QC_Montréal_1881,"CD_QC_Montréal,_St._Antoine",1901,SPLIT_FROM
SPLIT_FROM,CD_QC_Montréal_1881,"CD_QC_Montréal,_St._Laurent",1901,SPLIT_FROM
SPLIT_FROM,CD_QC_Montréal_1881,"CD_QC_Montréal,_Ste._Marie",1901,SPLIT_FROM
MERGED_INTO,CD_QC_Napierville,CD_QC_Laprairie_&_Napierville,1901,MERGED_INTO
SPLIT_FROM,CD_QC_Ottawa_County,CD_QC_Labelle,1901,SPLIT_FROM
SPLIT_FROM,CD_QC_Ottawa_County,CD_QC_Wright,1901,SPLIT_FROM
SPLIT_FROM,CD_QC_Quebec_City,CD_QC_Québec_Centre,1901,SPLIT_FROM
SPLIT_FROM,CD_QC_Quebec_City,CD_QC_Québec_East,1901,SPLIT_FROM
MERGED_INTO,CD_QC_Trois-Rivières,CD_QC_Trois-Rivières_&_St._Maurice,1901,MERGED_INTO
MERGED_INTO,CD_QC_Verchères,CD_QC_Chambly_&_Verchères,1901,MERGED_INTO
SPLIT_FROM,CD_MB_Selkirk,CD_MB_Lisgar,1901,SPLIT_FROM
SPLIT_FROM,CD_ON_Algoma,CD_ON_Nipissing_1891,1901,SPLIT_FROM
MERGED_INTO,CD_ON_Haldimand,CD_ON_Haldimand_&_Monok,1901,MERGED_INTO
MERGED_INTO,CD_ON_Monck,CD_ON_Haldimand_&_Monok,1901,MERGED_INTO
SPLIT_FROM,CD_ON_Toronto_City_1881,CD_ON_Toronto_West_City,1901,SPLIT_FROM
MERGED_INTO,CD_ON_Wentworth_North,CD_ON_Wentworth_&_Brant_North,1901,MERGED_INTO
SPLIT_FROM,CD_PE_Prince,CD_PE_Prince_East,1901,SPLIT_FROM
SPLIT_FROM,CD_PE_Queen's,CD_PE_Queens_East,1901,SPLIT_FROM
SPLIT_FROM,CD_QC_Bagot,CD_QC_Bagot_1901,1901,SPLIT_FROM
SPLIT_FROM,CD_QC_Hochelaga,CD_QC_Maisonneuve,1901,SPLIT_FROM
MERGED_INTO,CD_QC_Hochelaga,CD_QC_Laval,1901,MERGED_INTO
MERGED_INTO,CD_QC_Laprairie,CD_QC_Laprairie_&_Napierville,1901,MERGED_INTO
SPLIT_FROM,CD_QC_Montréal_1881,"CD_QC_Montréal,_Ste._Anne",1901,SPLIT_FROM
SPLIT_FROM,CD_QC_Montréal_1881,"CD_QC_Montréal,_St._Jacques",1901,SPLIT_FROM
SPLIT_FROM,CD_QC_Quebec_City,CD_QC_Québec_West,1901,SPLIT_FROM
MERGED_INTO,CD_QC_St._Jean,CD_QC_St._Jean_&_Iberville,1901,MERGED_INTO
SPLIT_FROM,CD_BC_Burrard,CD_BC_Vancouver_City,1911,SPLIT_FROM
SPLIT_FROM,CD_BC_Vancouver,CD_BC_Nanaimo,1911,SPLIT_FROM
MERGED_INTO,CD_BC_Victoria_1901,CD_BC_Nanaimo,1911,MERGED_INTO
SPLIT_FROM,CD_BC_Yale_&_Cariboo,CD_BC_Kootenay,1911,SPLIT_FROM
SPLIT_FROM,CD_MB_Macdonald,CD_MB_Portage_La_Prairie,1911,SPLIT_FROM
MERGED_INTO,CD_NB_Albert,CD_NB_Kings_&_Albert,1911,MERGED_INTO
MERGED_INTO,CD_NB_King's,CD_NB_Kings_&_Albert,1911,MERGED_INTO
SPLIT_FROM,CD_NS_Cape_Breton,CD_NS_Cape_Breton_South,1911,SPLIT_FROM
MERGED_INTO,CD_NS_Victoria,CD_NS_Cape_Breton_N._&_Victoria,1911,MERGED_INTO
SPLIT_FROM,CD_NT_Alberta,CD_AB_Macleod,1911,SPLIT_FROM
SPLIT_FROM,CD_NT_Alberta,CD_AB_Calgary,1911,SPLIT_FROM
SPLIT_FROM,CD_NT_Assiniboia_East,CD_SK_Assiniboia,1911,SPLIT_FROM
SPLIT_FROM,CD_NT_Assiniboia_East,CD_SK_Saltcoats,1911,SPLIT_FROM
SPLIT_FROM,CD_NT_Assiniboia_West,CD_SK_Moosejaw,1911,SPLIT_FROM
SPLIT_FROM,CD_NT_Unorganized_Territories,CD_YT_Yukon,1911,SPLIT_FROM
MERGED_INTO,CD_NT_Unorganized_Territories—Territoires_non-organisés,CD_NT_Northwest_Territories,1911,MERGED_INTO
SPLIT_FROM,CD_ON_Algoma,CD_ON_Thunder_Bay_&_Rainy_River,1911,SPLIT_FROM
MERGED_INTO,CD_ON_Bruce_East,CD_ON_Bruce_South_1911,1911,MERGED_INTO
MERGED_INTO,CD_ON_Durham_East,CD_ON_Durham,1911,MERGED_INTO
MERGED_INTO,CD_ON_Durham_West,CD_ON_Durham,1911,MERGED_INTO
MERGED_INTO,CD_ON_Grenville_South,CD_ON_Grenville,1911,MERGED_INTO
SPLIT_FROM,CD_ON_Hamilton_City,CD_ON_Hamilton_West,1911,SPLIT_FROM
MERGED_INTO,CD_ON_Kingston_City_1881_1901,CD_ON_Kingston,1911,MERGED_INTO
MERGED_INTO,CD_ON_Kingston_City_1881,CD_ON_Kingston,1911,MERGED_INTO
MERGED_INTO,CD_ON_Lennox_1871,CD_ON_Lennox_&_Addington,1911,MERGED_INTO
MERGED_INTO,CD_ON_London_City,CD_ON_London,1911,MERGED_INTO
SPLIT_FROM,CD_ON_Muskoka_&_Parry_Sound,CD_ON_Parry_Sound_1911,1911,SPLIT_FROM
MERGED_INTO,CD_ON_Toronto_Centre_City,CD_ON_Toronto_Centre,1911,MERGED_INTO
MERGED_INTO,CD_ON_Victoria_South,CD_ON_Victoria,1911,MERGED_INTO
MERGED_INTO,CD_PE_Prince_West,CD_PE_Prince,1911,MERGED_INTO
MERGED_INTO,CD_PE_Queens_West,CD_PE_Queens,1911,MERGED_INTO
MERGED_INTO,CD_QC_Montréal_1881,CD_QC_Maisonneuve,1911,MERGED_INTO
SPLIT_FROM,"CD_QC_Unorganized_Districts_-_Abitibi,_Ashuanipi,_Mistassini",CD_QC_Unorganized_parts_-_Parties_non_organisées,1911,SPLIT_FROM
SPLIT_FROM,CD_BC_Burrard,CD_BC_Comox-Atlin,1911,SPLIT_FROM
MERGED_INTO,CD_BC_Vancouver,CD_BC_Comox-Atlin,1911,MERGED_INTO
SPLIT_FROM,CD_MB_Brandon,CD_MB_Souris,1911,SPLIT_FROM
MERGED_INTO,CD_MB_Macdonald,CD_MB_Dauphin,1911,MERGED_INTO
MERGED_INTO,CD_MB_Marquette,CD_MB_Dauphin,1911,MERGED_INTO
MERGED_INTO,CD_MB_Winnipeg_City,CD_MB_Macdonald,1911,MERGED_INTO
SPLIT_FROM,CD_NT_Alberta,CD_AB_Medicine_Hat,1911,SPLIT_FROM
SPLIT_FROM,CD_NT_Alberta,CD_AB_Red_Deer,1911,SPLIT_FROM
SPLIT_FROM,CD_NT_Alberta,CD_AB_Strathcona,1911,SPLIT_FROM
SPLIT_FROM,CD_NT_Assiniboia_East,CD_SK_Qu'Appelle,1911,SPLIT_FROM
SPLIT_FROM,CD_NT_Assiniboia_East,CD_SK_Mackenzie,1911,SPLIT_FROM
SPLIT_FROM,CD_NT_Assiniboia_West,CD_SK_Regina,1911,SPLIT_FROM
SPLIT_FROM,CD_NT_Saskatchewan,CD_SK_Saskatoon,1911,SPLIT_FROM
SPLIT_FROM,CD_NT_Unorganized_Territories,CD_SK_Battleford,1911,SPLIT_FROM
SPLIT_FROM,CD_NT_Unorganized_Territories,CD_SK_Prince_Albert,1911,SPLIT_FROM
SPLIT_FROM,CD_NT_Unorganized_Territories,CD_AB_Victoria,1911,SPLIT_FROM
SPLIT_FROM,CD_NT_Unorganized_Territories,CD_AB_Edmonton,1911,SPLIT_FROM
SPLIT_FROM,CD_NT_Unorganized_Territories,CD_NT_Northwest_Territories,1911,SPLIT_FROM
SPLIT_FROM,CD_ON_Addington_1871,CD_ON_Lennox_&_Addington,1911,SPLIT_FROM
SPLIT_FROM,CD_ON_Addington_1871,CD_ON_Frontenac,1911,SPLIT_FROM
SPLIT_FROM,CD_ON_Algoma,CD_ON_Algoma_West_1911,1911,SPLIT_FROM
SPLIT_FROM,CD_ON_Bothwell,CD_ON_Kent_East,1911,SPLIT_FROM
MERGED_INTO,CD_ON_Bothwell,CD_ON_Lambton_West,1911,MERGED_INTO
SPLIT_FROM,CD_ON_Brant_South_1891,CD_ON_Brantford,1911,SPLIT_FROM
MERGED_INTO,CD_ON_Brant_South_1891,CD_ON_Brant_1911,1911,MERGED_INTO
MERGED_INTO,CD_ON_Bruce_North,CD_ON_Bruce_North_1911,1911,MERGED_INTO
MERGED_INTO,CD_ON_Bruce_West,CD_ON_Bruce_North_1911,1911,MERGED_INTO
MERGED_INTO,CD_ON_Cardwell,CD_ON_Peel,1911,MERGED_INTO
SPLIT_FROM,CD_ON_Grey_East,CD_ON_Grey_East_1911,1911,SPLIT_FROM
SPLIT_FROM,CD_ON_Grey_North,CD_ON_Grey_North_1911,1911,SPLIT_FROM
MERGED_INTO,CD_ON_Grey_South,CD_ON_Grey_South_1911,1911,MERGED_INTO
MERGED_INTO,CD_ON_Haldimand_&_Monok,CD_ON_Haldimand_1911,1911,MERGED_INTO
SPLIT_FROM,CD_ON_Hamilton_City,CD_ON_Hamilton_East,1911,SPLIT_FROM
SPLIT_FROM,CD_ON_Hastings_North,CD_ON_Hastings_East,1911,SPLIT_FROM
SPLIT_FROM,CD_ON_Hastings_North,CD_ON_Hastings_West,1911,SPLIT_FROM
MERGED_INTO,CD_ON_Huron_South_1891,CD_ON_Huron_South,1911,MERGED_INTO
MERGED_INTO,CD_ON_Huron_West,CD_ON_Huron_West_1911,1911,MERGED_INTO
MERGED_INTO,CD_ON_Leeds_&_Grenville_North,CD_ON_Grenville,1911,MERGED_INTO
SPLIT_FROM,CD_ON_Leeds_South,CD_ON_Leeds_1911,1911,SPLIT_FROM
SPLIT_FROM,CD_ON_Leeds_South,CD_ON_Brockville,1911,SPLIT_FROM
MERGED_INTO,CD_ON_Lincoln_&_Niagara,CD_ON_Lincoln,1911,MERGED_INTO
MERGED_INTO,CD_ON_Middlesex_East_1891,CD_ON_Middlesex_East,1911,MERGED_INTO
MERGED_INTO,CD_ON_Middlesex_North_1891,CD_ON_Middlesex_North,1911,MERGED_INTO
MERGED_INTO,CD_ON_Middlesex_West_1891,CD_ON_Middlesex_West,1911,MERGED_INTO
SPLIT_FROM,CD_ON_Muskoka_&_Parry_Sound,CD_ON_Muskoka_1911,1911,SPLIT_FROM
MERGED_INTO,CD_ON_Nipissing_1891,CD_ON_Algoma_East_1911,1911,MERGED_INTO
MERGED_INTO,CD_ON_Norfolk_North,CD_ON_Norfolk,1911,MERGED_INTO
MERGED_INTO,CD_ON_Norfolk_South,CD_ON_Norfolk,1911,MERGED_INTO
SPLIT_FROM,CD_ON_Ontario_North_1891,CD_ON_Ontario_North_1911,1911,SPLIT_FROM
MERGED_INTO,CD_ON_Oxford_North_1891,CD_ON_Oxford_North_1911,1911,MERGED_INTO
SPLIT_FROM,CD_ON_Oxford_South_1891,CD_ON_Oxford_South_1911,1911,SPLIT_FROM
MERGED_INTO,CD_ON_Perth_North,CD_ON_Perth_North_1911,1911,MERGED_INTO
MERGED_INTO,CD_ON_Perth_South_1891,CD_ON_Perth_South_1911,1911,MERGED_INTO
MERGED_INTO,CD_ON_Simcoe_South,CD_ON_Simcoe_South_1911,1911,MERGED_INTO
MERGED_INTO,CD_ON_Toronto_East_City,CD_ON_Toronto_South,1911,MERGED_INTO
SPLIT_FROM,CD_ON_Toronto_West_City,CD_ON_Toronto_South,1911,SPLIT_FROM
SPLIT_FROM,CD_ON_Toronto_West_City,CD_ON_Toronto_Centre,1911,SPLIT_FROM
MERGED_INTO,CD_ON_Victoria_North,CD_ON_Victoria,1911,MERGED_INTO
MERGED_INTO,CD_ON_Wellington_Centre_1881,CD_ON_Wellington_North,1911,MERGED_INTO
MERGED_INTO,CD_ON_Wellington_North_1891,CD_ON_Wellington_North,1911,MERGED_INTO
MERGED_INTO,CD_ON_Wentworth_South_1891,CD_ON_Wentworth_1911,1911,MERGED_INTO
SPLIT_FROM,CD_ON_York_East,CD_ON_Toronto_North,1911,SPLIT_FROM
SPLIT_FROM,CD_ON_York_East,CD_ON_Toronto_East_1911,1911,SPLIT_FROM
MERGED_INTO,CD_ON_York_East,CD_ON_York_Centre,1911,MERGED_INTO
MERGED_INTO,CD_ON_York_North_1891,CD_ON_York_North_1911,1911,MERGED_INTO
SPLIT_FROM,CD_ON_York_West,CD_ON_Toronto_West_1911,1911,SPLIT_FROM
SPLIT_FROM,CD_ON_York_West,CD_ON_York_South,1911,SPLIT_FROM
MERGED_INTO,CD_ON_York_West,CD_ON_York_Centre,1911,MERGED_INTO
MERGED_INTO,CD_PE_Prince_East,CD_PE_Prince,1911,MERGED_INTO
MERGED_INTO,CD_PE_Queens_East,CD_PE_Queens,1911,MERGED_INTO
SPLIT_FROM,CD_QC_Champlain,CD_QC_Trois-Rivières_&_St._Maurice,1911,SPLIT_FROM
MERGED_INTO,CD_AB_Calgary,CD_AB_Division_No._6,1921,MERGED_INTO
SPLIT_FROM,CD_AB_Edmonton,CD_AB_Division_No._12,1921,SPLIT_FROM
SPLIT_FROM,CD_AB_Edmonton,CD_AB_Division_No._15,1921,SPLIT_FROM
SPLIT_FROM,CD_AB_Edmonton,CD_AB_Division_No._16,1921,SPLIT_FROM
SPLIT_FROM,CD_AB_Medicine_Hat,CD_AB_Division_No._1,1921,SPLIT_FROM
SPLIT_FROM,CD_AB_Medicine_Hat,CD_AB_Division_No._3,1921,SPLIT_FROM
SPLIT_FROM,CD_AB_Victoria,CD_AB_Division_No._13,1921,SPLIT_FROM
SPLIT_FROM,CD_BC_Comox-Atlin,CD_BC_Comox-Alberni,1921,SPLIT_FROM
SPLIT_FROM,CD_BC_Comox-Atlin,CD_BC_Skeena,1921,SPLIT_FROM
SPLIT_FROM,CD_BC_Kootenay,CD_BC_Kootenay_East,1921,SPLIT_FROM
SPLIT_FROM,CD_BC_Kootenay,CD_BC_Kootenay_West,1921,SPLIT_FROM
SPLIT_FROM,CD_BC_New_Westminster,CD_BC_Fraser_Valley,1921,SPLIT_FROM
SPLIT_FROM,CD_BC_Vancouver_City,CD_BC_Vancouver_South,1921,SPLIT_FROM
SPLIT_FROM,CD_BC_Vancouver_City,CD_BC_Vancouver_Centre,1921,SPLIT_FROM
SPLIT_FROM,CD_BC_Vancouver_City,CD_BC_Burrard_1921,1921,SPLIT_FROM
SPLIT_FROM,CD_BC_Yale_&_Cariboo,CD_BC_Yale_1921,1921,SPLIT_FROM
SPLIT_FROM,CD_BC_Yale_&_Cariboo,CD_BC_Cariboo_1921,1921,SPLIT_FROM
SPLIT_FROM,CD_MB_Brandon,CD_MB_Division_No._8,1921,SPLIT_FROM
SPLIT_FROM,CD_MB_Dauphin,CD_MB_Division_No._13,1921,SPLIT_FROM
SPLIT_FROM,CD_MB_Dauphin,CD_MB_Division_No._15,1921,SPLIT_FROM
SPLIT_FROM,CD_MB_Marquette,CD_MB_Division_No._11,1921,SPLIT_FROM
SPLIT_FROM,CD_MB_Provencher,CD_MB_Division_No._1,1921,SPLIT_FROM
SPLIT_FROM,CD_MB_Selkirk,CD_MB_Division_No._5,1921,SPLIT_FROM
SPLIT_FROM,CD_MB_Souris,CD_MB_Division_No._4,1921,SPLIT_FROM
MERGED_INTO,CD_MB_Winnipeg_City,CD_MB_Division_No._6,1921,MERGED_INTO
SPLIT_FROM,CD_NB_Kings_&_Albert,CD_NB_Kings,1921,SPLIT_FROM
SPLIT_FROM,CD_NB_Kings_&_Albert,CD_NB_Albert_1921,1921,SPLIT_FROM
SPLIT_FROM,CD_NB_Sunbury_&_Queens,CD_NB_Sunbury_1921,1921,SPLIT_FROM
SPLIT_FROM,CD_NB_Sunbury_&_Queens,CD_NB_Queens,1921,SPLIT_FROM
SPLIT_FROM,CD_NB_Victoria,CD_NB_Victoria_1921,1921,SPLIT_FROM
SPLIT_FROM,CD_NB_Victoria,CD_NB_Madawaska,1921,SPLIT_FROM
SPLIT_FROM,CD_NS_Cape_Breton_N._&_Victoria,CD_NS_Victoria_1921,1921,SPLIT_FROM
MERGED_INTO,CD_NS_Cape_Breton_South,CD_NS_Cape_Breton,1921,MERGED_INTO
SPLIT_FROM,CD_NS_Shelburne_&_Queens,CD_NS_Shelburne_1921,1921,SPLIT_FROM
SPLIT_FROM,CD_NS_Shelburne_&_Queens,CD_NS_Queens_1921,1921,SPLIT_FROM
SPLIT_FROM,CD_ON_Algoma_East_1911,CD_ON_Manitoulin_1921,1921,SPLIT_FROM
MERGED_INTO,CD_ON_Algoma_West_1911,CD_ON_Algoma,1921,MERGED_INTO
MERGED_INTO,CD_ON_Brantford,CD_ON_Brant_1911,1921,MERGED_INTO
MERGED_INTO,CD_ON_Brockville,CD_ON_Leeds_1911,1921,MERGED_INTO
MERGED_INTO,CD_ON_Bruce_North_1911,CD_ON_Bruce_1921,1921,MERGED_INTO
MERGED_INTO,CD_ON_Bruce_South_1911,CD_ON_Bruce_1921,1921,MERGED_INTO
MERGED_INTO,CD_ON_Elgin_East,CD_ON_Elgin,1921,MERGED_INTO
MERGED_INTO,CD_ON_Elgin_West,CD_ON_Elgin,1921,MERGED_INTO
MERGED_INTO,CD_ON_Essex_North,CD_ON_Essex,1921,MERGED_INTO
MERGED_INTO,CD_ON_Essex_South,CD_ON_Essex,1921,MERGED_INTO
MERGED_INTO,CD_ON_Grey_East_1911,CD_ON_Grey_1921,1921,MERGED_INTO
MERGED_INTO,CD_ON_Grey_North_1911,CD_ON_Grey_1921,1921,MERGED_INTO
MERGED_INTO,CD_ON_Grey_South_1911,CD_ON_Grey_1921,1921,MERGED_INTO
MERGED_INTO,CD_ON_Hamilton_East,CD_ON_Wentworth_1911,1921,MERGED_INTO
MERGED_INTO,CD_ON_Hamilton_West,CD_ON_Wentworth_1911,1921,MERGED_INTO
MERGED_INTO,CD_ON_Hastings_East,CD_ON_Hastings_1921,1921,MERGED_INTO
MERGED_INTO,CD_ON_Hastings_West,CD_ON_Hastings_1921,1921,MERGED_INTO
MERGED_INTO,CD_ON_Huron_East,CD_ON_Huron_1921,1921,MERGED_INTO
MERGED_INTO,CD_ON_Huron_South,CD_ON_Huron_1921,1921,MERGED_INTO
MERGED_INTO,CD_ON_Huron_West_1911,CD_ON_Huron_1921,1921,MERGED_INTO
MERGED_INTO,CD_ON_Kent_East,CD_ON_Kent,1921,MERGED_INTO
MERGED_INTO,CD_ON_Kent_1871,CD_ON_Kent,1921,MERGED_INTO
MERGED_INTO,CD_ON_Kingston,CD_ON_Frontenac,1921,MERGED_INTO
MERGED_INTO,CD_ON_Lambton_East,CD_ON_Lambton,1921,MERGED_INTO
MERGED_INTO,CD_ON_Lanark_North,CD_ON_Lanark,1921,MERGED_INTO
MERGED_INTO,CD_ON_Lanark_South,CD_ON_Lanark,1921,MERGED_INTO
SPLIT_FROM,CD_ON_Lennox_&_Addington,CD_ON_Lennox_1921,1921,SPLIT_FROM
SPLIT_FROM,CD_ON_Lennox_&_Addington,CD_ON_Addington_1921,1921,SPLIT_FROM
MERGED_INTO,CD_ON_London,CD_ON_Middlesex_1921,1921,MERGED_INTO
MERGED_INTO,CD_ON_Middlesex_East,CD_ON_Middlesex_1921,1921,MERGED_INTO
MERGED_INTO,CD_ON_Middlesex_North,CD_ON_Middlesex_1921,1921,MERGED_INTO
MERGED_INTO,CD_ON_Middlesex_West,CD_ON_Middlesex_1921,1921,MERGED_INTO
MERGED_INTO,CD_ON_Northumberland_East,CD_ON_Northumberland,1921,MERGED_INTO
MERGED_INTO,CD_ON_Northumberland_West,CD_ON_Northumberland,1921,MERGED_INTO
MERGED_INTO,CD_ON_Ontario_North_1911,CD_ON_Ontario_1921,1921,MERGED_INTO
MERGED_INTO,CD_ON_Ontario_South_1891,CD_ON_Ontario_1921,1921,MERGED_INTO
MERGED_INTO,CD_ON_Ottawa_City,CD_ON_Carleton,1921,MERGED_INTO
MERGED_INTO,CD_ON_Oxford_North_1911,CD_ON_Oxford_1921,1921,MERGED_INTO
MERGED_INTO,CD_ON_Oxford_South_1911,CD_ON_Oxford_1921,1921,MERGED_INTO
MERGED_INTO,CD_ON_Perth_North_1911,CD_ON_Perth_1921,1921,MERGED_INTO
MERGED_INTO,CD_ON_Perth_South_1911,CD_ON_Perth_1921,1921,MERGED_INTO
MERGED_INTO,CD_ON_Peterborough_East_1891,CD_ON_Peterborough,1921,MERGED_INTO
MERGED_INTO,CD_ON_Renfrew_North,CD_ON_Renfrew,1921,MERGED_INTO
MERGED_INTO,CD_ON_Renfrew_South,CD_ON_Renfrew,1921,MERGED_INTO
MERGED_INTO,CD_ON_Simcoe_East,CD_ON_Simcoe_1921,1921,MERGED_INTO
MERGED_INTO,CD_ON_Simcoe_North,CD_ON_Simcoe_1921,1921,MERGED_INTO
MERGED_INTO,CD_ON_Simcoe_South_1911,CD_ON_Simcoe_1921,1921,MERGED_INTO
SPLIT_FROM,CD_ON_Thunder_Bay_&_Rainy_River,CD_ON_Rainy_River,1921,SPLIT_FROM
MERGED_INTO,CD_ON_Toronto_Centre,CD_ON_York_1921,1921,MERGED_INTO
MERGED_INTO,CD_ON_Toronto_East_1911,CD_ON_York_1921,1921,MERGED_INTO
MERGED_INTO,CD_ON_Toronto_North,CD_ON_York_1921,1921,MERGED_INTO
MERGED_INTO,CD_ON_Toronto_South,CD_ON_York_1921,1921,MERGED_INTO
MERGED_INTO,CD_ON_Toronto_West_1911,CD_ON_York_1921,1921,MERGED_INTO
SPLIT_FROM,CD_ON_Victoria,CD_ON_Haliburton,1921,SPLIT_FROM
MERGED_INTO,CD_ON_Waterloo_North,CD_ON_Waterloo,1921,MERGED_INTO
MERGED_INTO,CD_ON_Waterloo_South,CD_ON_Waterloo,1921,MERGED_INTO
MERGED_INTO,CD_ON_Wellington_North,CD_ON_Wellington_1921,1921,MERGED_INTO
MERGED_INTO,CD_ON_Wellington_South,CD_ON_Wellington_1921,1921,MERGED_INTO
MERGED_INTO,CD_ON_York_Centre,CD_ON_York_1921,1921,MERGED_INTO
MERGED_INTO,CD_ON_York_North_1911,CD_ON_York_1921,1921,MERGED_INTO
MERGED_INTO,CD_ON_York_South,CD_ON_York_1921,1921,MERGED_INTO
SPLIT_FROM,CD_QC_Chambly_&_Verchères,CD_QC_Chambly_1921,1921,SPLIT_FROM
SPLIT_FROM,CD_QC_Chambly_&_Verchères,CD_QC_Verchères_1921,1921,SPLIT_FROM
SPLIT_FROM,CD_QC_Chicoutimi_&_Saguenay,CD_QC_Lac_St._Jean,1921,SPLIT_FROM
SPLIT_FROM,CD_QC_Chicoutimi_&_Saguenay,CD_QC_Chicoutimi_1921,1921,SPLIT_FROM
SPLIT_FROM,CD_QC_Drummond_&_Arthabaska,CD_QC_Drummond_1921,1921,SPLIT_FROM
SPLIT_FROM,CD_QC_Drummond_&_Arthabaska,CD_QC_Arthabaska_1921,1921,SPLIT_FROM
MERGED_INTO,CD_QC_Hochelaga,CD_QC_Montréal_&_Jésus_Islands—Iles,1921,MERGED_INTO
MERGED_INTO,CD_QC_Jacques_Cartier,CD_QC_Montréal_&_Jésus_Islands—Iles,1921,MERGED_INTO
SPLIT_FROM,CD_QC_Laprairie_&_Napierville,CD_QC_Napierville_1921,1921,SPLIT_FROM
SPLIT_FROM,CD_QC_Laprairie_&_Napierville,CD_QC_Laprairie_1921,1921,SPLIT_FROM
MERGED_INTO,CD_QC_Laval,CD_QC_Montréal_&_Jésus_Islands—Iles,1921,MERGED_INTO
MERGED_INTO,CD_QC_Maisonneuve,CD_QC_Montréal_&_Jésus_Islands—Iles,1921,MERGED_INTO
MERGED_INTO,"CD_QC_Montréal,_St._Antoine",CD_QC_Montréal_&_Jésus_Islands—Iles,1921,MERGED_INTO
MERGED_INTO,"CD_QC_Montréal,_St._Jacques",CD_QC_Montréal_&_Jésus_Islands—Iles,1921,MERGED_INTO
MERGED_INTO,"CD_QC_Montréal,_St._Laurent",CD_QC_Montréal_&_Jésus_Islands—Iles,1921,MERGED_INTO
MERGED_INTO,"CD_QC_Montréal,_Ste._Anne",CD_QC_Montréal_&_Jésus_Islands—Iles,1921,MERGED_INTO
MERGED_INTO,"CD_QC_Montréal,_Ste._Marie",CD_QC_Montréal_&_Jésus_Islands—Iles,1921,MERGED_INTO
MERGED_INTO,CD_QC_Québec_Centre,CD_QC_Quebec_County,1921,MERGED_INTO
MERGED_INTO,CD_QC_Québec_East,CD_QC_Quebec_County,1921,MERGED_INTO
MERGED_INTO,CD_QC_Québec_West,CD_QC_Quebec_County,1921,MERGED_INTO
SPLIT_FROM,CD_QC_Richmond_&_Wolfe,CD_QC_Richmond_1921,1921,SPLIT_FROM
SPLIT_FROM,CD_QC_Richmond_&_Wolfe,CD_QC_Wolfe_1921,1921,SPLIT_FROM
SPLIT_FROM,CD_QC_Rimouski,CD_QC_Matane,1921,SPLIT_FROM
SPLIT_FROM,CD_QC_St._Jean_&_Iberville,CD_QC_St._Jean_1921,1921,SPLIT_FROM
SPLIT_FROM,CD_QC_St._Jean_&_Iberville,CD_QC_Iberville_1921,1921,SPLIT_FROM
SPLIT_FROM,CD_QC_Trois-Rivières_&_St._Maurice,CD_QC_St._Maurice_1921,1921,SPLIT_FROM
MERGED_INTO,CD_QC_Unorganized_parts_-_Parties_non_organisées,CD_QC_Témiscamingue,1921,MERGED_INTO
MERGED_INTO,CD_QC_Wright,CD_QC_Hull,1921,MERGED_INTO
SPLIT_FROM,CD_SK_Battleford,CD_SK_Division_No._17,1921,SPLIT_FROM
SPLIT_FROM,CD_SK_Mackenzie,CD_SK_Division_No._9,1921,SPLIT_FROM
SPLIT_FROM,CD_SK_Moosejaw,CD_SK_Division_No._3,1921,SPLIT_FROM
SPLIT_FROM,CD_SK_Moosejaw,CD_SK_Division_No._4,1921,SPLIT_FROM
SPLIT_FROM,CD_SK_Moosejaw,CD_SK_Division_No._8,1921,SPLIT_FROM
SPLIT_FROM,CD_AB_Edmonton,CD_AB_Division_No._11,1921,SPLIT_FROM
SPLIT_FROM,CD_AB_Edmonton,CD_AB_Division_No._14,1921,SPLIT_FROM
SPLIT_FROM,CD_AB_Edmonton,CD_AB_Division_No._17,1921,SPLIT_FROM
SPLIT_FROM,CD_AB_Macleod,CD_AB_Division_No._2,1921,SPLIT_FROM
SPLIT_FROM,CD_AB_Macleod,CD_AB_Division_No._4,1921,SPLIT_FROM
SPLIT_FROM,CD_AB_Medicine_Hat,CD_AB_Division_No._5,1921,SPLIT_FROM
SPLIT_FROM,CD_AB_Red_Deer,CD_AB_Division_No._7,1921,SPLIT_FROM
SPLIT_FROM,CD_AB_Red_Deer,CD_AB_Division_No._8,1921,SPLIT_FROM
SPLIT_FROM,CD_AB_Red_Deer,CD_AB_Division_No._9,1921,SPLIT_FROM
SPLIT_FROM,CD_AB_Victoria,CD_AB_Division_No._10,1921,SPLIT_FROM
MERGED_INTO,CD_AB_Victoria,CD_AB_Division_No._17,1921,MERGED_INTO
MERGED_INTO,CD_BC_Vancouver_City,CD_BC_Comox-Alberni,1921,MERGED_INTO
SPLIT_FROM,CD_MB_Dauphin,CD_MB_Division_No._10,1921,SPLIT_FROM
SPLIT_FROM,CD_MB_Dauphin,CD_MB_Division_No._12,1921,SPLIT_FROM
MERGED_INTO,CD_MB_Dauphin,CD_MB_Division_No._16,1921,MERGED_INTO
MERGED_INTO,CD_MB_Lisgar,CD_MB_Division_No._2,1921,MERGED_INTO
SPLIT_FROM,CD_MB_Macdonald,CD_MB_Division_No._6,1921,SPLIT_FROM
SPLIT_FROM,CD_MB_Marquette,CD_MB_Division_No._14,1921,SPLIT_FROM
SPLIT_FROM,CD_MB_Portage_La_Prairie,CD_MB_Division_No._7,1921,SPLIT_FROM
SPLIT_FROM,CD_MB_Provencher,CD_MB_Division_No._2,1921,SPLIT_FROM
SPLIT_FROM,CD_MB_Selkirk,CD_MB_Division_No._9,1921,SPLIT_FROM
MERGED_INTO,CD_MB_Selkirk,CD_MB_Division_No._16,1921,MERGED_INTO
SPLIT_FROM,CD_MB_Souris,CD_MB_Division_No._3,1921,SPLIT_FROM
SPLIT_FROM,CD_NT_Northwest_Territories,CD_ON_Kenora,1921,SPLIT_FROM
SPLIT_FROM,CD_NT_Northwest_Territories,CD_QC_Saguenay_1921,1921,SPLIT_FROM
SPLIT_FROM,CD_NT_Northwest_Territories,CD_ON_Thunder_Bay,1921,SPLIT_FROM
SPLIT_FROM,CD_NT_Northwest_Territories,CD_MB_Division_No._16,1921,SPLIT_FROM
SPLIT_FROM,CD_ON_Algoma_East_1911,CD_ON_Sudbury,1921,SPLIT_FROM
SPLIT_FROM,CD_ON_Algoma_East_1911,CD_ON_Timiskaming,1921,SPLIT_FROM
MERGED_INTO,CD_ON_Lambton_West,CD_ON_Lambton,1921,MERGED_INTO
MERGED_INTO,CD_ON_Peterborough_West,CD_ON_Peterborough,1921,MERGED_INTO
MERGED_INTO,CD_ON_Thunder_Bay_&_Rainy_River,CD_ON_Thunder_Bay,1921,MERGED_INTO
SPLIT_FROM,CD_QC_Beauce,CD_QC_Frontenac,1921,SPLIT_FROM
MERGED_INTO,CD_QC_Chicoutimi_&_Saguenay,CD_QC_Saguenay_1921,1921,MERGED_INTO
MERGED_INTO,CD_QC_Pontiac,CD_QC_Témiscamingue,1921,MERGED_INTO
MERGED_INTO,CD_QC_Trois-Rivières_&_St._Maurice,CD_QC_Champlain,1921,MERGED_INTO
SPLIT_FROM,CD_SK_Assiniboia,CD_SK_Division_No._1,1921,SPLIT_FROM
SPLIT_FROM,CD_SK_Battleford,CD_SK_Division_No._12,1921,SPLIT_FROM
SPLIT_FROM,CD_SK_Battleford,CD_SK_Division_No._13,1921,SPLIT_FROM
MERGED_INTO,CD_SK_Battleford,CD_SK_Division_No._18,1921,MERGED_INTO
SPLIT_FROM,CD_SK_Humboldt,CD_SK_Division_No._10,1921,SPLIT_FROM
SPLIT_FROM,CD_SK_Humboldt,CD_SK_Division_No._11,1921,SPLIT_FROM
SPLIT_FROM,CD_SK_Moosejaw,CD_SK_Division_No._7,1921,SPLIT_FROM
SPLIT_FROM,CD_SK_Prince_Albert,CD_SK_Division_No._15,1921,SPLIT_FROM
SPLIT_FROM,CD_SK_Prince_Albert,CD_SK_Division_No._16,1921,SPLIT_FROM
MERGED_INTO,CD_SK_Prince_Albert,CD_SK_Division_No._18,1921,MERGED_INTO
SPLIT_FROM,CD_SK_Prince_Albert,CD_SK_Division_No._14,1921,SPLIT_FROM
MERGED_INTO,CD_SK_Qu'Appelle,CD_SK_Division_No._5,1921,MERGED_INTO
SPLIT_FROM,CD_SK_Regina,CD_SK_Division_No._2,1921,SPLIT_FROM
SPLIT_FROM,CD_SK_Regina,CD_SK_Division_No._6,1921,SPLIT_FROM
MERGED_INTO,CD_SK_Saltcoats,CD_SK_Division_No._5,1921,MERGED_INTO
SPLIT_FROM,CD_ON_Brant,CD_ON_Brant_1861,1861,SPLIT_FROM
SPLIT_FROM,CD_ON_Brant,CD_ON_Brant_1861_1861,1861,SPLIT_FROM
SPLIT_FROM,CD_QC_Megantic,CD_QC_Mégantic,1861,SPLIT_FROM
SPLIT_FROM,CD_QC_Megantic,CD_QC_Mégantic_1861,1861,SPLIT_FROM
SPLIT_FROM,CD_QC_Champlain,CD_QC_Champlain_1891,1891,SPLIT_FROM
SPLIT_FROM,CD_QC_Champlain,CD_QC_Champlain_1891_1891,1891,SPLIT_FROM
SPLIT_FROM,CD_QC_Jacques_Cartier,CD_QC_Jacques-Cartier,1891,SPLIT_FROM
SPLIT_FROM,CD_QC_Jacques_Cartier,CD_QC_Jacques-Cartier_1891,1891,SPLIT_FROM
SPLIT_FROM,CD_BC_Victoria,CD_BC_Victoria_City,1901,SPLIT_FROM
SPLIT_FROM,CD_BC_Victoria,CD_BC_Victoria_1901,1901,SPLIT_FROM
MERGED_INTO,CD_MB_Provencher_1891_1891,CD_MB_Provencher,1901,MERGED_INTO
MERGED_INTO,CD_MB_Provencher_1891,CD_MB_Provencher,1901,MERGED_INTO
MERGED_INTO,CD_QC_Champlain_1891_1891,CD_QC_Champlain,1901,MERGED_INTO
MERGED_INTO,CD_QC_Champlain_1891,CD_QC_Champlain,1901,MERGED_INTO
MERGED_INTO,CD_QC_Jacques-Cartier_1891,CD_QC_Jacques_Cartier,1901,MERGED_INTO
MERGED_INTO,CD_QC_Jacques-Cartier,CD_QC_Jacques_Cartier,1901,MERGED_INTO
