wikidata_qid,wikidata_label,place_id,place_type,name,province,year_min,year_max,num_years,num_chains_for_qid
Q1001626,North Vancouver,PLACE_BC206001,CSD,North Vancouver,BC,1921,1921,1,2
Q1001626,North Vancouver,PLACE_BC206004,CSD,"North Vancouver, C",BC,1921,1921,1,2
Q1004192,Saint Boniface,PLACE_MB010010,CSD,St. Boniface,MB,1881,1901,3,2
Q1004192,Saint Boniface,PLACE_MB160012,CSD,"St. Boniface, C",MB,1891,1921,3,2
Q1007407,Fort Saskatchewan,PLACE_NT202043,CSD,Fort Saskatchewan,NT,1901,1901,1,2
Q1007407,Fort Saskatchewan,PLACE_AB199018,CSD,"Fort Saskatchewan, T-V",AB,1911,1921,2,2
Q1009832,Innisfail,PLACE_NT202051,CSD,Innisfail,NT,1901,1901,1,2
Q1009832,Innisfail,PLACE_AB196027,CSD,"Innisfail, T-V",AB,1911,1921,2,2
Q1013456,Spruce Grove,PLACE_NT202114,CSD,Spruce Grove,NT,1901,1901,1,2
Q1013456,Spruce Grove,PLACE_AB199008,CSD,519. Spruce Grove,AB,1921,1921,1,2
Q1018271,Estevan,PLACE_NT203031,CSD,Estevan,NT,1901,1901,1,2
Q1018271,Estevan,PLACE_SK171025,CSD,"Estevan, T-V",SK,1911,1921,2,2
Q1019496,Moose Jaw,PLACE_NT204044,CSD,"Moosejaw, Northeast—Nord-est",NT,1901,1901,1,4
Q1019496,Moose Jaw,PLACE_NT204045,CSD,"Moosejaw, South—Sud",NT,1901,1901,1,4
Q1019496,Moose Jaw,PLACE_NT204046,CSD,"Moosejaw, West—Ouest",NT,1901,1901,1,4
Q1019496,Moose Jaw,PLACE_SK177024,CSD,"Moosejaw, C",SK,1911,1921,2,4
Q1020159,Etobicoke,PLACE_ON136001_1911,CSD,Etobicoke,ON,1851,1911,7,2
Q1020159,Etobicoke,PLACE_ON154001_1921,CSD,Etobicoke,ON,1921,1921,1,2
Q10566,Saskatoon,PLACE_NT205055,CSD,"Saskatoon, East—Est",NT,1901,1901,1,3
Q10566,Saskatoon,PLACE_NT205056,CSD,"Saskatoon, West—Ouest",NT,1901,1901,1,3
Q10566,Saskatoon,PLACE_SK181020,CSD,"Saskatoon, C",SK,1911,1921,2,3
Q106644325,Saint-Anaclet,PLACE_QC045007_1861,CSD,St. Anaclet,QC,1861,1861,1,2
Q106644325,Saint-Anaclet,PLACE_QC084002,CSD,St. Anaclet,QC,1871,1921,6,2
Q106644521,Saint-Benoît-Joseph-Labre,PLACE_QC070023,CSD,"St. Benoit Joseph Labre (Amqui), VL",QC,1911,1921,2,2
Q106644521,Saint-Benoît-Joseph-Labre,PLACE_QC070006,CSD,St. Benoit Joseph Labre,QC,1921,1921,1,2
Q106815239,Saint-Jérôme,PLACE_QC070011,CSD,St. Jérôme de Matane,QC,1891,1921,4,2
Q106815239,Saint-Jérôme,PLACE_QC070025,CSD,"St. Jérôme de Matane, VL",QC,1901,1921,3,2
Q106815257,Saint-Moïse,PLACE_QC193029,CSD,St. Moïse,QC,1881,1911,4,2
Q106815257,Saint-Moïse,PLACE_QC070016_1921,CSD,St. Moïse,QC,1921,1921,1,2
Q1099089,Carlyle,PLACE_NT203012,CSD,Carlyle,NT,1901,1901,1,2
Q1099089,Carlyle,PLACE_SK171023,CSD,"Carlyle, T-V",SK,1911,1921,2,2
Q1099427,Carnduff,PLACE_NT203014,CSD,Carnduff,NT,1901,1901,1,2
Q1099427,Carnduff,PLACE_SK171024,CSD,"Carnduff, T-V",SK,1911,1921,2,2
Q1105163,Cochrane,PLACE_NT202028,CSD,Cochrane,NT,1901,1901,1,2
Q1105163,Cochrane,PLACE_AB194036,CSD,"Cochrane, VL",AB,1911,1921,2,2
Q1116334,Victoria County,CD_NS_Victoria,CD,Victoria,NS,1871,1901,4,2
Q1116334,Victoria County,CD_NS_Victoria_1921,CD,Victoria,NS,1921,1921,1,2
Q112911732,Notre-Dame-des-Anges,PLACE_QC080007,CSD,Notre Dame des Anges,QC,1881,1921,5,2
Q112911732,Notre-Dame-des-Anges,PLACE_QC080027,CSD,"Notre Dame des Anges, VL",QC,1921,1921,1,2
Q112911830,Saint-Alban,PLACE_QC080009,CSD,St. Alban,QC,1861,1921,7,2
Q112911830,Saint-Alban,PLACE_QC080030,CSD,"St. Alban, VL",QC,1921,1921,1,2
Q112911857,Saint-Ambroise de la Jeune Lorette,PLACE_QC190005,CSD,St. Ambroise,QC,1851,1911,7,2
Q112911857,Saint-Ambroise de la Jeune Lorette,PLACE_QC081004_1921,CSD,St. Ambroise,QC,1921,1921,1,2
Q112911931,Saint-Benoît,PLACE_QC052003,CSD,St. Benoit,QC,1851,1921,8,2
Q112911931,Saint-Benoît,PLACE_QC052013_1911,CSD,"St. Benoit, VL",QC,1911,1921,2,2
Q112911955,Saint-Boniface,PLACE_QC093005,CSD,St. Boniface (Shawinigan),QC,1881,1921,5,2
Q112911955,Saint-Boniface,PLACE_QC093017_1921,CSD,"St. Boniface de Shawinigan, VL",QC,1921,1921,1,2
Q112911982,Saint-Casimir,PLACE_QC080031,CSD,"St. Casimir, VL",QC,1851,1921,8,2
Q112911982,Saint-Casimir,PLACE_QC080012_1921,CSD,St. Casimir,QC,1921,1921,1,2
Q112911984,Saint-Césaire,PLACE_QC085004,CSD,St. Césaire,QC,1851,1921,7,2
Q112911984,Saint-Césaire,PLACE_QC085015,CSD,"St. Césaire, Village",QC,1871,1921,6,2
Q112911987,Saint-Charles,PLACE_QC070006_1851,CSD,St. Charles,QC,1851,1851,1,2
Q112911987,Saint-Charles,PLACE_QC091004,CSD,St. Charles,QC,1861,1921,7,2
Q112912000,Saint-Charles-Borromée,PLACE_QC050011_1911,CSD,St. Charles Borromée (Bourget),QC,1911,1921,2,2
Q112912000,Saint-Charles-Borromée,PLACE_QC050012_1911,CSD,St. Charles Borromée (Kénogami pt.),QC,1911,1921,2,2
Q112912026,Saint-Colomban,PLACE_QC080005_1851,CSD,St. Colomban,QC,1851,1851,1,2
Q112912026,Saint-Colomban,PLACE_QC052005_1861,CSD,St. Colomban,QC,1861,1921,7,2
Q112912052,Saint-Denis,PLACE_QC091006,CSD,St. Denis,QC,1851,1921,8,2
Q112912052,Saint-Denis,PLACE_QC091014,CSD,"St. Denis, VL",QC,1911,1921,2,2
Q112912109,Saint-Éphrem,PLACE_QC048014_1871,CSD,St. Ephrem,QC,1871,1881,2,2
Q112912109,Saint-Éphrem,PLACE_QC040025,CSD,"St. Ephrem, VL",QC,1901,1921,3,2
Q112912120,Saint-Étienne-de-Lauzon,PLACE_QC169004_1861,CSD,St. Etienne de Lauzon,QC,1861,1911,6,2
Q112912120,Saint-Étienne-de-Lauzon,PLACE_QC066003_1921,CSD,St. Etienne de Lauzon,QC,1921,1921,1,2
Q112912153,Saint-Flavien,PLACE_QC068026,CSD,"St. Flavien, VL",QC,1851,1921,8,2
Q112912153,Saint-Flavien,PLACE_QC068010,CSD,St. Flavien de Ste. Croix,QC,1921,1921,1,2
Q112912189,Saint-Frédéric,PLACE_QC040011_1921,CSD,St. Frédéric,QC,1851,1921,8,2
Q112912189,Saint-Frédéric,PLACE_QC139012_1901,CSD,St. Frédéric,QC,1901,1901,1,2
Q112912200,Saint-Gabriel-de-Brandon,PLACE_QC043009_1911,CSD,St. Gabriel de Brandon,QC,1881,1921,5,2
Q112912200,Saint-Gabriel-de-Brandon,PLACE_QC043016,CSD,"St. Gabriel de Brandon, VL",QC,1901,1921,3,2
Q112912257,Saint-Gilles,PLACE_QC068011,CSD,St. Gilles,QC,1851,1921,8,2
Q112912257,Saint-Gilles,PLACE_QC061003,CSD,St. Joseph,QC,1881,1881,1,2
Q112912275,Saint-Hilaire,PLACE_QC085016,CSD,"St. Hilaire, VL",QC,1851,1921,8,2
Q112912275,Saint-Hilaire,PLACE_QC085005_1921,CSD,St. Hilaire,QC,1921,1921,1,2
Q112912288,Saint-Hugues,PLACE_QC122005,CSD,St. Hugues,QC,1851,1871,3,4
Q112912288,Saint-Hugues,PLACE_QC039015_1911,CSD,"St. Hugues, VL",QC,1911,1921,2,4
Q112912288,Saint-Hugues,PLACE_QC143006_1911,CSD,St. Hugues de Ramsay,QC,1911,1911,1,4
Q112912288,Saint-Hugues,PLACE_QC039006_1921,CSD,St. Hugues de Ramsay,QC,1921,1921,1,4
Q112912306,Saint-Isidore,PLACE_QC057005_1851,CSD,La Baie,QC,1851,1881,4,2
Q112912306,Saint-Isidore,PLACE_QC064003_1851,CSD,St. Isidore,QC,1851,1921,8,2
Q112912399,Saint-Jérôme,PLACE_QC096010,CSD,St. Jérôme,QC,1851,1921,8,2
Q112912399,Saint-Jérôme,PLACE_QC096019,CSD,"St. Jérôme, Town—Ville",QC,1861,1921,7,2
Q112912403,Saint-Joachim,PLACE_QC076009_1921,CSD,St. Joachim de la Pointe Claire,QC,1891,1921,4,2
Q112912403,Saint-Joachim,PLACE_QC157016,CSD,"St. Joachim de la Pointe Claire, Village",QC,1891,1901,2,2
Q112912449,Saint-Joseph-de-la-Rivière-Bleue,PLACE_QC095018,CSD,St. Joseph de la Rivière Bleue,QC,1921,1921,1,2
Q112912449,Saint-Joseph-de-la-Rivière-Bleue,PLACE_QC095032,CSD,"St. Joseph de la Rivière Bleue, VL",QC,1921,1921,1,2
Q112912456,Saint-Joseph-de-Soulanges,PLACE_QC089003,CSD,St. Joseph de Soulanges,QC,1851,1921,8,2
Q112912456,Saint-Joseph-de-Soulanges,PLACE_QC089011,CSD,"St. Joseph de Soulanges N., VL",QC,1921,1921,1,2
Q112912459,Saint-Jovite,PLACE_QC197011,CSD,St. Jovite,QC,1881,1901,3,2
Q112912459,Saint-Jovite,PLACE_QC096023,CSD,"St. Jovite, VL",QC,1921,1921,1,2
Q112912472,Saint-Justin,PLACE_QC069010_1921,CSD,St. Justin,QC,1861,1921,6,2
Q112912472,Saint-Justin,PLACE_QC085004_1881,CSD,St. Justin,QC,1881,1881,1,2
Q112912478,Saint-Laurent,PLACE_QC076032,CSD,"St. Laurent, T-V",QC,1891,1921,4,2
Q112912478,Saint-Laurent,PLACE_QC076010,CSD,"St. Laurent, par.",QC,1921,1921,1,2
Q112912500,Saint-Louis,PLACE_QC082004_1921,CSD,St. Louis de Bonsecours,QC,1881,1921,5,2
Q112912500,Saint-Louis,PLACE_QC181005,CSD,St. Louis de Bonsecours,QC,1881,1891,2,2
Q112912505,Saint-Louis,PLACE_QC061017,CSD,"Kamouraska, Village",QC,1861,1921,7,2
Q112912505,Saint-Louis,PLACE_QC061011,CSD,St. Louis de Kamouraska,QC,1901,1921,3,2
Q112912646,Saint-Patrice,PLACE_QC176011,CSD,St. Patrice de Rawdon,QC,1881,1911,4,2
Q112912646,Saint-Patrice,PLACE_QC073010_1921,CSD,St. Patrice de Rawdon,QC,1921,1921,1,2
Q112912675,Saint-Paulin,PLACE_QC173009_1911,CSD,St. Paulin,QC,1911,1911,1,2
Q112912675,Saint-Paulin,PLACE_QC069012_1921,CSD,St. Paulin,QC,1921,1921,1,2
Q112912693,Saint-Pie,PLACE_QC039017,CSD,"St. Pie, VL",QC,1851,1921,8,2
Q112912693,Saint-Pie,PLACE_QC039009_1911,CSD,St. Pie,QC,1911,1921,2,2
Q112912724,Saint-Polycarpe,PLACE_QC089012,CSD,"St. Polycarpe, Village",QC,1851,1921,8,2
Q112912724,Saint-Polycarpe,PLACE_QC089004_1891,CSD,St. Polycarpe,QC,1891,1921,4,2
Q112912733,Saint-Raphaël,PLACE_QC141012,CSD,St. Raphaël,QC,1851,1901,6,3
Q112912733,Saint-Raphaël,PLACE_QC146012_1911,CSD,St. Raphaël,QC,1911,1911,1,3
Q112912733,Saint-Raphaël,PLACE_QC042015_1921,CSD,St. Raphael,QC,1921,1921,1,3
Q112912743,Saint-Rémi,PLACE_QC077005,CSD,St. Rémi,QC,1851,1921,8,2
Q112912743,Saint-Rémi,PLACE_QC077007,CSD,"St. Rémi, Village",QC,1871,1921,6,2
Q112912788,Saint-Siméon,PLACE_QC048010_1901,CSD,St. Siméon,QC,1871,1921,6,2
Q112912788,Saint-Siméon,PLACE_QC048016_1911,CSD,"St. Siméon, VL",QC,1911,1921,2,2
Q112912808,Saint-Sylvestre,PLACE_QC068027,CSD,"St. Sylvestre, VL",QC,1851,1921,8,2
Q112912808,Saint-Sylvestre,PLACE_QC068018_1921,CSD,St. Sylvestre de Beaurivage,QC,1921,1921,1,2
Q112912821,Saint-Thomas,PLACE_QC074013_1851,CSD,St. Thomas,QC,1851,1921,8,2
Q112912821,Saint-Thomas,PLACE_QC177011,CSD,Clarendon S,QC,1891,1891,1,2
Q112912837,Saint-Timothée,PLACE_QC041013_1921,CSD,"St. Timothée, VL",QC,1851,1921,8,2
Q112912837,Saint-Timothée,PLACE_QC041006_1921,CSD,St. Timothée,QC,1921,1921,1,2
Q112912857,Saint-Victor,PLACE_QC139027,CSD,St. Victor de Tring,QC,1891,1901,2,3
Q112912857,Saint-Victor,PLACE_QC144029_1911,CSD,St. Victor de Tring,QC,1911,1911,1,3
Q112912857,Saint-Victor,PLACE_QC040020_1921,CSD,St. Victor de Tring,QC,1921,1921,1,3
Q112912862,Saint-Vincent-de-Paul,PLACE_QC076046,CSD,St. Vincent de Paul,QC,1851,1921,6,3
Q112912862,Saint-Vincent-de-Paul,PLACE_QC163014_1901,CSD,St. Vincent de Paul,QC,1901,1901,1,3
Q112912862,Saint-Vincent-de-Paul,PLACE_QC168010_1911,CSD,St. Vincent de Paul,QC,1911,1911,1,3
Q112912879,Saint-Zotique,PLACE_QC089006,CSD,St. Zotique,QC,1851,1921,8,2
Q112912879,Saint-Zotique,PLACE_QC089013,CSD,"St. Zotique, VL",QC,1921,1921,1,2
Q112912881,Sainte-Adèle,PLACE_QC055002_1861,CSD,Ste. Adèle,QC,1861,1861,1,4
Q112912881,Sainte-Adèle,PLACE_QC197002,CSD,Ste. Adèle,QC,1871,1901,4,4
Q112912881,Sainte-Adèle,PLACE_QC202002_1911,CSD,Ste. Adèle,QC,1911,1911,1,4
Q112912881,Sainte-Adèle,PLACE_QC096006_1921,CSD,Ste. Adèle,QC,1921,1921,1,4
Q112912885,Sainte-Agathe,PLACE_QC068004_1921,CSD,Ste. Agathe,QC,1851,1921,8,2
Q112912885,Sainte-Agathe,PLACE_QC068025,CSD,"Ste. Agathe, VL",QC,1921,1921,1,2
Q112912915,Sainte-Anne-de-Beaupré,PLACE_QC075004_1921,CSD,Ste. Anne de Beaupré,QC,1921,1921,1,2
Q112912915,Sainte-Anne-de-Beaupré,PLACE_QC075014,CSD,"Ste. Anne de Beaupré, VL",QC,1921,1921,1,2
Q112912921,Sainte-Anne-du-Sault,PLACE_QC153014_1891,CSD,Ste. Anne du Sault,QC,1891,1891,1,3
Q112912921,Sainte-Anne-du-Sault,PLACE_QC158014_1911,CSD,Ste. Anne du Sault,QC,1901,1911,2,3
Q112912921,Sainte-Anne-du-Sault,PLACE_QC038008_1921,CSD,Ste. Anne du Sault,QC,1921,1921,1,3
Q112912944,Sainte-Cécile,PLACE_QC041001_1921,CSD,Ste. Cécile,QC,1861,1921,7,2
Q112912944,Sainte-Cécile,PLACE_QC041012,CSD,"Ste. Cécile, VL",QC,1921,1921,1,2
Q112912949,Sainte-Cécile,PLACE_QC193012,CSD,Ste. Cécile du Bic,QC,1861,1911,6,2
Q112912949,Sainte-Cécile,PLACE_QC084006_1921,CSD,Ste. Cécile du Bic,QC,1921,1921,1,2
Q112912981,Sainte-Eulalie,PLACE_QC184009,CSD,Ste. Eulalie,QC,1871,1911,5,2
Q112912981,Sainte-Eulalie,PLACE_QC078009_1921,CSD,Ste. Eulalie,QC,1921,1921,1,2
Q112912993,Sainte-Flore,PLACE_QC093008_1921,CSD,Ste. Flore,QC,1861,1921,6,2
Q112912993,Sainte-Flore,PLACE_QC146008_1901,CSD,Ste. Flore,QC,1901,1901,1,2
Q112912999,Sainte-Geneviève,PLACE_QC076037,CSD,"Ste. Geneviève, VL",QC,1861,1921,7,3
Q112912999,Sainte-Geneviève,PLACE_QC076008_1921,CSD,"Ste. Geneviève, par.",QC,1921,1921,1,3
Q112912999,Sainte-Geneviève,PLACE_QC076038,CSD,"Ste. Geneviève de Pierrefonds, VL",QC,1921,1921,1,3
Q112913028,Sainte-Julie,PLACE_QC082007_1851,CSD,Ste. Julie,QC,1851,1851,1,2
Q112913028,Sainte-Julie,PLACE_QC098004_1861,CSD,Ste. Julie,QC,1861,1921,7,2
Q112913106,Sainte-Rose-de-Lima,PLACE_QC076049,CSD,"Ste. Rose, Village",QC,1871,1921,6,3
Q112913106,Sainte-Rose-de-Lima,PLACE_QC168009_1911,CSD,Ste. Rose,QC,1871,1911,5,3
Q112913106,Sainte-Rose-de-Lima,PLACE_QC076045,CSD,"Ste. Rose, par.",QC,1921,1921,1,3
Q112913108,Sainte-Scholastique,PLACE_QC052011_1881,CSD,Ste. Scholastique,QC,1851,1921,8,2
Q112913108,Sainte-Scholastique,PLACE_QC052015,CSD,"Ste. Scholastique, Village",QC,1861,1921,7,2
Q1138837,Cranbrook,PLACE_BC210002,CSD,Cranbrook,BC,1911,1921,2,2
Q1138837,Cranbrook,PLACE_BC210005,CSD,"Cranbrook, C",BC,1911,1921,2,2
Q115134672,Strathroy,PLACE_ON168006,CSD,"Strathroy, Village",ON,1861,1881,3,2
Q115134672,Strathroy,PLACE_ON128018,CSD,"Strathroy, Town—Ville",ON,1891,1921,4,2
Q115261272,Derby,PLACE_ON011004_1851,CSD,Derby,ON,1851,1851,1,2
Q115261272,Derby,PLACE_ON114004,CSD,Derby,ON,1861,1921,7,2
Q115261521,Fullarton,PLACE_ON137007_1891,CSD,Fullarton,ON,1851,1921,8,2
Q115261521,Fullarton,PLACE_ON092007,CSD,Blezard & Hanmer,ON,1901,1901,1,2
Q115261670,Hallowell,PLACE_ON140003_1911,CSD,Hallowell,ON,1851,1921,8,2
Q115261670,Hallowell,PLACE_ON119009,CSD,Morris,ON,1861,1921,7,2
Q115261675,Hamilton,PLACE_ON132005_1891,CSD,Hamilton,ON,1851,1921,7,2
Q115261675,Hamilton,PLACE_ON124003_1881,CSD,Hamilton,ON,1881,1881,1,2
Q115261796,Howland,PLACE_ON054047,CSD,Howland,ON,1891,1911,3,2
Q115261796,Howland,PLACE_ON127014_1921,CSD,Howland,ON,1921,1921,1,2
Q115261809,Hungerford,PLACE_ON015010,CSD,Hungerford,ON,1851,1851,1,2
Q115261809,Hungerford,PLACE_ON118009,CSD,Hungerford,ON,1851,1921,8,2
Q115261968,Lanark,PLACE_ON123008,CSD,Lanark,ON,1851,1921,8,2
Q115261968,Lanark,PLACE_ON082008,CSD,Algona,ON,1861,1871,2,2
Q115262006,Lebel,PLACE_ON099091,CSD,Lebel,ON,1911,1911,1,2
Q115262006,Lebel,PLACE_ON148107_1921,CSD,Lebel,ON,1921,1921,1,2
Q115262118,Macpherson,PLACE_ON099100_1911,CSD,Macpherson,ON,1911,1911,1,2
Q115262118,Macpherson,PLACE_ON130054,CSD,Macpherson,ON,1921,1921,1,2
Q115262520,Otonabee,PLACE_ON112009,CSD,Otonabee,ON,1851,1911,7,2
Q115262520,Otonabee,PLACE_ON138014_1921,CSD,Otonabee,ON,1921,1921,1,2
Q115263205,Billings,PLACE_ON054008,CSD,Billings,ON,1891,1911,3,2
Q115263205,Billings,PLACE_ON127005_1921,CSD,Billings,ON,1921,1921,1,2
Q1207513,Leduc,PLACE_NT202065,CSD,Leduc,NT,1901,1901,1,2
Q1207513,Leduc,PLACE_AB199019,CSD,"Leduc, T-V",AB,1911,1921,2,2
Q126805,St. Catharines,PLACE_ON021002,CSD,"St. Catherines, Town—Ville",ON,1851,1871,3,3
Q126805,St. Catharines,PLACE_ON126009,CSD,"St. Catharines, C",ON,1881,1921,4,3
Q126805,St. Catharines,PLACE_ON093009_1911,CSD,St Catharines c,ON,1911,1911,1,3
Q1293527,Albert County,CD_NB_Albert,CD,Albert,NB,1871,1901,4,2
Q1293527,Albert County,CD_NB_Albert_1921,CD,Albert,NB,1921,1921,1,2
Q133116,Hamilton,CD_ON_Hamilton,CD,Hamilton,ON,1851,1871,3,5
Q133116,Hamilton,CD_ON_Hamilton_City,CD,Hamilton City,ON,1881,1901,3,5
Q133116,Hamilton,PLACE_ON077001_1911,CSD,Hamilton c part,ON,1911,1911,1,5
Q133116,Hamilton,PLACE_ON078001,CSD,Hamilton c part,ON,1911,1911,1,5
Q133116,Hamilton,PLACE_ON153009,CSD,"Hamilton, C",ON,1921,1921,1,5
Q1336,Rimouski,PLACE_QC071014_1851,CSD,Rimouski,QC,1851,1851,1,3
Q1336,Rimouski,PLACE_QC084019,CSD,"Rimouski, Town—Ville",QC,1871,1921,6,3
Q1336,Rimouski,PLACE_QC188007,CSD,Rimouski,QC,1881,1901,3,3
Q1363726,Okotoks,PLACE_NT202085,CSD,Okotoks,NT,1901,1901,1,2
Q1363726,Okotoks,PLACE_AB192020,CSD,"Okotoks, T-V",AB,1911,1921,2,2
Q136480718,Sidney,PLACE_ON121001,CSD,Sidney,ON,1851,1881,4,2
Q136480718,Sidney,PLACE_ON118018_1921,CSD,Sidney,ON,1921,1921,1,2
Q136503203,Murray,PLACE_ON123005_1851,CSD,Murray,ON,1851,1881,4,5
Q136503203,Murray,PLACE_ON099007_1891,CSD,Murray,ON,1891,1891,1,5
Q136503203,Murray,PLACE_ON095007_1901,CSD,Murray,ON,1901,1901,1,5
Q136503203,Murray,PLACE_ON101003_1911,CSD,Murray,ON,1911,1911,1,5
Q136503203,Murray,PLACE_ON132007_1921,CSD,Murray,ON,1921,1921,1,5
Q137772105,Saint-Raymond,PLACE_QC143009,CSD,St. Raymond,QC,1851,1871,3,3
Q137772105,Saint-Raymond,PLACE_QC080018,CSD,St. Raymond-Nonnat,QC,1881,1921,5,3
Q137772105,Saint-Raymond,PLACE_QC080034,CSD,"St. Raymond, VL",QC,1901,1921,3,3
Q138018022,Chambly,PLACE_QC067005,CSD,"Chambly, Village",QC,1851,1881,4,2
Q138018022,Chambly,PLACE_QC046002,CSD,Chambly,QC,1861,1921,7,2
Q138053472,Linière,PLACE_QC158007,CSD,Linière,QC,1851,1871,3,2
Q138053472,Linière,PLACE_QC040023,CSD,"Linière, VL",QC,1921,1921,1,2
Q138094585,Upton,PLACE_QC039018_1881,CSD,"St. Ephrem d’Upton, Village",QC,1881,1921,5,2
Q138094585,Upton,PLACE_QC058008_1881,CSD,St. Ephrem d'Upton,QC,1881,1881,1,2
Q138103957,Saint-Guillaume,PLACE_QC153021,CSD,St. Guillaume,QC,1871,1891,3,2
Q138103957,Saint-Guillaume,PLACE_QC100019,CSD,"St. Guillaume, VL",QC,1911,1921,2,2
Q138207981,Dunham,PLACE_QC072001,CSD,Dunham,QC,1851,1921,8,2
Q138207981,Dunham,PLACE_QC072017,CSD,"Dunham, Village",QC,1871,1921,6,2
Q1382237,Churchbridge,PLACE_NT203017,CSD,Churchbridge,NT,1901,1901,1,2
Q1382237,Churchbridge,PLACE_SK175034,CSD,"Churchbridge, VL",SK,1911,1921,2,2
Q138228646,Compton,PLACE_QC051006,CSD,Compton,QC,1851,1921,8,2
Q138228646,Compton,PLACE_QC051020,CSD,"Compton, VL",QC,1901,1921,3,2
Q138277576,Coteau-du-Lac,PLACE_QC089001_1881,CSD,St. Ignace,QC,1851,1921,8,2
Q138277576,Coteau-du-Lac,PLACE_QC089007,CSD,"Côteau du Lac, VL",QC,1911,1921,2,2
Q138456226,Dudswell,PLACE_QC192005,CSD,Dudswell,QC,1851,1911,7,2
Q138456226,Dudswell,PLACE_QC099002_1921,CSD,Dudswell,QC,1921,1921,1,2
Q138721960,Saint-André-Avellin,PLACE_QC160033,CSD,St. André Avelin,QC,1871,1901,4,2
Q138721960,Saint-André-Avellin,PLACE_QC062048_1921,CSD,St. André Avelin,QC,1921,1921,1,2
Q138779669,Saint-Gédéon,PLACE_QC063018,CSD,St. Gédéon,QC,1881,1921,5,2
Q138779669,Saint-Gédéon,PLACE_QC063033,CSD,"St. Gédéon, VL",QC,1921,1921,1,2
Q138841,Beloeil,PLACE_QC098001_1911,CSD,Belœil,QC,1851,1921,3,4
Q138841,Beloeil,PLACE_QC145012,CSD,Beloeil,QC,1861,1901,5,4
Q138841,Beloeil,PLACE_QC150018,CSD,Beloeil vl,QC,1911,1911,1,4
Q138841,Beloeil,PLACE_QC098009_1921,CSD,"Beloeil, T-V",QC,1921,1921,1,4
Q138972308,La Malbaie,PLACE_QC152004,CSD,Malbaie,QC,1851,1911,7,2
Q138972308,La Malbaie,PLACE_QC048014_1901,CSD,"Malbaie, VL",QC,1901,1921,3,2
Q1391099,Almonte,PLACE_ON112002_1871,CSD,"Almonte, Town—Ville",ON,1871,1881,2,2
Q1391099,Almonte,PLACE_ON123015,CSD,"Almonte, Town—Ville",ON,1891,1921,4,2
Q139190,Terrebonne,PLACE_QC099001,CSD,"Terrebonne, Town—Ville",QC,1851,1871,3,2
Q139190,Terrebonne,PLACE_QC096021,CSD,"Terrebonne, Town—Ville",QC,1861,1921,7,2
Q139231,Baie-Saint-Paul,PLACE_QC048001_1851,CSD,Baie St. Paul,QC,1851,1921,8,2
Q139231,Baie-Saint-Paul,PLACE_QC048012_1901,CSD,"Baie St. Paul, T-V",QC,1901,1921,3,2
Q139398,Longueuil,PLACE_QC046007,CSD,"Longueuil, Town—Ville",QC,1851,1921,8,3
Q139398,Longueuil,PLACE_QC011005,CSD,"Longueuil, Parish",QC,1861,1861,1,3
Q139398,Longueuil,PLACE_QC150003_1911,CSD,Longueuil,QC,1871,1911,5,3
Q139415,Windsor,PLACE_QC083008,CSD,Windsor,QC,1851,1921,8,2
Q139415,Windsor,PLACE_QC083012,CSD,"Windsor Mills, Village",QC,1881,1921,5,2
Q139493759,Champlain,PLACE_QC012003,CSD,Champlain,QC,1861,1861,1,3
Q139493759,Champlain,PLACE_QC047002_1871,CSD,La Visitation,QC,1871,1921,6,3
Q139493759,Champlain,PLACE_QC047034,CSD,"Champlain, VL",QC,1921,1921,1,3
Q139541242,Lotbinière,PLACE_QC049003_1871,CSD,Lotbinière,QC,1851,1881,4,2
Q139541242,Lotbinière,PLACE_QC068023,CSD,"Lotbinière, VL",QC,1921,1921,1,2
Q139588,Côte Saint-Luc,PLACE_QC162025,CSD,Côte St. Luc vl,QC,1911,1911,1,2
Q139588,Côte Saint-Luc,PLACE_QC076036,CSD,"Côte St. Luc, VL",QC,1921,1921,1,2
Q141410,Louiseville,PLACE_QC073007_1851,CSD,Rivière du Loup,QC,1851,1851,1,4
Q141410,Louiseville,PLACE_QC085001,CSD,L'Ange Gardien,QC,1851,1921,8,4
Q141410,Louiseville,PLACE_QC069003_1891,CSD,Rivière du Loup,QC,1861,1921,7,4
Q141410,Louiseville,PLACE_QC069014,CSD,"Louiseville, Town—Ville",QC,1881,1921,5,4
Q141420,Marieville,PLACE_QC123005,CSD,Ste. Marie,QC,1851,1871,3,5
Q141420,Marieville,PLACE_QC085011,CSD,"Marieville, T-V",QC,1861,1921,7,5
Q141420,Marieville,PLACE_QC063004_1881,CSD,Ste. Marie de Monnoir,QC,1881,1881,1,5
Q141420,Marieville,PLACE_QC085007,CSD,Ste. Marie de Monnoir,QC,1891,1921,4,5
Q141420,Marieville,PLACE_QC072004,CSD,N. D. des Anges de Stanbridge,QC,1921,1921,1,5
Q141492,Sainte-Anne-des-Plaines,PLACE_QC099006,CSD,Ste. Anne,QC,1851,1871,3,2
Q141492,Sainte-Anne-des-Plaines,PLACE_QC096008,CSD,Ste. Anne des Plaines,QC,1881,1921,5,2
Q141500,Sainte-Anne-de-Bellevue,PLACE_QC108006,CSD,Ste. Anne,QC,1851,1871,3,2
Q141500,Sainte-Anne-de-Bellevue,PLACE_QC076031_1881,CSD,"Ste. Anne de Bellevue, Village",QC,1881,1921,5,2
Q141505,Saint-Eustache,PLACE_QC056007,CSD,"Gaspé Bay N & Sydenham, Township",QC,1851,1851,1,3
Q141505,Saint-Eustache,PLACE_QC080008,CSD,"St. Eustache, Parish",QC,1851,1851,1,3
Q141505,Saint-Eustache,PLACE_QC052006_1921,CSD,St. Eustache,QC,1861,1921,7,3
Q141511,Saint-Félicien,PLACE_QC076028,CSD,St. Félicien,QC,1881,1881,1,3
Q141511,Saint-Félicien,PLACE_QC063016,CSD,"St. Félicien, par.",QC,1901,1921,3,3
Q141511,Saint-Félicien,PLACE_QC063032,CSD,"St. Félicien, VL",QC,1911,1921,2,3
Q141595,Nicolet,PLACE_QC078024,CSD,"Nicolet, T-V",QC,1851,1921,8,3
Q141595,Nicolet,PLACE_QC179005,CSD,Nicolet,QC,1891,1901,2,3
Q141595,Nicolet,PLACE_QC078003,CSD,Nicolet (St. Jean Baptiste),QC,1911,1921,2,3
Q141613,Saint-Joseph-de-Beauce,PLACE_QC040013,CSD,St. Joseph,QC,1851,1921,8,2
Q141613,Saint-Joseph-de-Beauce,PLACE_QC040027,CSD,"St. Joseph, Village",QC,1891,1921,4,2
Q141645,Ville-Marie,PLACE_QC185031,CSD,Ville-Marie vl,QC,1901,1911,2,2
Q141645,Ville-Marie,PLACE_QC094062,CSD,"Ville Marie, VL",QC,1921,1921,1,2
Q141652,Sainte-Marie,PLACE_QC040015,CSD,Ste. Marie,QC,1851,1921,8,2
Q141652,Sainte-Marie,PLACE_QC040028,CSD,"Ste. Marie, VL",QC,1921,1921,1,2
Q141658,Causapscal,PLACE_QC188022,CSD,St. Jacques le Majeur (Causapscal),QC,1901,1901,1,2
Q141658,Causapscal,PLACE_QC070001,CSD,Causapscal (St. Jacques le Majeur),QC,1921,1921,1,2
Q141699,Sept-Îles,PLACE_QC154066,CSD,Sept Iles vl,QC,1911,1911,1,2
Q141699,Sept-Îles,PLACE_QC086084,CSD,Sept Iles  (St. Joseph de),QC,1921,1921,1,2
Q141738,Sainte-Agathe-des-Monts,PLACE_QC202003,CSD,Ste. Agathe,QC,1871,1911,5,4
Q141738,Sainte-Agathe-des-Monts,PLACE_QC193003_1881,CSD,"Sherbrooke, Est, Ward—Quartier",QC,1881,1901,3,4
Q141738,Sainte-Agathe-des-Monts,PLACE_QC096018,CSD,"Ste. Agathe des Monts, T-V",QC,1901,1921,3,4
Q141738,Sainte-Agathe-des-Monts,PLACE_QC096007,CSD,Ste. Agathe des Monts,QC,1921,1921,1,4
Q141754,L'Assomption,PLACE_QC065002,CSD,L'Assomption,QC,1851,1921,8,2
Q141754,L'Assomption,PLACE_QC065011,CSD,"L'Assomption, T-V",QC,1851,1921,8,2
Q141760,Joliette,PLACE_QC025002,CSD,Joliette,QC,1861,1861,1,3
Q141760,Joliette,PLACE_QC163014,CSD,"Joliette, Town—Ville",QC,1871,1911,5,3
Q141760,Joliette,PLACE_QC060015_1921,CSD,"Joliette, C",QC,1921,1921,1,3
Q141777,Maniwaki,PLACE_QC057028,CSD,Maniwaki,QC,1891,1921,4,2
Q141777,Maniwaki,PLACE_QC057016_1911,CSD,Maniwaki,QC,1911,1921,2,2
Q141873,Saint-Hyacinthe,PLACE_QC050007,CSD,"St. Hyacinthe, Parish",QC,1851,1861,2,4
Q141873,Saint-Hyacinthe,PLACE_QC091012,CSD,"St. Hyacinthe, City—Cité",QC,1851,1921,8,4
Q141873,Saint-Hyacinthe,PLACE_QC121007,CSD,St. Hyacinthe,QC,1871,1871,1,4
Q141873,Saint-Hyacinthe,PLACE_QC091008,CSD,Notre-Dame,QC,1901,1921,3,4
Q141924,Boucherville,PLACE_QC046001,CSD,Boucherville,QC,1851,1921,8,2
Q141924,Boucherville,PLACE_QC046011,CSD,"Boucherville, Village",QC,1861,1921,7,2
Q141954,Roberval,PLACE_QC150009,CSD,Roberval,QC,1861,1871,2,3
Q141954,Roberval,PLACE_QC063027,CSD,"Roberval, Village",QC,1891,1921,4,3
Q141954,Roberval,PLACE_QC063009_1911,CSD,"Roberval, par. (Charlevoix, Roberval, Ouiatchouan tps.-cts.)",QC,1911,1921,2,3
Q141995,Thetford Mines,PLACE_QC050011_1881,CSD,Thetford,QC,1851,1881,4,2
Q141995,Thetford Mines,PLACE_QC071019,CSD,"Thetford Mines, C",QC,1911,1921,2,2
Q142014,Varennes,PLACE_QC098007,CSD,Varennes,QC,1851,1921,8,2
Q142014,Varennes,PLACE_QC098012,CSD,"Varennes, Village",QC,1871,1921,6,2
Q142020,Lac-Mégantic,PLACE_QC155024,CSD,Lac Mégantic vl,QC,1891,1911,3,2
Q142020,Lac-Mégantic,PLACE_QC055022,CSD,"Mégantic, T-V",QC,1921,1921,1,2
Q142035,Beaconsfield,PLACE_QC162011_1911,CSD,Beaconsfield t-v,QC,1911,1911,1,2
Q142035,Beaconsfield,PLACE_QC076018_1921,CSD,"Beaconsfield, T-V",QC,1921,1921,1,2
Q142039,Salaberry-de-Valleyfield,PLACE_QC140002,CSD,"Salaberry de Valleyfield, Town—Ville",QC,1881,1891,2,2
Q142039,Salaberry-de-Valleyfield,PLACE_QC041007_1901,CSD,"Valleyfield (Salaberry de), C",QC,1901,1921,3,2
Q142058,Mont-Laurier,PLACE_QC165055,CSD,Mont Laurier vl,QC,1911,1911,1,2
Q142058,Mont-Laurier,PLACE_QC062065,CSD,"Mont Laurier, VL",QC,1921,1921,1,2
Q142087,Sainte-Thérèse,PLACE_QC096020,CSD,"Ste. Thérèse, T-V",QC,1851,1921,8,3
Q142087,Sainte-Thérèse,PLACE_QC099003,CSD,"Ste. Thérèse, Parish",QC,1851,1871,3,3
Q142087,Sainte-Thérèse,PLACE_QC096016,CSD,Ste. Thérèse,QC,1881,1921,5,3
Q142151,Trois-Pistoles,PLACE_QC095027,CSD,Trois Pistoles,QC,1851,1921,8,2
Q142151,Trois-Pistoles,PLACE_QC095030,CSD,"Trois Pistoles, T-V",QC,1921,1921,1,2
Q142250,Lachute,PLACE_QC080012,CSD,Lachute,QC,1851,1851,1,2
Q142250,Lachute,PLACE_QC037014,CSD,"Lachute, Town—Ville",QC,1891,1921,4,2
Q142271,Pointe-Claire,PLACE_QC024003,CSD,La Pointe Claire,QC,1851,1861,2,5
Q142271,Pointe-Claire,PLACE_QC092003,CSD,"Pointe Claire, Village",QC,1871,1881,2,5
Q142271,Pointe-Claire,PLACE_QC092004_1871,CSD,Pointe Claire,QC,1871,1881,2,5
Q142271,Pointe-Claire,PLACE_QC162017,CSD,Pointe Claire t-v,QC,1911,1911,1,5
Q142271,Pointe-Claire,PLACE_QC076029_1921,CSD,"Pointe Claire, T-V",QC,1921,1921,1,5
Q142306,Richelieu,PLACE_QC123001,CSD,Richelieu,QC,1871,1871,1,2
Q142306,Richelieu,PLACE_QC085013,CSD,"Richelieu, Village",QC,1891,1921,4,2
Q142397,Warwick,PLACE_QC038025,CSD,"Warwick, VL",QC,1851,1921,8,2
Q142397,Warwick,PLACE_QC038019,CSD,Warwick,QC,1891,1921,4,2
Q142405,Saint-Ours,PLACE_QC070002,CSD,"St. Ours, Parish",QC,1851,1851,1,3
Q142405,Saint-Ours,PLACE_QC082012,CSD,"St. Ours, Town—Ville",QC,1851,1921,8,3
Q142405,Saint-Ours,PLACE_QC082006,CSD,St. Ours,QC,1861,1921,7,3
Q142430,Portneuf,PLACE_QC080029,CSD,"Portneuf, VL",QC,1871,1921,6,2
Q142430,Portneuf,PLACE_QC080008_1921,CSD,Portneuf (Notre Dame de),QC,1921,1921,1,2
Q142451,Saint-Pascal,PLACE_QC165010,CSD,St. Paschal,QC,1851,1871,3,2
Q142451,Saint-Pascal,PLACE_QC061014,CSD,St. Pascal,QC,1901,1921,3,2
Q142490,Neuville,PLACE_QC186007,CSD,Pointe aux Trembles,QC,1851,1911,7,3
Q142490,Neuville,PLACE_QC080006_1921,CSD,Neuville (Pointe aux Trembles),QC,1921,1921,1,3
Q142490,Neuville,PLACE_QC080026,CSD,"Neuville, VL",QC,1921,1921,1,3
Q142516,Princeville,PLACE_QC153037,CSD,Stanfold,QC,1851,1901,6,3
Q142516,Princeville,PLACE_QC038024,CSD,"Princeville, Village",QC,1871,1921,6,3
Q142516,Princeville,PLACE_QC038006,CSD,Princeville (Stanfold),QC,1911,1921,2,3
Q142521,Sutton,PLACE_QC045006_1851,CSD,Sutton,QC,1851,1921,8,2
Q142521,Sutton,PLACE_QC045011_1901,CSD,"Sutton, VL",QC,1901,1921,3,2
Q1427108,Dundurn,PLACE_NT204017,CSD,Dundurn,NT,1901,1901,1,2
Q1427108,Dundurn,PLACE_SK181036,CSD,"Dundurn, VL",SK,1911,1921,2,2
Q1427938,Duck Lake,PLACE_NT205019,CSD,Duck Lake,NT,1901,1901,1,2
Q1427938,Duck Lake,PLACE_SK185027,CSD,"Duck Lake, T-V",SK,1911,1921,2,2
Q143227,Saint-Georges,PLACE_QC139014,CSD,St. George,QC,1851,1901,6,2
Q143227,Saint-Georges,PLACE_QC040001_1911,CSD,Aubert Gallion (St. Georges),QC,1911,1921,2,2
Q143360,Saint-Sauveur,PLACE_QC055007_1861,CSD,St. Sauveur,QC,1861,1861,1,2
Q143360,Saint-Sauveur,PLACE_QC197015,CSD,St. Sauveur,QC,1871,1901,4,2
Q1436530,Nipissing District,CD_ON_Nipissing,CD,Nipissing,ON,1861,1861,1,2
Q1436530,Nipissing District,CD_ON_Nipissing_1891,CD,Nipissing,ON,1891,1921,4,2
Q1438830,Fort William,PLACE_ON182031,CSD,Fort William,ON,1881,1881,1,2
Q1438830,Fort William,PLACE_ON147036,CSD,"Fort William, C",ON,1901,1921,3,2
Q1474128,Lachine,PLACE_QC076012,CSD,"Lachine, C",QC,1851,1921,8,2
Q1474128,Lachine,PLACE_QC158001_1881,CSD,Lachine,QC,1851,1891,5,2
Q14875251,Leeds County,CD_ON_Leeds,CD,Leeds,ON,1851,1861,2,2
Q14875251,Leeds County,CD_ON_Leeds_1911,CD,Leeds,ON,1911,1921,2,2
Q14875509,Bécancour,PLACE_QC078001,CSD,Bécancour,QC,1851,1921,8,2
Q14875509,Bécancour,PLACE_QC078026,CSD,"Bécancour, VL",QC,1911,1921,2,2
Q14875569,Sainte-Foy,PLACE_QC069008_1851,CSD,Ste. Foye,QC,1851,1851,1,2
Q14875569,Sainte-Foy,PLACE_QC081010,CSD,Ste. Foye,QC,1881,1921,5,2
Q14875636,Saint Stephen Parish,PLACE_NB175009,CSD,Saint Stephen,NB,1871,1871,1,3
Q14875636,Saint Stephen Parish,PLACE_NB013015,CSD,St. Stephen's,NB,1881,1891,2,3
Q14875636,Saint Stephen Parish,PLACE_NB024014,CSD,St. Stephen,NB,1901,1921,3,3
Q1520380,Victoria County,CD_NB_Victoria,CD,Victoria,NB,1871,1911,5,2
Q1520380,Victoria County,CD_NB_Victoria_1921,CD,Victoria,NB,1921,1921,1,2
Q1525404,Wellington County,CD_ON_Wellington,CD,Wellington,ON,1851,1861,2,2
Q1525404,Wellington County,CD_ON_Wellington_1921,CD,Wellington,ON,1921,1921,1,2
Q1588807,Hastings County,CD_ON_Hastings,CD,Hastings,ON,1851,1861,2,2
Q1588807,Hastings County,CD_ON_Hastings_1921,CD,Hastings,ON,1921,1921,1,2
Q1617717,Stormont County,CD_ON_Stormont,CD,Stormont,ON,1851,1881,4,2
Q1617717,Stormont County,CD_ON_Stormont_1891,CD,Stormont,ON,1891,1921,4,2
Q1638493,Huron County,CD_ON_Huron,CD,Huron,ON,1851,1861,2,2
Q1638493,Huron County,CD_ON_Huron_1921,CD,Huron,ON,1921,1921,1,2
Q1639696,Yorkton,PLACE_NT203109,CSD,Yorkton,NT,1901,1901,1,2
Q1639696,Yorkton,PLACE_SK179020,CSD,"Yorkton, T-V",SK,1911,1921,2,2
Q16461,Nanaimo,PLACE_BC010006,CSD,Nanaimo c,BC,1901,1911,2,2
Q16461,Nanaimo,PLACE_BC212009,CSD,"Nanaimo and suburbs, C",BC,1921,1921,1,2
Q1658351,Brenda,PLACE_MB009004,CSD,Brenda,MB,1891,1891,1,2
Q1658351,Brenda,PLACE_MB158003,CSD,Brenda,MB,1901,1921,2,2
Q1658423,Cartier,PLACE_MB184006,CSD,Cartier,MB,1881,1881,1,3
Q1658423,Cartier,PLACE_MB008001_1891,CSD,Cartier,MB,1891,1891,1,3
Q1658423,Cartier,PLACE_MB160001_1921,CSD,Cartier,MB,1921,1921,1,3
Q1659017,Dufferin,PLACE_MB009011,CSD,Dufferin N,MB,1881,1891,2,3
Q1659017,Dufferin,PLACE_MB009012,CSD,Dufferin S,MB,1881,1891,2,3
Q1659017,Dufferin,PLACE_MB160003,CSD,Dufferin,MB,1901,1921,2,3
Q1660587,Lansdowne,PLACE_MB007013_1891,CSD,Landsdowne,MB,1891,1891,1,3
Q1660587,Lansdowne,PLACE_MB008006_1901,CSD,Lansdowne,MB,1901,1901,1,3
Q1660587,Lansdowne,PLACE_MB164004_1921,CSD,Lansdowne,MB,1921,1921,1,3
Q1660715,Minitonas,PLACE_MB009027,CSD,Minitonas,MB,1901,1901,1,2
Q1660715,Minitonas,PLACE_MB169001_1921,CSD,Minitonas,MB,1921,1921,1,2
Q1661004,Portage la Prairie,PLACE_MB186005,CSD,Portage,MB,1881,1881,1,2
Q1661004,Portage la Prairie,PLACE_MB160007,CSD,Portage la Prairie,MB,1891,1921,3,2
Q1661040,Ritchot,PLACE_MB010009_1901,CSD,Ritchot,MB,1901,1901,1,2
Q1661040,Ritchot,PLACE_MB160008_1921,CSD,Ritchot,MB,1921,1921,1,2
Q1661133,Roland,PLACE_MB018015,CSD,Roland vl (T4 R4 MW1),MB,1911,1911,1,2
Q1661133,Roland,PLACE_MB156006,CSD,Roland,MB,1921,1921,1,2
Q1661149,Rosedale,PLACE_MB008013,CSD,Rosedale,MB,1891,1901,2,2
Q1661149,Rosedale,PLACE_MB164006_1921,CSD,Rosedale,MB,1921,1921,1,2
Q1661244,Rosser,PLACE_MB011010_1901,CSD,Rosser,MB,1901,1901,1,2
Q1661244,Rosser,PLACE_MB163004_1921,CSD,Rosser,MB,1921,1921,1,2
Q1661391,Springfield,PLACE_MB011012,CSD,Springfield,MB,1881,1901,3,2
Q1661391,Springfield,PLACE_MB159007_1921,CSD,Springfield,MB,1921,1921,1,2
Q1661409,St. Andrews,PLACE_MB022003,CSD,St. Andrews,MB,1881,1911,4,2
Q1661409,St. Andrews,PLACE_MB163005_1921,CSD,St. Andrews,MB,1921,1921,1,2
Q1661430,St. Clements,PLACE_MB185002,CSD,St. Clément,MB,1881,1881,1,3
Q1661430,St. Clements,PLACE_MB022004,CSD,St. Clements,MB,1891,1911,3,3
Q1661430,St. Clements,PLACE_MB159005_1921,CSD,St. Clements,MB,1921,1921,1,3
Q1661880,Westbourne,PLACE_MB008014,CSD,Westbourne,MB,1881,1901,3,2
Q1661880,Westbourne,PLACE_MB164007_1921,CSD,Westbourne,MB,1921,1921,1,2
Q1661973,Whitewater,PLACE_MB009029,CSD,Whitewater,MB,1891,1891,1,2
Q1661973,Whitewater,PLACE_MB158007,CSD,Whitewater,MB,1901,1921,2,2
Q1670967,Kings County,CD_NB_King's,CD,King's,NB,1871,1901,4,2
Q1670967,Kings County,CD_NB_Kings,CD,Kings,NB,1921,1921,1,2
Q1693101,Shelburne,PLACE_NS013003,CSD,"Shelburn, Town—Ville",NS,1871,1881,2,2
Q1693101,Shelburne,PLACE_NS019018,CSD,"Shelburne, T-V",NS,1891,1921,4,2
Q17108580,Lennox County,CD_ON_Lennox,CD,Lennox,ON,1851,1851,1,3
Q17108580,Lennox County,CD_ON_Lennox_1871,CD,Lennox,ON,1871,1901,4,3
Q17108580,Lennox County,CD_ON_Lennox_1921,CD,Lennox,ON,1921,1921,1,3
Q1742133,Kings County,CD_PE_King's,CD,King's,PE,1871,1891,3,2
Q1742133,Kings County,CD_PE_Kings,CD,Kings,PE,1901,1921,3,2
Q1743545,Cardston,PLACE_NT202024,CSD,Cardston,NT,1901,1901,1,2
Q1743545,Cardston,PLACE_AB190020,CSD,"Cardston, T-V",AB,1911,1921,2,2
Q1743705,High River,PLACE_NT202049,CSD,High River,NT,1901,1901,1,2
Q1743705,High River,PLACE_AB192018,CSD,"High River, T-V",AB,1911,1921,2,2
Q1743833,Lacombe,PLACE_NT202058,CSD,Lacombe,NT,1901,1901,1,2
Q1743833,Lacombe,PLACE_AB196028,CSD,"Lacombe, T-V",AB,1911,1921,2,2
Q1743949,Didsbury,PLACE_NT202036,CSD,Didsbury,NT,1901,1901,1,2
Q1743949,Didsbury,PLACE_AB194027,CSD,"Didsbury, T-V",AB,1911,1921,2,2
Q1743985,Peace River,PLACE_AB203029,CSD,"Peace River, T-V",AB,1921,1921,1,2
Q1743985,Peace River,PLACE_AB204016_1921,CSD,857. Peace,AB,1921,1921,1,2
Q1744046,Pincher Creek,PLACE_NT202091,CSD,Pincher Creek,NT,1901,1901,1,2
Q1744046,Pincher Creek,PLACE_AB190027,CSD,"Pincher Creek, T-V",AB,1911,1921,2,2
Q1744143,Nanton,PLACE_NT202082,CSD,Nanton,NT,1901,1901,1,2
Q1744143,Nanton,PLACE_AB192019,CSD,"Nanton, T-V",AB,1911,1921,2,2
Q1744192,Spirit River,PLACE_AB204013_1921,CSD,829. Spirit River,AB,1921,1921,1,2
Q1744192,Spirit River,PLACE_AB204026,CSD,"Spirit River, VL",AB,1921,1921,1,2
Q1746026,Morinville,PLACE_NT202079,CSD,Morinville,NT,1901,1901,1,2
Q1746026,Morinville,PLACE_AB199020,CSD,"Morinville, T-V",AB,1911,1921,2,2
Q1746515,Warner,PLACE_AB189031,CSD,"Warner, VL",AB,1911,1921,2,2
Q1746515,Warner,PLACE_AB189012,CSD,36. Warner,AB,1921,1921,1,2
Q179553,Saanich,PLACE_BC003012,CSD,Saanich N & S,BC,1881,1891,2,2
Q179553,Saanich,PLACE_BC212004,CSD,Saanich,BC,1911,1921,2,2
Q1798108,Parry Sound District,CD_ON_Parry_Sound,CD,Parry Sound,ON,1871,1871,1,2
Q1798108,Parry Sound District,CD_ON_Parry_Sound_1911,CD,Parry Sound,ON,1911,1921,2,2
Q1805026,Langenburg,PLACE_NT203062,CSD,Langenburg,NT,1901,1901,1,2
Q1805026,Langenburg,PLACE_SK175044,CSD,"Langenburg, VL",SK,1911,1921,2,2
Q1815566,Manitoulin District,CD_ON_Manitoulin,CD,Manitoulin,ON,1871,1871,1,2
Q1815566,Manitoulin District,CD_ON_Manitoulin_1921,CD,Manitoulin,ON,1921,1921,1,2
Q182625,Windsor,PLACE_ON181013,CSD,"Windsor, Town—Ville",ON,1861,1881,3,2
Q182625,Windsor,PLACE_ON110016,CSD,"Windsor, C",ON,1891,1921,4,2
Q1866018,Fort Qu'Appelle,PLACE_NT203040,CSD,Fort Qu’Appelle,NT,1901,1901,1,2
Q1866018,Fort Qu'Appelle,PLACE_SK176048,CSD,"Fort Qu'Appelle, VL",SK,1911,1921,2,2
Q1885163,Bruce Mines,PLACE_ON182018,CSD,Bruce Mines,ON,1871,1881,2,2
Q1885163,Bruce Mines,PLACE_ON102110,CSD,"Bruce Mines, T-V",ON,1911,1921,2,2
Q1886298,Carstairs,PLACE_NT202025,CSD,Carstairs,NT,1901,1901,1,2
Q1886298,Carstairs,PLACE_AB194035,CSD,"Carstairs, VL",AB,1911,1921,2,2
Q1893229,Revelstoke,PLACE_BC211002,CSD,Revelstoke,BC,1911,1921,2,2
Q1893229,Revelstoke,PLACE_BC211008,CSD,"Revelstoke, C",BC,1911,1921,2,2
Q1893562,Moosomin,PLACE_NT203068,CSD,"Moosomin, North—Nord",NT,1901,1901,1,3
Q1893562,Moosomin,PLACE_NT203069,CSD,"Moosomin, South—Sud",NT,1901,1901,1,3
Q1893562,Moosomin,PLACE_SK175026,CSD,"Moosomin, T-V",SK,1911,1921,2,3
Q1904554,Weyburn,PLACE_NT203100,CSD,Weyburn,NT,1901,1901,1,3
Q1904554,Weyburn,PLACE_NT203101,CSD,"Weyburn, North—Nord",NT,1901,1901,1,3
Q1904554,Weyburn,PLACE_SK172021,CSD,"Weyburn, C",SK,1911,1921,2,3
Q1909256,Balgonie,PLACE_NT204002,CSD,Balgonie,NT,1901,1901,1,2
Q1909256,Balgonie,PLACE_SK176023,CSD,"Balgonie, T-V",SK,1911,1921,2,2
Q1909957,Birch Hills,PLACE_NT205007,CSD,Birch Hills,NT,1901,1901,1,2
Q1909957,Birch Hills,PLACE_SK185033,CSD,"Birch Hills, VL",SK,1911,1921,2,2
Q1911196,Gull Lake,PLACE_NT204030,CSD,Gull Lake,NT,1901,1901,1,2
Q1911196,Gull Lake,PLACE_SK178027,CSD,"Gull Lake, T-V",SK,1911,1921,2,2
Q1911671,Indian Head,PLACE_NT203054,CSD,Indian Head,NT,1901,1901,1,2
Q1911671,Indian Head,PLACE_SK176025,CSD,"Indian Head, T-V",SK,1911,1921,2,2
Q1915278,Lumsden,PLACE_NT204037,CSD,Lumsden,NT,1901,1901,1,2
Q1915278,Lumsden,PLACE_SK176026,CSD,"Lumsden, T-V",SK,1911,1921,2,2
Q1915371,Maple Creek,PLACE_NT204038,CSD,Maple Creek,NT,1891,1901,2,2
Q1915371,Maple Creek,PLACE_SK174026,CSD,"Maple Creek, T-V",SK,1911,1921,2,2
Q1915440,Milestone,PLACE_NT204043,CSD,Milestone,NT,1901,1901,1,2
Q1915440,Milestone,PLACE_SK172022,CSD,"Milestone, T-V",SK,1911,1921,2,2
Q1916400,Oxbow,PLACE_NT203075,CSD,Oxbow,NT,1901,1901,1,2
Q1916400,Oxbow,PLACE_SK171026,CSD,"Oxbow, T-V",SK,1911,1921,2,2
Q1916627,Qu'Appelle,PLACE_NT203081,CSD,Qu’Appelle,NT,1881,1901,3,3
Q1916627,Qu'Appelle,PLACE_NT203082,CSD,"Qu’Appelle, South—Sud",NT,1901,1901,1,3
Q1916627,Qu'Appelle,PLACE_SK176027,CSD,"Qu'Appelle, T-V",SK,1911,1921,2,3
Q1916811,Rocanville,PLACE_NT203086,CSD,Rocanville,NT,1901,1901,1,2
Q1916811,Rocanville,PLACE_SK175048,CSD,"Rocanville, VL",SK,1911,1921,2,2
Q1916887,Rosthern,PLACE_NT205050,CSD,Rosthern,NT,1901,1901,1,2
Q1916887,Rosthern,PLACE_SK185029,CSD,"Rosthern, T-V",SK,1911,1921,2,2
Q1916905,Rouleau,PLACE_NT204059,CSD,Rouleau,NT,1901,1901,1,2
Q1916905,Rouleau,PLACE_SK176028,CSD,"Rouleau, T-V",SK,1911,1921,2,2
Q1916924,Saltcoats,PLACE_NT203089,CSD,Saltcoats,NT,1901,1901,1,2
Q1916924,Saltcoats,PLACE_SK175027,CSD,"Saltcoats, T-V",SK,1911,1921,2,2
Q1916980,Shellbrook,PLACE_NT205058,CSD,Shellbrook,NT,1901,1901,1,2
Q1916980,Shellbrook,PLACE_SK186041,CSD,"Shellbrook, VL",SK,1911,1921,2,2
Q1916992,Sintaluta,PLACE_NT203091,CSD,Sintaluta,NT,1901,1901,1,2
Q1916992,Sintaluta,PLACE_SK176029,CSD,"Sintaluta, T-V",SK,1911,1921,2,2
Q1917497,Waldheim,PLACE_NT205066,CSD,Waldheim,NT,1901,1901,1,2
Q1917497,Waldheim,PLACE_SK185051,CSD,"Waldheim, VL",SK,1921,1921,1,2
Q1917505,Wapella,PLACE_NT203098,CSD,Wapella,NT,1901,1901,1,2
Q1917505,Wapella,PLACE_SK175028,CSD,"Wapella, T-V",SK,1911,1921,2,2
Q1917553,Wawota,PLACE_NT203099,CSD,Wawota,NT,1901,1901,1,2
Q1917553,Wawota,PLACE_SK171046,CSD,"Wawota, VL",SK,1911,1921,2,2
Q1917595,Whitewood,PLACE_NT203103,CSD,Whitewood,NT,1901,1901,1,2
Q1917595,Whitewood,PLACE_SK175029,CSD,"Whitewood, T-V",SK,1911,1921,2,2
Q1917681,Wolseley,PLACE_NT203108,CSD,Wolseley,NT,1901,1901,1,2
Q1917681,Wolseley,PLACE_SK175030,CSD,"Wolseley, T-V",SK,1911,1921,2,2
Q1917717,Yellow Grass,PLACE_NT204079,CSD,Yellow Grass,NT,1901,1901,1,2
Q1917717,Yellow Grass,PLACE_SK172025,CSD,"Yellow Grass, T-V",SK,1911,1921,2,2
Q1930,Ottawa,CD_ON_Bytown,CD,Bytown,ON,1851,1851,1,4
Q1930,Ottawa,CD_ON_Ottawa,CD,Ottawa,ON,1861,1861,1,4
Q1930,Ottawa,CD_ON_Ottawa_City,CD,Ottawa City,ON,1871,1911,5,4
Q1930,Ottawa,PLACE_ON105011_1921,CSD,"Ottawa, C",ON,1921,1921,1,4
Q1938153,Smiths Falls,PLACE_ON081010_1901,CSD,"Smiths Falls (part), Town—Ville",ON,1901,1901,1,3
Q1938153,Smiths Falls,PLACE_ON082006,CSD,"Smiths Falls (part), Town—Ville",ON,1901,1901,1,3
Q1938153,Smiths Falls,PLACE_ON123018_1921,CSD,"Smiths Falls, T-V",ON,1921,1921,1,3
Q1999502,Carievale,PLACE_NT203010,CSD,Carievale,NT,1901,1901,1,2
Q1999502,Carievale,PLACE_SK171029,CSD,"Carievale, VL",SK,1911,1921,2,2
Q1999596,Chaplin,PLACE_NT204010,CSD,Chaplin,NT,1901,1901,1,2
Q1999596,Chaplin,PLACE_SK177035,CSD,"Chaplin, VL",SK,1921,1921,1,2
Q1999813,Craven,PLACE_NT204015,CSD,Craven,NT,1901,1901,1,2
Q1999813,Craven,PLACE_SK176039,CSD,"Craven, VL",SK,1911,1921,2,2
Q2003100,Edenwold,PLACE_NT204023,CSD,Edenwold,NT,1901,1901,1,2
Q2003100,Edenwold,PLACE_SK176046,CSD,"Edenwold, VL",SK,1921,1921,1,2
Q2003414,Gainsborough,PLACE_NT203041,CSD,Gainsborough,NT,1901,1901,1,2
Q2003414,Gainsborough,PLACE_SK171033,CSD,"Gainsboro, VL",SK,1911,1921,2,2
Q2003479,Glen Ewen,PLACE_NT203043,CSD,Glen Ewen,NT,1901,1901,1,2
Q2003479,Glen Ewen,PLACE_SK171034,CSD,"Glen Ewen, VL",SK,1911,1921,2,2
Q2006290,Queens County,CD_PE_Queen's,CD,Queen's,PE,1871,1891,3,2
Q2006290,Queens County,CD_PE_Queens,CD,Queens,PE,1911,1921,2,2
Q2006307,Queens County,CD_NS_Queens,CD,Queens,NS,1871,1891,3,2
Q2006307,Queens County,CD_NS_Queens_1921,CD,Queens,NS,1921,1921,1,2
Q202973,Kingston,CD_ON_Kingston_City,CD,Kingston City,ON,1851,1851,1,5
Q202973,Kingston,CD_ON_Kingston,CD,Kingston,ON,1861,1911,3,5
Q202973,Kingston,CD_ON_Kingston_City_1881,CD,Kingston City,ON,1881,1901,3,5
Q202973,Kingston,CD_ON_Kingston_City_1881_1901,CD,Kingston City,ON,1881,1901,3,5
Q202973,Kingston,PLACE_ON111017,CSD,"Kingston, C",ON,1911,1921,2,5
Q204442,Fernie,PLACE_BC210003,CSD,Fernie,BC,1911,1921,2,2
Q204442,Fernie,PLACE_BC210006,CSD,"Fernie, C",BC,1911,1921,2,2
Q2086364,Maryfield,PLACE_NT203064,CSD,Maryfield,NT,1901,1901,1,2
Q2086364,Maryfield,PLACE_SK171040,CSD,"Maryfield, VL",SK,1911,1921,2,2
Q2096,Edmonton,PLACE_NT202039,CSD,"Edmonton, East—Est",NT,1901,1901,1,4
Q2096,Edmonton,PLACE_NT202040,CSD,"Edmonton, West—Ouest",NT,1901,1901,1,4
Q2096,Edmonton,PLACE_AB002006,CSD,Edmonton c,AB,1911,1911,1,4
Q2096,Edmonton,PLACE_AB199016,CSD,"Edmonton, C",AB,1921,1921,1,4
Q2096191,Shelburne County,CD_NS_Shelburne,CD,Shelburne,NS,1871,1891,3,2
Q2096191,Shelburne County,CD_NS_Shelburne_1921,CD,Shelburne,NS,1921,1921,1,2
Q2123,Regina,PLACE_NT204055,CSD,"Regina, Centre",NT,1901,1901,1,5
Q2123,Regina,PLACE_NT204056,CSD,"Regina, East—Est",NT,1901,1901,1,5
Q2123,Regina,PLACE_NT204057,CSD,"Regina, North—Nord",NT,1901,1901,1,5
Q2123,Regina,PLACE_NT204058,CSD,"Regina, West—Ouest",NT,1901,1901,1,5
Q2123,Regina,PLACE_SK176022,CSD,"Regina, C",SK,1911,1921,2,5
Q2128700,Fort Macleod,PLACE_NT198003,CSD,McLeod,NT,1891,1891,1,2
Q2128700,Fort Macleod,PLACE_AB190025,CSD,"Macleod, T-V",AB,1911,1921,2,2
Q2132,Victoria,PLACE_BC004003_1881,CSD,Victoria,BC,1881,1901,3,2
Q2132,Victoria,PLACE_BC217001,CSD,Victoria City,BC,1901,1921,3,2
Q2135,Winnipeg,PLACE_MB183003,CSD,Winnipeg,MB,1881,1881,1,5
Q2135,Winnipeg,CD_MB_Winnipeg_City,CD,Winnipeg City,MB,1891,1911,3,5
Q2135,Winnipeg,PLACE_MB022010,CSD,Winnipeg c pt,MB,1911,1911,1,5
Q2135,Winnipeg,PLACE_MB024001,CSD,Winnipeg c pt,MB,1911,1911,1,5
Q2135,Winnipeg,PLACE_MB160013,CSD,"Winnipeg, C",MB,1921,1921,1,5
Q2202128,Pelly,PLACE_NT203076,CSD,Pelly,NT,1901,1901,1,2
Q2202128,Pelly,PLACE_SK179028,CSD,"Pelley, VL",SK,1911,1921,2,2
Q2204154,Roche Percée,PLACE_NT203087,CSD,Roche Percée,NT,1901,1901,1,2
Q2204154,Roche Percée,PLACE_SK171043,CSD,"Roche Percee, VL",SK,1911,1921,2,2
Q2204602,Spy Hill,PLACE_NT203093,CSD,Spy Hill,NT,1901,1901,1,2
Q2204602,Spy Hill,PLACE_SK175049,CSD,"Spy Hill, VL",SK,1911,1921,2,2
Q2219667,Parry Sound,PLACE_ON086001,CSD,The Sound,ON,1871,1871,1,2
Q2219667,Parry Sound,PLACE_ON135049,CSD,"Parry Sound, T-V",ON,1901,1921,3,2
Q23025,Red Deer,PLACE_NT202103,CSD,Red Deer,NT,1901,1901,1,2
Q23025,Red Deer,PLACE_AB196022,CSD,"Red Deer, C",AB,1911,1921,2,2
Q2358467,St. Stephen,PLACE_NB015016,CSD,"St. Stephen, Town—Ville",NB,1881,1901,3,2
Q2358467,St. Stephen,PLACE_NB024019,CSD,"St. Stephen, T-V",NB,1911,1921,2,2
Q2395416,Tatamagouche,PLACE_NS019009,CSD,Tatamagouche,NS,1871,1881,2,3
Q2395416,Tatamagouche,PLACE_NS007018,CSD,Tatamagouche E.,NS,1891,1921,4,3
Q2395416,Tatamagouche,PLACE_NS007019,CSD,Tatamagouche W-O,NS,1891,1921,4,3
Q2415848,Tillsonburg,PLACE_ON158006,CSD,"Tilsonburg, Town—Ville",ON,1881,1881,1,3
Q2415848,Tillsonburg,PLACE_ON165002,CSD,Tilsonburgh,ON,1881,1881,1,3
Q2415848,Tillsonburg,PLACE_ON134014,CSD,"Tilsonburg, Town—Ville",ON,1891,1921,4,3
Q2450865,Morris,PLACE_MB156012,CSD,"Morris, T-V",MB,1881,1921,4,2
Q2450865,Morris,PLACE_MB021017,CSD,Morris t-v,MB,1911,1911,1,2
Q24639,Vancouver,CD_BC_Vancouver_City,CD,Vancouver City,BC,1911,1911,1,3
Q24639,Vancouver,PLACE_BC012001,CSD,Vancouver c pt,BC,1911,1911,1,3
Q24639,Vancouver,PLACE_BC206005,CSD,"Vancouver (pt), C",BC,1921,1921,1,3
Q2493627,Bruderheim,PLACE_NT202016,CSD,Bruderheim,NT,1901,1901,1,2
Q2493627,Bruderheim,PLACE_AB198023,CSD,"Bruderheim, VL",AB,1911,1921,2,2
Q2514459,Verchères,PLACE_QC098008,CSD,Verchères,QC,1851,1921,8,2
Q2514459,Verchères,PLACE_QC098013,CSD,"Verchères, VL",QC,1921,1921,1,2
Q25247456,Shoal Lake,PLACE_MB165020,CSD,"Shoal Lake, VL",MB,1901,1921,3,2
Q25247456,Shoal Lake,PLACE_MB165012,CSD,Shoal Lake,MB,1921,1921,1,2
Q252504,North Dumfries,PLACE_ON150001,CSD,Dumfries N,ON,1851,1921,8,2
Q252504,North Dumfries,PLACE_ON101002,CSD,Anglesea,ON,1861,1921,2,2
Q25395102,Montmorency,PLACE_QC190017,CSD,Montmorency vl,QC,1911,1911,1,2
Q25395102,Montmorency,PLACE_QC081024,CSD,"Montmorency, VL",QC,1921,1921,1,2
Q2542396,Queens County,CD_NB_Queen's,CD,Queen's,NB,1871,1891,3,2
Q2542396,Queens County,CD_NB_Queens,CD,Queens,NB,1921,1921,1,2
Q2542731,St. Marys,PLACE_ON171002,CSD,"St. Mary's, Town—Ville",ON,1861,1881,3,2
Q2542731,St. Marys,PLACE_ON137015,CSD,"St Marys, T-V",ON,1891,1921,4,2
Q2630280,Halifax County,CD_NS_Halifax_City,CD,Halifax City,NS,1881,1921,5,2
Q2630280,Halifax County,CD_NS_Halifax_County,CD,Halifax County,NS,1881,1881,1,2
Q268103,Fort Erie,PLACE_ON142004,CSD,"Port Erie, Village",ON,1861,1881,3,2
Q268103,Fort Erie,PLACE_ON151016,CSD,"Fort Erie, Village",ON,1891,1921,4,2
Q270887,Lethbridge,PLACE_NT202067,CSD,"Lethbridge, North—Nord",NT,1901,1901,1,3
Q270887,Lethbridge,PLACE_NT202068,CSD,"Lethbridge, South—Sud",NT,1901,1901,1,3
Q270887,Lethbridge,PLACE_AB190018,CSD,"Lethbridge, C",AB,1911,1921,2,3
Q274120,Niagara Falls,PLACE_ON125006,CSD,"Niagara Falls, Town—Ville",ON,1891,1891,1,3
Q274120,Niagara Falls,PLACE_ON151009,CSD,"Niagara Falls, C",ON,1891,1921,4,3
Q274120,Niagara Falls,PLACE_ON123008_1901,CSD,"Niagara Falls, Village",ON,1901,1901,1,3
Q28161378,Brome,PLACE_QC144004_1901,CSD,"Brome, Village",QC,1851,1901,6,2
Q28161378,Brome,PLACE_QC045003_1921,CSD,Brome,QC,1901,1921,3,2
Q28535203,Whitton,PLACE_QC055017_1911,CSD,Whitton,QC,1861,1921,4,2
Q28535203,Whitton,PLACE_QC055018,CSD,Whitton (Ste. Cécile),QC,1911,1921,2,2
Q286048,New Glasgow,PLACE_NS020017_1881,CSD,New Glasgow,NS,1871,1881,2,2
Q286048,New Glasgow,PLACE_NS016036,CSD,"New Glasgow, Town—Ville",NS,1881,1921,5,2
Q2862806,Armstrong,PLACE_ON099004,CSD,Armstrong,ON,1911,1911,1,2
Q2862806,Armstrong,PLACE_ON148003_1921,CSD,Armstrong,ON,1921,1921,1,2
Q2866421,Ascot,PLACE_QC198005_1911,CSD,Ascot t-v,QC,1911,1911,1,2
Q2866421,Ascot,PLACE_QC088006,CSD,"Ascot, T-V",QC,1921,1921,1,2
Q2879166,Bagotville,PLACE_QC076014_1881,CSD,"Bagotville, Village",QC,1871,1881,2,2
Q2879166,Bagotville,PLACE_QC050017,CSD,"Bagotville, T-V",QC,1901,1921,3,2
Q2899316,Berthier-sur-Mer,PLACE_QC074003,CSD,Berthier,QC,1851,1921,8,2
Q2899316,Berthier-sur-Mer,PLACE_QC044005,CSD,Hamilton (St. Bonaventure),QC,1921,1921,1,2
Q2932587,Cacouna,PLACE_QC054009,CSD,St. George de Kakouna,QC,1851,1861,2,3
Q2932587,Cacouna,PLACE_QC095002,CSD,Cacouna,QC,1871,1921,6,3
Q2932587,Cacouna,PLACE_QC095031,CSD,"Cacouna, Village",QC,1871,1921,6,3
Q2933782,Caledonia,PLACE_NS052004,CSD,Caledonia,NS,1871,1911,5,2
Q2933782,Caledonia,PLACE_NS017003_1921,CSD,Caledonia,NS,1921,1921,1,2
Q2936979,Cap-de-la-Madeleine,PLACE_QC053004,CSD,Cap de la Madeleine,QC,1851,1851,1,3
Q2936979,Cap-de-la-Madeleine,PLACE_QC151001,CSD,Cap de la Magdeleine,QC,1861,1911,6,3
Q2936979,Cap-de-la-Madeleine,PLACE_QC047030,CSD,"Cap de la Madeleine, T-V",QC,1921,1921,1,3
Q29386656,Sorel,PLACE_QC082011,CSD,"Sorel, City—Cité",QC,1851,1921,8,2
Q29386656,Sorel,PLACE_QC061002_1881,CSD,Sorel,QC,1871,1881,2,2
Q2979345,Clinton,PLACE_ON173008,CSD,"Clinton, Village",ON,1861,1881,3,2
Q2979345,Clinton,PLACE_ON119017,CSD,"Clinton, Town—Ville",ON,1891,1921,4,2
Q2991091,Arthabaska County,CD_QC_Arthabaska,CD,Arthabaska,QC,1861,1871,2,2
Q2991091,Arthabaska County,CD_QC_Arthabaska_1921,CD,Arthabaska,QC,1921,1921,1,2
Q2991101,comté d'Iberville,CD_QC_Iberville,CD,Iberville,QC,1861,1891,4,2
Q2991101,comté d'Iberville,CD_QC_Iberville_1921,CD,Iberville,QC,1921,1921,1,2
Q2991170,"Chambly County, Quebec",CD_QC_Chambly,CD,Chambly,QC,1851,1891,5,2
Q2991170,"Chambly County, Quebec",CD_QC_Chambly_1921,CD,Chambly,QC,1921,1921,1,2
Q2991181,Chicoutimi County,CD_QC_Chicoutimi,CD,Chicoutimi,QC,1861,1871,2,2
Q2991181,Chicoutimi County,CD_QC_Chicoutimi_1921,CD,Chicoutimi,QC,1921,1921,1,2
Q2991220,Drummond county,CD_QC_Drummond,CD,Drummond,QC,1851,1871,3,2
Q2991220,Drummond county,CD_QC_Drummond_1921,CD,Drummond,QC,1921,1921,1,2
Q2991266,comté de Hull,CD_QC_Outaouais,CD,Outaouais,QC,1851,1861,2,4
Q2991266,comté de Hull,CD_QC_Ottawa_County,CD,Ottawa County,QC,1881,1891,2,4
Q2991266,comté de Hull,CD_QC_Wright,CD,Wright,QC,1901,1911,2,4
Q2991266,Hull County,CD_QC_Hull,CD,Hull,QC,1921,1921,1,4
Q2991296,comté de Laprairie,CD_QC_Laprairie,CD,Laprairie,QC,1861,1891,4,2
Q2991296,comté de Laprairie,CD_QC_Laprairie_1921,CD,Laprairie,QC,1921,1921,1,2
Q2991353,comté de Mégantic,CD_QC_Megantic,CD,Megantic,QC,1851,1851,1,3
Q2991353,comté de Mégantic,CD_QC_Mégantic,CD,Mégantic,QC,1861,1921,7,3
Q2991353,comté de Mégantic,CD_QC_Mégantic_1861,CD,Mégantic,QC,1861,1861,1,3
Q2991357,comté de Napierville,CD_QC_Napierville,CD,Napierville,QC,1861,1891,4,2
Q2991357,comté de Napierville,CD_QC_Napierville_1921,CD,Napierville,QC,1921,1921,1,2
Q2991392,comté de Richmond,CD_QC_Richmond,CD,Richmond,QC,1861,1871,2,2
Q2991392,comté de Richmond,CD_QC_Richmond_1921,CD,Richmond,QC,1921,1921,1,2
Q2991404,comté de Saguenay,CD_QC_Saguenay,CD,Saguenay,QC,1851,1871,3,2
Q2991404,comté de Saguenay,CD_QC_Saguenay_1921,CD,Saguenay,QC,1921,1921,1,2
Q2991407,comté de Saint-Maurice,CD_QC_St._Maurice,CD,St. Maurice,QC,1851,1861,2,3
Q2991407,comté de Saint-Maurice,CD_QC_Trois-Rivières_&_St._Maurice,CD,Trois-Rivières & St. Maurice,QC,1881,1911,4,3
Q2991407,comté de Saint-Maurice,CD_QC_St._Maurice_1921,CD,St. Maurice,QC,1921,1921,1,3
Q2991409,comté de Saint-Jean,CD_QC_St._Jean,CD,St. Jean,QC,1861,1891,4,2
Q2991409,comté de Saint-Jean,CD_QC_St._Jean_1921,CD,St. Jean,QC,1921,1921,1,2
Q2991427,comté de Sherbrooke,CD_QC_Sherbrooke,CD,Sherbrooke,QC,1851,1851,1,2
Q2991427,comté de Sherbrooke,CD_QC_Sherbrooke_1861,CD,Sherbrooke,QC,1861,1921,7,2
Q2991456,comté de Verchères,CD_QC_Verchères,CD,Verchères,QC,1851,1891,5,2
Q2991456,comté de Verchères,CD_QC_Verchères_1921,CD,Verchères,QC,1921,1921,1,2
Q2991471,comté de Wolfe,CD_QC_Wolfe,CD,Wolfe,QC,1861,1871,2,2
Q2991471,comté de Wolfe,CD_QC_Wolfe_1921,CD,Wolfe,QC,1921,1921,1,2
Q2995979,Hull,PLACE_QC205010,CSD,Hull,QC,1851,1911,7,2
Q2995979,Hull,PLACE_QC057029,CSD,"Hull, City—Cité",QC,1881,1921,5,2
Q30303820,Cap-des-Rosiers,PLACE_QC056004_1921,CSD,Cap des Rosiers (Grande Grève),QC,1921,1921,1,2
Q30303820,Cap-des-Rosiers,PLACE_QC056005,CSD,Cap des Rosiers (St. Alban du),QC,1921,1921,1,2
Q30322644,Hinchinbrooke,PLACE_QC048007_1851,CSD,"Hinchinbrooke, Township",QC,1851,1851,1,2
Q30322644,Hinchinbrooke,PLACE_QC058007,CSD,Hinchinbrooke,QC,1861,1921,7,2
Q3114873,Grande-Baie,PLACE_QC050008_1911,CSD,"St. Alexis de la Grande Baie, par. (Boileau & Ferland tp.—ct.)",QC,1911,1921,2,3
Q3114873,Grande-Baie,PLACE_QC154043,CSD,Grande Baie vl,QC,1911,1911,1,3
Q3114873,Grande-Baie,PLACE_QC050022,CSD,"Grande Baie, VL",QC,1921,1921,1,3
Q3114889,Grande-Vallée,PLACE_QC159010,CSD,Grande Vallée des Monts,QC,1871,1911,5,2
Q3114889,Grande-Vallée,PLACE_QC056013_1921,CSD,Grande Vallée des Monts,QC,1921,1921,1,2
Q312121,Emerson,PLACE_MB156010,CSD,"Emerson, T-V",MB,1881,1921,4,3
Q312121,Emerson,PLACE_MB184003,CSD,Emerson,MB,1881,1881,1,3
Q312121,Emerson,PLACE_MB021016,CSD,Emerson t-v,MB,1911,1911,1,3
Q3128714,Havre-Aubert,PLACE_QC154025,CSD,Havre Aubert,QC,1891,1901,2,2
Q3128714,Havre-Aubert,PLACE_QC056018,CSD,"Hâvre Aubert, par.",QC,1921,1921,1,2
Q3144525,Hébertville,PLACE_QC063028,CSD,"Hébertville, VL",QC,1871,1921,6,3
Q3144525,Hébertville,PLACE_QC154007,CSD,Hébertville pr,QC,1891,1911,3,3
Q3144525,Hébertville,PLACE_QC063003_1921,CSD,"Hébertville, par.",QC,1921,1921,1,3
Q3153881,Inverness,PLACE_QC071004_1891,CSD,Inverness,QC,1851,1921,7,2
Q3153881,Inverness,PLACE_QC071023,CSD,"Inverness, VL",QC,1911,1921,2,2
Q3202686,L'Avenir,PLACE_QC158010,CSD,L'Avenir,QC,1871,1911,5,2
Q3202686,L'Avenir,PLACE_QC054006_1921,CSD,L'Avenir,QC,1921,1921,1,2
Q3204356,L'Islet,PLACE_QC170001,CSD,L'Islet,QC,1851,1911,7,2
Q3204356,L'Islet,PLACE_QC067003_1921,CSD,L'Islet,QC,1921,1921,1,2
Q3213854,La Visitation-de-l'Île-Dupas,PLACE_QC142012,CSD,Visitation de l’île Dupas,QC,1881,1891,2,2
Q3213854,La Visitation-de-l'Île-Dupas,PLACE_QC043002,CSD,Visitation (Ile Dupas),QC,1901,1921,3,2
Q3216692,Lambton,PLACE_QC005007,CSD,Lambton,QC,1851,1861,2,2
Q3216692,Lambton,PLACE_QC055023,CSD,"Lambton, VL",QC,1921,1921,1,2
Q3259881,Lot 1,PLACE_PE002001,CSD,Township 1,PE,1871,1921,6,2
Q3259881,Lot 1,PLACE_PE135002,CSD,Township No. 33,PE,1871,1901,4,2
Q3259895,Lot 29,PLACE_PE003006,CSD,Township 29,PE,1871,1921,6,2
Q3259895,Lot 29,PLACE_PE136007,CSD,Township No. 32,PE,1871,1901,4,2
Q3259920,Lot 45,PLACE_PE132009,CSD,Township No. 45,PE,1871,1901,4,2
Q3259920,Lot 45,PLACE_PE001008,CSD,Township 45,PE,1911,1921,2,2
Q3259931,Lot 53,PLACE_PE139013,CSD,Township No. 53,PE,1871,1911,5,2
Q3259931,Lot 53,PLACE_PE001013_1921,CSD,Township 53,PE,1921,1921,1,2
Q3304955,Melbourne,PLACE_QC044004,CSD,Melbourne,QC,1861,1861,1,2
Q3304955,Melbourne,PLACE_QC083016,CSD,"Melbourne, Village",QC,1861,1921,7,2
Q3305306,Paris,PLACE_ON065007,CSD,"Paris, Village",ON,1851,1861,2,3
Q3305306,Paris,PLACE_ON160004,CSD,"Paris, Town—Ville",ON,1871,1881,2,3
Q3305306,Paris,PLACE_ON103008,CSD,"Paris, Town—Ville",ON,1891,1921,4,3
Q3312661,Middleton,PLACE_NS016002,CSD,Middleton Corners,NS,1871,1881,2,2
Q3312661,Middleton,PLACE_NS004031,CSD,"Middleton, T-V",NS,1891,1921,4,2
Q3344599,Notre-Dame-de-Lourdes,PLACE_QC071010,CSD,Notre Dame de Lourdes,QC,1901,1921,3,2
Q3344599,Notre-Dame-de-Lourdes,PLACE_QC169011_1901,CSD,Notre-Dame de Lourdes,QC,1901,1901,1,2
Q3365757,Eldon Parish,PLACE_NB031006,CSD,Eldon & Restigouche River,NB,1871,1911,5,2
Q3365757,Eldon Parish,PLACE_NB031006_1921,CSD,Eldon,NB,1921,1921,1,2
Q3365795,Caraquet Parish,PLACE_NB014003,CSD,Caraquette,NB,1871,1891,3,2
Q3365795,Caraquet Parish,PLACE_NB025003,CSD,Caraquet,NB,1901,1921,3,2
Q3365863,Northesk Parish,PLACE_NB184003,CSD,Northesk,NB,1871,1871,1,2
Q3365863,Northesk Parish,PLACE_NB029011,CSD,North Esk,NB,1881,1921,5,2
Q3365886,Saint Andrews Parish,PLACE_NB015009,CSD,"St. Andrews, Town & Parish — Ville et Paroisse",NB,1881,1901,3,2
Q3365886,Saint Andrews Parish,PLACE_NB024008,CSD,St. Andrews,NB,1911,1921,2,2
Q3365890,Saint David Parish,PLACE_NB175008,CSD,Saint David,NB,1871,1871,1,2
Q3365890,Saint David Parish,PLACE_NB024010,CSD,St. David,NB,1881,1921,5,2
Q3393516,Pointe-aux-Trembles,PLACE_QC168016_1911,CSD,Pointe-aux-Trembles t-v,QC,1911,1911,1,2
Q3393516,Pointe-aux-Trembles,PLACE_QC076028_1921,CSD,"Pointe aux Trembles, T-V",QC,1921,1921,1,2
Q3396115,Pomquet,PLACE_NS027013,CSD,Pomquet River,NS,1871,1891,3,2
Q3396115,Pomquet,PLACE_NS005011,CSD,Pomquet,NS,1901,1921,3,2
Q340,Montreal,PLACE_QC020002,CSD,"Montréal, Parish",QC,1851,1861,2,3
Q340,Montreal,PLACE_QC076013_1921,CSD,"Montréal, C",QC,1851,1921,2,3
Q340,Montreal,PLACE_QC107001,CSD,"Montréal, Paroisse",QC,1871,1871,1,3
Q34047,Brockville,PLACE_ON124011,CSD,"Brockville, T-V",ON,1851,1921,4,2
Q34047,Brockville,CD_ON_Brockville,CD,Brockville,ON,1871,1911,5,2
Q3411897,Péribonka,PLACE_QC076029,CSD,Péribonka,QC,1871,1881,2,2
Q3411897,Péribonka,PLACE_QC063007,CSD,Péribonka (St. Edouard),QC,1911,1921,2,2
Q34180,Brantford,PLACE_ON103007_1891,CSD,"Brantford, City—Cité",ON,1851,1921,8,3
Q34180,Brantford,PLACE_ON057002,CSD,Brantford W-O,ON,1881,1911,4,3
Q34180,Brantford,CD_ON_Brantford,CD,Brantford,ON,1911,1911,1,3
Q3431913,Rigaud,PLACE_QC097001,CSD,Rigaud,QC,1851,1921,8,2
Q3431913,Rigaud,PLACE_QC097009_1881,CSD,"Rigaud, Village",QC,1881,1921,5,2
Q3461039,Sacré-Cœur-de-Jésus,PLACE_QC040003,CSD,Sacré Cœur de Jésus,QC,1881,1921,2,2
Q3461039,Sacré-Cœur-de-Jésus,PLACE_QC040024_1911,CSD,"Sacré Cœur de Jésus, VL",QC,1911,1921,2,2
Q3461677,Saint-Agapit,PLACE_QC068024,CSD,"St. Agapit, VL",QC,1871,1921,6,2
Q3461677,Saint-Agapit,PLACE_QC068003_1921,CSD,St. Agapit de Beaurivage,QC,1921,1921,1,2
Q3461713,Saint-Alexandre,PLACE_QC059001_1861,CSD,St. Alexandre,QC,1851,1921,8,2
Q3461713,Saint-Alexandre,PLACE_QC196001,CSD,"Cabano, Packington, & unorg. ter.—Ter. non-org.",QC,1891,1901,2,2
Q3461722,Saint-Alexis,PLACE_QC176002,CSD,"Montreal, St. James Ward—Quartier St. Jacques",QC,1861,1901,5,2
Q3461722,Saint-Alexis,PLACE_QC073002,CSD,St. Alexis,QC,1921,1921,1,2
Q3461746,Saint-Ambroise,PLACE_QC050009_1921,CSD,"St. Ambroise, par.",QC,1921,1921,1,2
Q3461746,Saint-Ambroise,PLACE_QC050024,CSD,"St. Ambroise, VL",QC,1921,1921,1,2
Q3462008,Saint-Cyprien-de-Napierville,PLACE_QC161008,CSD,St. Cyprien,QC,1851,1901,6,2
Q3462008,Saint-Cyprien-de-Napierville,PLACE_QC077001,CSD,St. Cyprien de Léry,QC,1911,1921,2,2
Q3462013,Saint-Cyprien,PLACE_QC196013_1901,CSD,St. Cyprien,QC,1901,1901,1,2
Q3462013,Saint-Cyprien,PLACE_QC095010_1911,CSD,St. Cyprien (Hocquart),QC,1911,1921,2,2
Q3462051,Saint-David,PLACE_QC100005,CSD,St. David,QC,1851,1921,7,2
Q3462051,Saint-David,PLACE_QC201005_1901,CSD,St. David,QC,1901,1901,1,2
Q3462181,Saint-François-du-Lac,PLACE_QC206007,CSD,St. François,QC,1851,1911,7,3
Q3462181,Saint-François-du-Lac,PLACE_QC100007_1921,CSD,St. François du Lac,QC,1921,1921,1,3
Q3462181,Saint-François-du-Lac,PLACE_QC100018,CSD,"St. François du Lac, VL",QC,1921,1921,1,3
Q3462193,Saint-Fulgence,PLACE_QC149021,CSD,St. Fulgence,QC,1881,1891,2,2
Q3462193,Saint-Fulgence,PLACE_QC050014_1911,CSD,"St. Fulgence, par.",QC,1911,1921,2,2
Q3462266,Saint-Germain-de-Grantham,PLACE_QC136003,CSD,St. Germain,QC,1871,1871,1,2
Q3462266,Saint-Germain-de-Grantham,PLACE_QC054010_1921,CSD,St. Germain de Grantham,QC,1881,1921,5,2
Q3462419,Saint-Hippolyte,PLACE_QC202006,CSD,St. Hypolite,QC,1871,1911,5,2
Q3462419,Saint-Hippolyte,PLACE_QC096001_1921,CSD,Abercrombie E. (St. Hippolyte),QC,1921,1921,1,2
Q3462497,Saint-Jean-Baptiste,PLACE_QC194006,CSD,St. Jean-Baptiste,QC,1851,1911,6,2
Q3462497,Saint-Jean-Baptiste,PLACE_QC085006_1921,CSD,St. Jean Baptiste,QC,1921,1921,1,2
Q3462628,Saint-Jude,PLACE_QC091009_1911,CSD,St. Judes,QC,1851,1921,3,2
Q3462628,Saint-Jude,PLACE_QC190011,CSD,St. Jude,QC,1861,1901,5,2
Q3462681,Saint-Lambert-de-Lauzon,PLACE_QC054008_1851,CSD,St. Lambert,QC,1851,1851,1,3
Q3462681,Saint-Lambert-de-Lauzon,PLACE_QC154006,CSD,Fox & Sydenham North—Nord,QC,1871,1901,4,3
Q3462681,Saint-Lambert-de-Lauzon,PLACE_QC066008,CSD,St. Lambert de Lauzon,QC,1881,1921,5,3
Q3462740,Saint-Liguori,PLACE_QC034009_1861,CSD,St. Liguori,QC,1861,1861,1,2
Q3462740,Saint-Liguori,PLACE_QC073008,CSD,St. Liguori,QC,1871,1921,6,2
Q3462821,Saint-Léon-de-Standon,PLACE_QC157011,CSD,St. Léon de Standon,QC,1881,1911,4,2
Q3462821,Saint-Léon-de-Standon,PLACE_QC053011_1921,CSD,St. Léon de Standon,QC,1921,1921,1,2
Q3462931,Saint-Martin,PLACE_QC139020_1901,CSD,St. Martin,QC,1881,1901,3,3
Q3462931,Saint-Martin,PLACE_QC144019_1911,CSD,St. Martin,QC,1911,1911,1,3
Q3462931,Saint-Martin,PLACE_QC040016_1921,CSD,St. Martin,QC,1921,1921,1,3
Q3463031,Saint-Narcisse,PLACE_QC047016,CSD,St. Narcisse,QC,1861,1921,6,2
Q3463031,Saint-Narcisse,PLACE_QC146015_1901,CSD,St. Narcisse,QC,1901,1901,1,2
Q3463114,Saint-Paul-de-l'Île-aux-Noix,PLACE_QC191008,CSD,St. Paul,QC,1901,1901,1,2
Q3463114,Saint-Paul-de-l'Île-aux-Noix,PLACE_QC092007_1911,CSD,St. Paul de l'Ile aux Noix,QC,1911,1921,2,2
Q3463170,Saint-Pierre-de-Broughton,PLACE_QC048008,CSD,St. Hilarion,QC,1851,1921,8,3
Q3463170,Saint-Pierre-de-Broughton,PLACE_QC040017_1881,CSD,St. Pierre de Broughton,QC,1881,1921,5,3
Q3463170,Saint-Pierre-de-Broughton,PLACE_QC050012_1881,CSD,St. Pierre de Broughton,QC,1881,1881,1,3
Q3463195,Saint-Pierre-les-Becquets,PLACE_QC038009,CSD,St. Christophe,QC,1871,1921,5,2
Q3463195,Saint-Pierre-les-Becquets,PLACE_QC078017,CSD,St. Pierre les Becquets,QC,1881,1921,5,2
Q3463285,Saint-Roch-des-Aulnaies,PLACE_QC043005_1881,CSD,St. Roch,QC,1851,1881,4,3
Q3463285,Saint-Roch-des-Aulnaies,PLACE_QC060003,CSD,St. Ambroise,QC,1861,1921,7,3
Q3463285,Saint-Roch-des-Aulnaies,PLACE_QC067012_1901,CSD,St. Roch des Aulnaies,QC,1891,1921,4,3
Q3463379,Saint-Simon,PLACE_QC039011,CSD,St. Simon,QC,1851,1921,8,2
Q3463379,Saint-Simon,PLACE_QC138011,CSD,St. Nazaire (part),QC,1901,1901,1,2
Q3463457,Saint-Ubalde,PLACE_QC080035,CSD,"St. Ubalde, VL",QC,1881,1921,5,2
Q3463457,Saint-Ubalde,PLACE_QC080021_1921,CSD,St. Ubalde,QC,1921,1921,1,2
Q3463473,Saint-Valère,PLACE_QC052030_1881,CSD,St. Valère de Bulstrode,QC,1881,1881,1,4
Q3463473,Saint-Valère,PLACE_QC153035_1901,CSD,St. Valère de Bulstrode,QC,1891,1901,2,4
Q3463473,Saint-Valère,PLACE_QC158026_1911,CSD,St. Valère de Bulstrode,QC,1911,1911,1,4
Q3463473,Saint-Valère,PLACE_QC038016_1921,CSD,St. Valère de Bulstrode,QC,1921,1921,1,4
Q3463478,Saint-Valérien-de-Milton,PLACE_QC127004_1871,CSD,St. Valérien,QC,1871,1871,1,2
Q3463478,Saint-Valérien-de-Milton,PLACE_QC087009,CSD,St. Valérien,QC,1881,1921,5,2
Q3463575,Saint-Élie-de-Caxton,PLACE_QC203005,CSD,St. Elie de Caxton,QC,1871,1911,5,2
Q3463575,Saint-Élie-de-Caxton,PLACE_QC093006_1921,CSD,St. Elie de Caxton,QC,1921,1921,1,2
Q3464147,Sainte-Angèle-de-Mérici,PLACE_QC188010,CSD,Ste. Angèle de Merrici,QC,1871,1901,4,2
Q3464147,Sainte-Angèle-de-Mérici,PLACE_QC084023,CSD,"Ste. Angèle de Mérici, VL",QC,1921,1921,1,2
Q3464192,Sainte-Brigitte-de-Laval,PLACE_QC178004,CSD,Laval,QC,1851,1911,7,2
Q3464192,Sainte-Brigitte-de-Laval,PLACE_QC075003,CSD,Laval (Ste. Brigitte),QC,1921,1921,1,2
Q3464213,Sainte-Claire,PLACE_QC054009_1851,CSD,Ste. Claire,QC,1851,1851,1,2
Q3464213,Sainte-Claire,PLACE_QC053004_1921,CSD,Ste. Claire,QC,1861,1921,7,2
Q3492596,Erin,PLACE_ON152003,CSD,Erin,ON,1851,1921,8,2
Q3492596,Erin,PLACE_ON152021,CSD,"Erin, Village",ON,1891,1921,4,2
Q3498168,Stellarton,PLACE_NS020015,CSD,New Campbellton,NS,1871,1921,6,5
Q3498168,Stellarton,PLACE_NS039026,CSD,Stellarton,NS,1881,1891,2,5
Q3498168,Stellarton,PLACE_NS038002_1901,CSD,"Albion Mines (Stellarton, part)",NS,1901,1901,1,5
Q3498168,Stellarton,PLACE_NS038031,CSD,Stellarton (part),NS,1901,1901,1,5
Q3498168,Stellarton,PLACE_NS016038,CSD,"Stellarton, T-V",NS,1911,1921,2,5
Q3525341,Adelaide Metcalfe,PLACE_ON023005_1851,CSD,Adelaide,ON,1851,1851,1,2
Q3525341,Adelaide Metcalfe,PLACE_ON128001_1891,CSD,Adelaide,ON,1861,1921,7,2
Q3538507,Trenton,PLACE_NS050036,CSD,Trenton t-v,NS,1901,1911,2,2
Q3538507,Trenton,PLACE_NS016039,CSD,"Trenton, T-V",NS,1921,1921,1,2
Q3541256,Très-Saint-Sacrement,PLACE_QC148011_1891,CSD,Très-St. Sacrement,QC,1891,1901,2,2
Q3541256,Très-Saint-Sacrement,PLACE_QC049009_1911,CSD,Très Saint Sacrement,QC,1911,1921,2,2
Q3567557,Westville,PLACE_NS039027,CSD,Westville,NS,1881,1891,2,4
Q3567557,Westville,PLACE_NS038011_1901,CSD,"Drummond Mines (Westville, part)",NS,1901,1901,1,4
Q3567557,Westville,PLACE_NS038037,CSD,Westville (part),NS,1901,1901,1,4
Q3567557,Westville,PLACE_NS016040,CSD,"Westville, T-V",NS,1911,1921,2,4
Q3571405,Yamachiche,PLACE_QC093018_1891,CSD,"Yamachiche, Village",QC,1851,1921,8,4
Q3571405,Yamachiche,PLACE_QC187010_1891,CSD,Yamachiche,QC,1891,1891,1,4
Q3571405,Yamachiche,PLACE_QC198013_1901,CSD,Yamachiche,QC,1901,1901,1,4
Q3571405,Yamachiche,PLACE_QC093011,CSD,Yamachiche,QC,1911,1921,2,4
Q36312,Calgary,PLACE_NT202018,CSD,"Calgary, Centre",NT,1901,1901,1,7
Q36312,Calgary,PLACE_NT202019,CSD,"Calgary, East—Est",NT,1901,1901,1,7
Q36312,Calgary,PLACE_NT202020,CSD,"Calgary, North—Nord",NT,1901,1901,1,7
Q36312,Calgary,PLACE_NT202021,CSD,"Calgary, South—Sud",NT,1901,1901,1,7
Q36312,Calgary,PLACE_NT202022,CSD,"Calgary, West—Ouest",NT,1901,1901,1,7
Q36312,Calgary,PLACE_AB001006,CSD,Calgary c,AB,1911,1911,1,7
Q36312,Calgary,PLACE_AB194026,CSD,"Calgary, C",AB,1921,1921,1,7
Q368241,Medicine Hat,PLACE_NT200002,CSD,Medicine Hat,NT,1891,1891,1,5
Q368241,Medicine Hat,PLACE_NT204040,CSD,"Medicine Hat, North—Nord",NT,1901,1901,1,5
Q368241,Medicine Hat,PLACE_NT204041,CSD,"Medicine Hat, Northwest— Nord-ouest",NT,1901,1901,1,5
Q368241,Medicine Hat,PLACE_NT204042,CSD,"Medicine Hat, South—Sud",NT,1901,1901,1,5
Q368241,Medicine Hat,PLACE_AB189023,CSD,"Medicine Hat, C",AB,1911,1921,2,5
Q384944,County of Brant,CD_ON_Brant,CD,Brant,ON,1851,1861,2,2
Q384944,County of Brant,CD_ON_Brant_1911,CD,Brant,ON,1911,1921,2,2
Q385346,Haldimand County,CD_ON_Haldimand,CD,Haldimand,ON,1851,1891,5,2
Q385346,Haldimand County,CD_ON_Haldimand_1911,CD,Haldimand,ON,1911,1921,2,2
Q386338,Whitby,PLACE_ON089011,CSD,"Whitby, East",ON,1861,1861,1,2
Q386338,Whitby,PLACE_ON133014,CSD,"Whitby, Town—Ville",ON,1891,1921,4,2
Q3942882,Bowden,PLACE_NT202015,CSD,Bowden,NT,1901,1901,1,2
Q3942882,Bowden,PLACE_AB197022,CSD,"Bowden, VL",AB,1911,1921,2,2
Q408537,Airdrie,PLACE_NT202002,CSD,Airdrie,NT,1901,1901,1,2
Q408537,Airdrie,PLACE_AB194032,CSD,"Airdrie, VL",AB,1911,1921,2,2
Q4115370,Norwich,PLACE_ON027007,CSD,Norwich,ON,1851,1851,1,2
Q4115370,Norwich,PLACE_ON134016,CSD,"Norwich, Village",ON,1881,1921,5,2
Q424704,Port Colborne,PLACE_ON142002,CSD,"Port Colborne, Village",ON,1871,1881,2,2
Q424704,Port Colborne,PLACE_ON151012,CSD,"Port Colborne, T-V",ON,1891,1921,4,2
Q424901,Grimsby,PLACE_ON145005,CSD,Grimsby,ON,1851,1881,4,2
Q424901,Grimsby,PLACE_ON126013,CSD,"Grimsby, Village",ON,1881,1921,5,2
Q431487,Saint-Octave-de-Métis,PLACE_QC040021_1881,CSD,St. Octave,QC,1881,1881,1,2
Q431487,Saint-Octave-de-Métis,PLACE_QC070017,CSD,St. Octave de Métis N.,QC,1911,1921,2,2
Q44012,Trois-Rivières,PLACE_QC131005,CSD,"Trois Rivières, Paroisse",QC,1871,1871,1,3
Q44012,Trois-Rivières,PLACE_QC083005,CSD,Trois-Rivières,QC,1881,1881,1,3
Q44012,Trois-Rivières,PLACE_QC093015,CSD,"Trois Rivières, C",QC,1911,1921,2,3
Q448120,Thorold,PLACE_ON142009,CSD,"Thorold, Village",ON,1851,1881,4,3
Q448120,Thorold,PLACE_ON151006,CSD,Thorold,ON,1851,1921,8,3
Q448120,Thorold,PLACE_ON151013,CSD,"Thorold, Town—Ville",ON,1891,1921,4,3
Q448372,Niagara-on-the-Lake,PLACE_ON126011,CSD,"Niagara, Town—Ville",ON,1851,1921,6,3
Q448372,Niagara-on-the-Lake,PLACE_ON143001_1851,CSD,"Niagara, Township",ON,1851,1881,4,3
Q448372,Niagara-on-the-Lake,PLACE_ON143002_1881,CSD,"Niagara, Town—Ville",ON,1881,1881,1,3
Q463165,Sault Ste. Marie,PLACE_ON102108,CSD,"Sault Ste. Marie, C",ON,1861,1921,7,4
Q463165,Sault Ste. Marie,PLACE_ON046019,CSD,"Sault Ste. Marie, E",ON,1891,1891,1,4
Q463165,Sault Ste. Marie,PLACE_ON046020,CSD,"Sault Ste. Marie, W-O",ON,1891,1891,1,4
Q463165,Sault Ste. Marie,PLACE_ON044026,CSD,Sault Ste. Marie,ON,1901,1901,1,4
Q4681175,Addington County,CD_ON_Addington,CD,Addington,ON,1851,1851,1,3
Q4681175,Addington County,CD_ON_Addington_1871,CD,Addington,ON,1871,1901,4,3
Q4681175,Addington County,CD_ON_Addington_1921,CD,Addington,ON,1921,1921,1,3
Q470594,Amherst,PLACE_NS030002,CSD,Amherst,NS,1871,1891,3,2
Q470594,Amherst,PLACE_NS008030,CSD,"Amherst, Town—Ville",NS,1891,1921,4,2
Q473209,Kamloops,PLACE_BC207007,CSD,"Kamloops, C",BC,1911,1921,2,2
Q473209,Kamloops,PLACE_BC207003_1921,CSD,Kamloops,BC,1921,1921,1,2
Q474178,Bridgewater,PLACE_NS038003,CSD,Bridgewater,NS,1871,1891,3,2
Q474178,Bridgewater,PLACE_NS015043,CSD,"Bridgewater, T-V",NS,1921,1921,1,2
Q4742320,Ameliasburgh,PLACE_ON140001,CSD,Ameliasburg,ON,1851,1921,7,2
Q4742320,Ameliasburgh,PLACE_ON113001_1891,CSD,Ameliasburgh,ON,1891,1891,1,2
Q475953,Wolfville,PLACE_NS036027,CSD,"Wolfville, Town—Ville",NS,1871,1901,4,2
Q475953,Wolfville,PLACE_NS014017,CSD,"Wolfville, T-V",NS,1911,1921,2,2
Q4859868,Magnetawan,PLACE_ON086003,CSD,Maganetawan,ON,1871,1871,1,2
Q4859868,Magnetawan,PLACE_ON135053,CSD,"Magnetawan, VL",ON,1921,1921,1,2
Q4859980,Shelburne,PLACE_ON106009,CSD,"Shelburne, Village",ON,1881,1921,5,2
Q4859980,Shelburne,PLACE_ON153011,CSD,"Shelburne, Village",ON,1881,1881,1,2
Q4924217,Blairmore,PLACE_NT202012,CSD,Blairmore,NT,1901,1901,1,2
Q4924217,Blairmore,PLACE_AB190019,CSD,"Blairmore, T-V",AB,1911,1921,2,2
Q497373,Dartmouth,PLACE_NS011044,CSD,"Dartmouth, T-V",NS,1871,1921,6,2
Q497373,Dartmouth,PLACE_NS010014,CSD,Dartmouth,NS,1881,1881,1,2
Q5034975,Cape North,PLACE_NS020007,CSD,Cape North,NS,1871,1921,6,2
Q5034975,Cape North,PLACE_NS039008,CSD,Fraser's Mountain & Churchville,NS,1891,1891,1,2
Q5142112,Colchester,PLACE_ON001004,CSD,Colchester,ON,1851,1871,3,2
Q5142112,Colchester,PLACE_ON110003,CSD,Colchester S,ON,1881,1921,5,2
Q543098,Sunbury County,CD_NB_Sunbury,CD,Sunbury,NB,1871,1891,3,2
Q543098,Sunbury County,CD_NB_Sunbury_1921,CD,Sunbury,NB,1921,1921,1,2
Q543997,Arnprior,PLACE_ON117015,CSD,"Arnprior, Village",ON,1861,1911,6,2
Q543997,Arnprior,PLACE_ON142036_1921,CSD,"Arnprior, T-V",ON,1921,1921,1,2
Q54585333,Gordon,PLACE_ON127013,CSD,Gordon,ON,1891,1921,3,2
Q54585333,Gordon,PLACE_ON054038_1911,CSD,Gordon,ON,1911,1911,1,2
Q5463805,Foam Lake No. 276,PLACE_SK180005_1921,CSD,276. Beaver,SK,1921,1921,1,2
Q5463805,Foam Lake No. 276,PLACE_SK180009_1921,CSD,306. Foam Lake,SK,1921,1921,1,2
Q551124,Foam Lake,PLACE_NT203038,CSD,Foam Lake,NT,1901,1901,1,2
Q551124,Foam Lake,PLACE_SK180023,CSD,"Foam Lake, VL",SK,1911,1921,2,2
Q5594818,Grand Narrows,PLACE_NS006006_1921,CSD,Grand Narrows,NS,1871,1921,6,2
Q5594818,Grand Narrows,PLACE_NS043007,CSD,Grand Narrows,NS,1871,1891,3,2
Q5680222,Hastings,PLACE_ON125008_1881,CSD,"Hastings, Village",ON,1881,1881,1,2
Q5680222,Hastings,PLACE_ON132015,CSD,"Hastings, Village",ON,1881,1921,5,2
Q573968,Bow Island,PLACE_AB189024,CSD,"Bow Island, T-V",AB,1911,1921,2,2
Q573968,Bow Island,PLACE_AB189022,CSD,94. Bow Island,AB,1921,1921,1,2
Q58337,Banff,PLACE_NT202006,CSD,Banff,NT,1901,1901,1,2
Q58337,Banff,PLACE_AB194025,CSD,Banff (not inc),AB,1911,1921,2,2
Q615044,St. François Xavier,PLACE_MB011015,CSD,St. François-Xavier,MB,1881,1901,2,4
Q615044,St. François Xavier,PLACE_MB006014_1891,CSD,St. François-Xavier,MB,1891,1891,1,4
Q615044,St. François Xavier,PLACE_MB018008,CSD,St. Francois Xavier pr,MB,1911,1911,1,4
Q615044,St. François Xavier,PLACE_MB163006_1921,CSD,St. Francois Xavier,MB,1921,1921,1,4
Q619597,Battleford,PLACE_NT205005,CSD,"Battleford, South—Sud",NT,1901,1901,1,2
Q619597,Battleford,PLACE_SK182021,CSD,"Battleford, T-V",SK,1911,1921,2,2
Q619937,Swift Current,PLACE_NT204071,CSD,Swift Current,NT,1891,1901,2,2
Q619937,Swift Current,PLACE_SK178025,CSD,"Swift Current, C",SK,1911,1921,2,2
Q620726,Dundas,PLACE_ON148001,CSD,"Dundas, Town—Ville",ON,1851,1881,4,2
Q620726,Dundas,PLACE_ON153010_1891,CSD,"Dundas, Town—Ville",ON,1891,1921,4,2
Q63243314,Jonquière,PLACE_QC150007,CSD,Jonquière,QC,1851,1871,3,3
Q63243314,Jonquière,PLACE_QC050019,CSD,"Jonquière, T-V",QC,1911,1921,2,3
Q63243314,Jonquière,PLACE_QC050004_1921,CSD,Jonquière (St. Dominique),QC,1921,1921,1,3
Q63244599,Shefford,PLACE_QC197010_1901,CSD,Shefford,QC,1851,1911,7,2
Q63244599,Shefford,PLACE_QC087010_1921,CSD,Shefford,QC,1921,1921,1,2
Q63244603,Shipton,PLACE_QC192017,CSD,Shipton,QC,1851,1911,7,2
Q63244603,Shipton,PLACE_QC083006_1921,CSD,Shipton,QC,1921,1921,1,2
Q63244614,Stanstead,PLACE_QC053006,CSD,Stanstead Plains,QC,1851,1861,2,2
Q63244614,Stanstead,PLACE_QC090008,CSD,Stanstead,QC,1871,1921,6,2
Q63244626,Tadoussac,PLACE_QC086010,CSD,"Tadoussac, VL",QC,1871,1921,6,2
Q63244626,Tadoussac,PLACE_QC086008,CSD,"Tadoussac, par.",QC,1901,1921,3,2
Q63244699,Wakefield,PLACE_QC057025,CSD,Wakefield,QC,1851,1921,7,2
Q63244699,Wakefield,PLACE_QC057036_1921,CSD,"Wakefield, VL",QC,1921,1921,1,2
Q63244703,Wentworth,PLACE_QC142012_1901,CSD,Wentworth,QC,1851,1911,4,2
Q63244703,Wentworth,PLACE_QC037013_1921,CSD,Wentworth,QC,1921,1921,1,2
Q6391659,Kent County,CD_ON_Kent,CD,Kent,ON,1851,1921,3,2
Q6391659,Kent County,CD_ON_Kent_1871,CD,Kent,ON,1871,1911,5,2
Q639408,Waterloo,PLACE_ON123003_1891,CSD,Waterloo,ON,1851,1891,5,2
Q639408,Waterloo,PLACE_ON150010,CSD,"Waterloo, T-V",ON,1891,1921,4,2
Q641876,North Sydney,PLACE_NS006004,CSD,Sydney N,NS,1871,1881,2,2
Q641876,North Sydney,PLACE_NS006009_1891,CSD,"North Sydney, T-V",NS,1891,1921,4,2
Q642900,Grande Prairie,PLACE_AB204001,CSD,739. Grande Prairie,AB,1921,1921,1,2
Q642900,Grande Prairie,PLACE_AB204024,CSD,"Grande Prairie, T-V",AB,1921,1921,1,2
Q6461364,La Broquerie,PLACE_MB008007_1891,CSD,La Broquerie,MB,1891,1891,1,3
Q6461364,La Broquerie,PLACE_MB010005_1901,CSD,La Broquerie,MB,1901,1901,1,3
Q6461364,La Broquerie,PLACE_MB155003,CSD,La Broquerie,MB,1921,1921,1,3
Q6671173,Londonderry,PLACE_NS029001,CSD,Acadia Mines W-O,NS,1891,1891,1,3
Q6671173,Londonderry,PLACE_NS029002,CSD,Acadia Mines E,NS,1891,1891,1,3
Q6671173,Londonderry,PLACE_NS007001,CSD,Acadia Mines,NS,1901,1921,3,3
Q6697760,Lucknow,PLACE_ON104025,CSD,"Lucknow, Village",ON,1881,1921,5,2
Q6697760,Lucknow,PLACE_ON175011,CSD,"Lucknow, Village",ON,1881,1881,1,2
Q671431,Prince Albert,PLACE_NT201003,CSD,Prince Albert,NT,1881,1891,2,5
Q671431,Prince Albert,PLACE_NT205045,CSD,"Prince Albert, East—Est",NT,1901,1901,1,5
Q671431,Prince Albert,PLACE_NT205046,CSD,"Prince Albert, North—Nord",NT,1901,1901,1,5
Q671431,Prince Albert,PLACE_NT205047,CSD,"Prince Albert, West—Ouest",NT,1901,1901,1,5
Q671431,Prince Albert,PLACE_SK185026,CSD,"Prince Albert, C",SK,1911,1921,2,5
Q6772165,Marmora,PLACE_ON015004_1851,CSD,Marmora,ON,1851,1851,1,2
Q6772165,Marmora,PLACE_ON118032,CSD,"Marmora, VL",ON,1901,1921,3,2
Q6920786,Mount Forest,PLACE_ON035005,CSD,"Mount Forest, Village",ON,1871,1871,1,2
Q6920786,Mount Forest,PLACE_ON152015,CSD,"Mount Forest, Town—Ville",ON,1881,1921,5,2
Q7030693,Nictaux,PLACE_NS016012,CSD,Nictaux,NS,1871,1881,2,2
Q7030693,Nictaux,PLACE_NS004020,CSD,Nictau,NS,1891,1921,4,2
Q70460110,County of York,CD_ON_York,CD,York,ON,1851,1861,2,2
Q70460110,County of York,CD_ON_York_1921,CD,York,ON,1921,1921,1,2
Q7128296,Palmerston,PLACE_ON152016,CSD,"Palmerston, Town—Ville",ON,1881,1921,5,2
Q7128296,Palmerston,PLACE_ON153010,CSD,"Palmerston, Town—Ville",ON,1881,1881,1,2
Q7230482,Port Arthur,PLACE_ON182030,CSD,Prince Arthur,ON,1881,1881,1,6
Q7230482,Port Arthur,PLACE_ON046037,CSD,Port Arthur Centre,ON,1891,1891,1,6
Q7230482,Port Arthur,PLACE_ON046038,CSD,Port Arthur N,ON,1891,1891,1,6
Q7230482,Port Arthur,PLACE_ON046039,CSD,Port Arthur S,ON,1891,1891,1,6
Q7230482,Port Arthur,PLACE_ON044062,CSD,Port Arthur,ON,1901,1901,1,6
Q7230482,Port Arthur,PLACE_ON147037,CSD,"Port Arthur, C",ON,1901,1921,3,6
Q7230589,Port Dover,PLACE_ON157005,CSD,"Port Dover, Village",ON,1881,1881,1,2
Q7230589,Port Dover,PLACE_ON131011_1891,CSD,"Port Dover, Village",ON,1891,1921,4,2
Q7230747,Port La Tour,PLACE_NS013011,CSD,Margaree N. E.,NS,1871,1921,6,2
Q7230747,Port La Tour,PLACE_NS019010_1891,CSD,Port Latour,NS,1891,1921,4,2
Q727984,Esterhazy,PLACE_NT203058,CSD,Kaposvar,NT,1901,1901,1,2
Q727984,Esterhazy,PLACE_SK175037,CSD,"Esterhazy, VL",SK,1911,1921,2,2
Q731223,Sainte-Cécile-de-Milton,PLACE_QC127003,CSD,Ste. Cécile,QC,1871,1871,1,2
Q731223,Sainte-Cécile-de-Milton,PLACE_QC087006,CSD,Ste. Cécile de Milton,QC,1881,1921,5,2
Q7400719,Saint-Léonard Parish,PLACE_NB181005,CSD,Saint Leonard’s,NB,1871,1871,1,2
Q7400719,Saint-Léonard Parish,PLACE_NB028011,CSD,St. Léonard,NB,1881,1921,5,2
Q7440408,Seaforth,PLACE_ON174006,CSD,"Seaforth, Village",ON,1871,1881,2,2
Q7440408,Seaforth,PLACE_ON119019,CSD,"Seaforth, Town—Ville",ON,1891,1921,4,2
Q7492695,Sheffield Mills,PLACE_NS036023,CSD,Sheffield Mills,NS,1901,1901,1,2
Q7492695,Sheffield Mills,PLACE_NS014013,CSD,Sheffield Mills,NS,1911,1921,2,2
Q754638,Athabasca,PLACE_AB002009,CSD,Athabaska Landing vl (T66 R24 MW4),AB,1911,1911,1,2
Q754638,Athabasca,PLACE_AB202029,CSD,"Athabaska, T-V",AB,1921,1921,1,2
Q7589242,St Joseph,PLACE_NS005013_1921,CSD,St. Joseph E.,NS,1921,1921,1,2
Q7589242,St Joseph,PLACE_NS005014,CSD,St. Joseph W.-O.,NS,1921,1921,1,2
Q7597413,Stamford,PLACE_ON151005,CSD,Stamford,ON,1851,1921,7,2
Q7597413,Stamford,PLACE_ON123010_1901,CSD,Stamford,ON,1901,1901,1,2
Q7622058,Strathcona,PLACE_NT202119,CSD,"Strathcona, East—Est",NT,1901,1901,1,4
Q7622058,Strathcona,PLACE_NT202120,CSD,"Strathcona, West—Ouest",NT,1901,1901,1,4
Q7622058,Strathcona,PLACE_AB006004,CSD,Strathcona c,AB,1911,1911,1,4
Q7622058,Strathcona,PLACE_AB199007,CSD,518. Strathcona,AB,1921,1921,1,4
Q7659765,Sydenham,PLACE_ON011014_1851,CSD,Sydenham,ON,1851,1851,1,2
Q7659765,Sydenham,PLACE_ON114016,CSD,Sydenham,ON,1861,1921,7,2
Q767282,Greenwood,PLACE_BC218002,CSD,Greenwood,BC,1911,1921,2,2
Q767282,Greenwood,PLACE_BC218009,CSD,"Greenwood, C",BC,1911,1921,2,2
Q776930,Peterborough,PLACE_ON126001_1881,CSD,"Peterborough, Town—Ville",ON,1851,1881,4,3
Q776930,Peterborough,PLACE_ON111004_1891,CSD,"Peterborough, Town—Ville",ON,1891,1891,1,3
Q776930,Peterborough,PLACE_ON138017,CSD,"Peterborough, C",ON,1891,1921,4,3
Q7802072,Tilbury,PLACE_ON110026,CSD,"Tilbury (pt), T-V",ON,1891,1921,4,2
Q7802072,Tilbury,PLACE_ON121017,CSD,"Tilbury (pt), T-V",ON,1891,1921,4,2
Q7859812,Tyendinaga,PLACE_ON118021,CSD,Tyendinaga,ON,1851,1921,7,2
Q7859812,Tyendinaga,PLACE_ON070005_1901,CSD,Tyendinaga,ON,1901,1901,1,2
Q7983017,Wentworth County,CD_ON_Wentworth,CD,Wentworth,ON,1851,1861,2,2
Q7983017,Wentworth County,CD_ON_Wentworth_1911,CD,Wentworth,ON,1911,1921,2,2
Q810807,Bathurst,PLACE_NB025001,CSD,Bathurst,NB,1871,1921,6,2
Q810807,Bathurst,PLACE_NB025011,CSD,"Bathurst, T-V",NB,1911,1921,2,2
Q813856,Bedford,PLACE_NS033007_1901,CSD,Bedford,NS,1901,1901,1,3
Q813856,Bedford,PLACE_NS033008_1901,CSD,Bedford Basin,NS,1901,1901,1,3
Q813856,Bedford,PLACE_NS011001,CSD,Bedford Basin,NS,1911,1921,2,3
Q826427,Yale,PLACE_BC005016,CSD,Yale,BC,1891,1891,1,2
Q826427,Yale,PLACE_BC209003,CSD,Yale (pt),BC,1911,1921,2,2
Q864688,Yarmouth,PLACE_NS014003,CSD,Yarmouth,NS,1871,1881,2,2
Q864688,Yarmouth,PLACE_NS021022,CSD,"Yarmouth, T-V",NS,1901,1921,3,2
Q86580,Deloraine,PLACE_MB009008,CSD,Deloraine,MB,1891,1891,1,2
Q86580,Deloraine,PLACE_MB158010,CSD,"Deloraine, T-V",MB,1911,1921,2,2
Q92561,London,CD_ON_London_City,CD,London City,ON,1851,1901,6,3
Q92561,London,CD_ON_London,CD,London,ON,1911,1911,1,3
Q92561,London,PLACE_ON128016,CSD,"London, C",ON,1921,1921,1,3
Q932023,Saint-Antoine-de-Tilly,PLACE_QC049008,CSD,St. Antoine,QC,1851,1881,4,2
Q932023,Saint-Antoine-de-Tilly,PLACE_QC061005,CSD,Ste. Anne de la Pocatière,QC,1851,1921,8,2
Q932261,Sydney,PLACE_NS040021,CSD,"Sydney, Town—Ville",NS,1871,1911,5,2
Q932261,Sydney,PLACE_NS006028_1921,CSD,"Sydney, C",NS,1921,1921,1,2
Q939127,St. Albert,PLACE_NT202108,CSD,St. Albert,NT,1901,1901,1,2
Q939127,St. Albert,PLACE_AB199021,CSD,"St. Albert, T-V",AB,1911,1921,2,2
Q956690,Cornwall,PLACE_ON145005_1901,CSD,"Cornwall, T-V",ON,1851,1921,5,2
Q956690,Cornwall,CD_ON_Cornwall,CD,Cornwall,ON,1871,1881,2,2
Q983026,Chilliwack,PLACE_BC011001,CSD,Chilliwack,BC,1901,1911,2,3
Q983026,Chilliwack,PLACE_BC209005,CSD,"Chilliwack, C",BC,1911,1921,2,3
Q983026,Chilliwack,PLACE_BC209001_1921,CSD,Chilliwack,BC,1921,1921,1,3
Q984028,Grand Forks,PLACE_BC218001,CSD,Grand Forks,BC,1911,1921,2,2
Q984028,Grand Forks,PLACE_BC218008,CSD,"Grand Forks, C",BC,1911,1921,2,2
Q984206,Coronation,PLACE_AB195004,CSD,334. Coronation,AB,1921,1921,1,2
Q984206,Coronation,PLACE_AB195023,CSD,"Coronation, T-V",AB,1921,1921,1,2
Q985593,Deschambault-Grondines,PLACE_QC080003_1911,CSD,Deschambault (St. Joseph),QC,1911,1921,2,2
Q985593,Deschambault-Grondines,PLACE_QC080004_1921,CSD,Grondines,QC,1921,1921,1,2
Q985671,Vernon,PLACE_BC005012,CSD,Priest’s Valley,BC,1891,1891,1,2
Q985671,Vernon,PLACE_BC218011,CSD,"Vernon, C",BC,1911,1921,2,2
Q985674,Lloydminster,PLACE_AB198020,CSD,"Lloydminster (pt), T-V",AB,1911,1921,2,2
Q985674,Lloydminster,PLACE_SK187023,CSD,"Lloydminster (pt), T-V",SK,1911,1921,2,2
Q990470,Kamsack,PLACE_NT203057,CSD,Kamsack,NT,1901,1901,1,2
Q990470,Kamsack,PLACE_SK179019,CSD,"Kamsack, T-V",SK,1911,1921,2,2
Q991515,Canmore,PLACE_NT202023,CSD,Canmore,NT,1901,1901,1,2
Q991515,Canmore,PLACE_AB001012,CSD,Canmore vl (T24 R10 MW5),AB,1911,1911,1,2
Q991601,Bruce County,CD_ON_Bruce,CD,Bruce,ON,1851,1861,2,2
Q991601,Bruce County,CD_ON_Bruce_1921,CD,Bruce,ON,1921,1921,1,2
Q991692,Olds,PLACE_NT202086,CSD,Olds,NT,1901,1901,1,2
Q991692,Olds,PLACE_AB194029,CSD,"Olds, T-V",AB,1911,1921,2,2
Q993714,Kenora,PLACE_ON046041,CSD,Rat Portage E,ON,1891,1891,1,4
Q993714,Kenora,PLACE_ON046042,CSD,Rat Portage W-O,ON,1891,1891,1,4
Q993714,Kenora,PLACE_ON044064,CSD,Rat Portage,ON,1901,1901,1,4
Q993714,Kenora,PLACE_ON120045,CSD,"Kenora, T-V",ON,1901,1921,3,4
Q994375,Brussels,PLACE_ON174008,CSD,Brussels,ON,1881,1881,1,3
Q994375,Brussels,PLACE_ON175007,CSD,"Brussels, Village",ON,1881,1881,1,3
Q994375,Brussels,PLACE_ON119023,CSD,"Brussels, Village",ON,1891,1921,4,3
Q998994,Thessalon,PLACE_ON046024,CSD,Thessalon (Western Division),ON,1881,1891,2,3
Q998994,Thessalon,PLACE_ON044030,CSD,Thessalon,ON,1901,1901,1,3
Q998994,Thessalon,PLACE_ON102111,CSD,"Thessalon, T-V",ON,1901,1921,3,3
Q999654,North Battleford,PLACE_NT205004,CSD,"Battleford, North—Nord",NT,1901,1901,1,2
Q999654,North Battleford,PLACE_SK186026,CSD,"North Battleford, C",SK,1911,1921,2,2
