space_id:ID,latitude:float,longitude:float,crs,:LABEL
ON065002_1861_centroid,43.129911,-80.269328,EPSG:4326,E94_Space_Primitive
ON065003_1861_centroid,43.081704,-80.489497,EPSG:4326,E94_Space_Primitive
ON065004_1861_centroid,43.233347,-80.332997,EPSG:4326,E94_Space_Primitive
ON065008_1861_centroid,43.047867,-80.121479,EPSG:4326,E94_Space_Primitive
ON065005_1861_centroid,43.044769,-80.337971,EPSG:4326,E94_Space_Primitive
ON065001_1861_centroid,43.144614,-80.261687,EPSG:4326,E94_Space_Primitive
ON083007_1861_centroid,44.65588,-75.787674,EPSG:4326,E94_Space_Primitive
ON066001_1861_centroid,44.891256,-81.207835,EPSG:4326,E94_Space_Primitive
ON066002_1861_centroid,44.63951,-81.218582,EPSG:4326,E94_Space_Primitive
ON066003_1861_centroid,44.462853,-81.21291,EPSG:4326,E94_Space_Primitive
ON066005_1861_centroid,44.304558,-81.453814,EPSG:4326,E94_Space_Primitive
ON066011_1861_centroid,44.18702,-81.52516,EPSG:4326,E94_Space_Primitive
ON066014_1861_centroid,44.403308,-81.371951,EPSG:4326,E94_Space_Primitive
ON066012_1861_centroid,44.169704,-81.630115,EPSG:4326,E94_Space_Primitive
ON066015_1861_centroid,44.49486,-81.359279,EPSG:4326,E94_Space_Primitive
ON066004_1861_centroid,44.191911,-81.144774,EPSG:4326,E94_Space_Primitive
ON066006_1861_centroid,44.041549,-81.104964,EPSG:4326,E94_Space_Primitive
ON066007_1861_centroid,44.012701,-81.29601,EPSG:4326,E94_Space_Primitive
ON066008_1861_centroid,44.33704,-81.184145,EPSG:4326,E94_Space_Primitive
ON066009_1861_centroid,44.169222,-81.323658,EPSG:4326,E94_Space_Primitive
ON066010_1861_centroid,44.072036,-81.617247,EPSG:4326,E94_Space_Primitive
ON066013_1861_centroid,44.010591,-81.45168,EPSG:4326,E94_Space_Primitive
ON067001_1861_centroid,45.402996,-76.206736,EPSG:4326,E94_Space_Primitive
ON067003_1861_centroid,45.1914,-75.928093,EPSG:4326,E94_Space_Primitive
ON067004_1861_centroid,45.152767,-75.696406,EPSG:4326,E94_Space_Primitive
ON067005_1861_centroid,45.2944,-76.065787,EPSG:4326,E94_Space_Primitive
ON067007_1861_centroid,45.375132,-75.962147,EPSG:4326,E94_Space_Primitive
ON067006_1861_centroid,45.066285,-75.807426,EPSG:4326,E94_Space_Primitive
ON067008_1861_centroid,45.301587,-75.778904,EPSG:4326,E94_Space_Primitive
ON067011_1861_centroid,45.463016,-76.079573,EPSG:4326,E94_Space_Primitive
ON067010_1861_centroid,45.188838,-75.834585,EPSG:4326,E94_Space_Primitive
ON103001_1861_centroid,43.980012,-80.233417,EPSG:4326,E94_Space_Primitive
ON103007_1861_centroid,43.812218,-80.31425,EPSG:4326,E94_Space_Primitive
ON103010_1861_centroid,43.93767,-80.432923,EPSG:4326,E94_Space_Primitive
ON075010_1861_centroid,44.148504,-80.294904,EPSG:4326,E94_Space_Primitive
ON098010_1861_centroid,44.017141,-80.06176,EPSG:4326,E94_Space_Primitive
ON098012_1861_centroid,44.189377,-80.102496,EPSG:4326,E94_Space_Primitive
ON068002_1861_centroid,44.916475,-75.348101,EPSG:4326,E94_Space_Primitive
ON068004_1861_centroid,45.05363,-75.457713,EPSG:4326,E94_Space_Primitive
ON068005_1861_centroid,44.986581,-75.187619,EPSG:4326,E94_Space_Primitive
ON068006_1861_centroid,45.119749,-75.291728,EPSG:4326,E94_Space_Primitive
ON068001_1861_centroid,44.846414,-75.32423,EPSG:4326,E94_Space_Primitive
ON068003_1861_centroid,44.902625,-75.183383,EPSG:4326,E94_Space_Primitive
ON069003_1861_centroid,44.16111,-78.824244,EPSG:4326,E94_Space_Primitive
ON069002_1861_centroid,44.185758,-78.46651,EPSG:4326,E94_Space_Primitive
ON069004_1861_centroid,43.991656,-78.562504,EPSG:4326,E94_Space_Primitive
ON069005_1861_centroid,43.971893,-78.749594,EPSG:4326,E94_Space_Primitive
ON069006_1861_centroid,44.01693,-78.391851,EPSG:4326,E94_Space_Primitive
ON069007_1861_centroid,44.164785,-78.643667,EPSG:4326,E94_Space_Primitive
ON069001_1861_centroid,43.914666,-78.681719,EPSG:4326,E94_Space_Primitive
ON069009_1861_centroid,43.953916,-78.299112,EPSG:4326,E94_Space_Primitive
ON069008_1861_centroid,43.910126,-78.589291,EPSG:4326,E94_Space_Primitive
ON070002_1861_centroid,42.736786,-80.788081,EPSG:4326,E94_Space_Primitive
ON070003_1861_centroid,42.860905,-80.984204,EPSG:4326,E94_Space_Primitive
ON070005_1861_centroid,42.743036,-80.944292,EPSG:4326,E94_Space_Primitive
ON070009_1861_centroid,42.756833,-81.123993,EPSG:4326,E94_Space_Primitive
ON070008_1861_centroid,42.682688,-80.797528,EPSG:4326,E94_Space_Primitive
ON070001_1861_centroid,42.586048,-81.669369,EPSG:4326,E94_Space_Primitive
ON070004_1861_centroid,42.669322,-81.492992,EPSG:4326,E94_Space_Primitive
ON070006_1861_centroid,42.745642,-81.314588,EPSG:4326,E94_Space_Primitive
ON070007_1861_centroid,42.777068,-81.188555,EPSG:4326,E94_Space_Primitive
ON071005_1861_centroid,42.242906,-82.797837,EPSG:4326,E94_Space_Primitive
ON071011_1861_centroid,42.236426,-82.65609,EPSG:4326,E94_Space_Primitive
ON071008_1861_centroid,42.260806,-82.937615,EPSG:4326,E94_Space_Primitive
ON071009_1861_centroid,42.236437,-83.052737,EPSG:4326,E94_Space_Primitive
ON071010_1861_centroid,42.291475,-83.070916,EPSG:4326,E94_Space_Primitive
ON071002_1861_centroid,42.146821,-83.041317,EPSG:4326,E94_Space_Primitive
ON071003_1861_centroid,42.083897,-82.900099,EPSG:4326,E94_Space_Primitive
ON071004_1861_centroid,42.097775,-82.73464,EPSG:4326,E94_Space_Primitive
ON071006_1861_centroid,42.070948,-83.042445,EPSG:4326,E94_Space_Primitive
ON071007_1861_centroid,42.08236,-82.548927,EPSG:4326,E94_Space_Primitive
ON071999_1861_centroid,41.775991,-82.657848,EPSG:4326,E94_Space_Primitive
ON071012_1861_centroid,42.24095,-82.516605,EPSG:4326,E94_Space_Primitive
ON071001_1861_centroid,42.099174,-83.099535,EPSG:4326,E94_Space_Primitive
ON072001_1861_centroid,44.888758,-77.015218,EPSG:4326,E94_Space_Primitive
ON072002_1861_centroid,44.619905,-76.536912,EPSG:4326,E94_Space_Primitive
ON072003_1861_centroid,44.600554,-76.763865,EPSG:4326,E94_Space_Primitive
ON072004_1861_centroid,44.717265,-76.981324,EPSG:4326,E94_Space_Primitive
ON072005_1861_centroid,44.294879,-76.565949,EPSG:4326,E94_Space_Primitive
ON072006_1861_centroid,44.459827,-76.539608,EPSG:4326,E94_Space_Primitive
ON072008_1861_centroid,44.762815,-76.799338,EPSG:4326,E94_Space_Primitive
ON072009_1861_centroid,44.802927,-76.649715,EPSG:4326,E94_Space_Primitive
ON072011_1861_centroid,44.328751,-76.323584,EPSG:4326,E94_Space_Primitive
ON072012_1861_centroid,44.448744,-76.703054,EPSG:4326,E94_Space_Primitive
ON072014_1861_centroid,44.43687,-76.395054,EPSG:4326,E94_Space_Primitive
ON072015_1861_centroid,44.178582,-76.391686,EPSG:4326,E94_Space_Primitive
ON073001_1861_centroid,45.146095,-74.632491,EPSG:4326,E94_Space_Primitive
ON073002_1861_centroid,45.306148,-74.76325,EPSG:4326,E94_Space_Primitive
ON073003_1861_centroid,45.23799,-74.486184,EPSG:4326,E94_Space_Primitive
ON073004_1861_centroid,45.397663,-74.595381,EPSG:4326,E94_Space_Primitive
ON074001_1861_centroid,44.748671,-75.64679,EPSG:4326,E94_Space_Primitive
ON074002_1861_centroid,44.838974,-75.502398,EPSG:4326,E94_Space_Primitive
ON074003_1861_centroid,45.019326,-75.575075,EPSG:4326,E94_Space_Primitive
ON074006_1861_centroid,44.952373,-75.676951,EPSG:4326,E94_Space_Primitive
ON074008_1861_centroid,44.853534,-75.828318,EPSG:4326,E94_Space_Primitive
ON074007_1861_centroid,44.718656,-75.519493,EPSG:4326,E94_Space_Primitive
ON074004_1861_centroid,45.020966,-75.650593,EPSG:4326,E94_Space_Primitive
ON074005_1861_centroid,44.908426,-75.839235,EPSG:4326,E94_Space_Primitive
ON075001_1861_centroid,44.271151,-80.542486,EPSG:4326,E94_Space_Primitive
ON075003_1861_centroid,44.473591,-80.396185,EPSG:4326,E94_Space_Primitive
ON075006_1861_centroid,44.434129,-80.583164,EPSG:4326,E94_Space_Primitive
ON075008_1861_centroid,44.40506,-80.7821,EPSG:4326,E94_Space_Primitive
ON075012_1861_centroid,44.313365,-80.34603,EPSG:4326,E94_Space_Primitive
ON075014_1861_centroid,44.105044,-80.497538,EPSG:4326,E94_Space_Primitive
ON075004_1861_centroid,44.511329,-81.018123,EPSG:4326,E94_Space_Primitive
ON075009_1861_centroid,44.68701,-81.020016,EPSG:4326,E94_Space_Primitive
ON075017_1861_centroid,44.603185,-80.64719,EPSG:4326,E94_Space_Primitive
ON075016_1861_centroid,44.57815,-80.809686,EPSG:4326,E94_Space_Primitive
ON075013_1861_centroid,44.57799,-80.922219,EPSG:4326,E94_Space_Primitive
ON075002_1861_centroid,44.219002,-80.940312,EPSG:4326,E94_Space_Primitive
ON075005_1861_centroid,44.07307,-80.694815,EPSG:4326,E94_Space_Primitive
ON075007_1861_centroid,44.242235,-80.73776,EPSG:4326,E94_Space_Primitive
ON075011_1861_centroid,44.06292,-80.895886,EPSG:4326,E94_Space_Primitive
ON075015_1861_centroid,44.381294,-80.983775,EPSG:4326,E94_Space_Primitive
ON076001_1861_centroid,42.970903,-79.657181,EPSG:4326,E94_Space_Primitive
ON076002_1861_centroid,42.943844,-79.81831,EPSG:4326,E94_Space_Primitive
ON076003_1861_centroid,42.888681,-79.758733,EPSG:4326,E94_Space_Primitive
ON076004_1861_centroid,42.879753,-79.648458,EPSG:4326,E94_Space_Primitive
ON076006_1861_centroid,42.908753,-79.537747,EPSG:4326,E94_Space_Primitive
ON076007_1861_centroid,43.005838,-79.972688,EPSG:4326,E94_Space_Primitive
ON076008_1861_centroid,42.86503,-79.876737,EPSG:4326,E94_Space_Primitive
ON076009_1861_centroid,43.044544,-79.850591,EPSG:4326,E94_Space_Primitive
ON076010_1861_centroid,42.887724,-80.054994,EPSG:4326,E94_Space_Primitive
ON076005_1861_centroid,42.908693,-79.614172,EPSG:4326,E94_Space_Primitive
ON077001_1861_centroid,43.619295,-79.941895,EPSG:4326,E94_Space_Primitive
ON077004_1861_centroid,43.5331,-80.036068,EPSG:4326,E94_Space_Primitive
ON077005_1861_centroid,43.406467,-79.857127,EPSG:4326,E94_Space_Primitive
ON077007_1861_centroid,43.492746,-79.7675,EPSG:4326,E94_Space_Primitive
ON077003_1861_centroid,43.513856,-79.879496,EPSG:4326,E94_Space_Primitive
ON077006_1861_centroid,43.451284,-79.675138,EPSG:4326,E94_Space_Primitive
ON077002_1861_centroid,43.64761,-79.93009,EPSG:4326,E94_Space_Primitive
ON108002_1861_centroid,43.254585,-79.883936,EPSG:4326,E94_Space_Primitive
ON078002_1861_centroid,44.707788,-77.387416,EPSG:4326,E94_Space_Primitive
ON078004_1861_centroid,44.461061,-77.245357,EPSG:4326,E94_Space_Primitive
ON078006_1861_centroid,44.584411,-77.507927,EPSG:4326,E94_Space_Primitive
ON078999_1861_centroid,45.171858,-77.829277,EPSG:4326,E94_Space_Primitive
ON078011_1861_centroid,44.250475,-77.360017,EPSG:4326,E94_Space_Primitive
ON078014_1861_centroid,44.273299,-77.184701,EPSG:4326,E94_Space_Primitive
ON078005_1861_centroid,44.414792,-77.441399,EPSG:4326,E94_Space_Primitive
ON078008_1861_centroid,44.375103,-77.605102,EPSG:4326,E94_Space_Primitive
ON078010_1861_centroid,44.20809,-77.520587,EPSG:4326,E94_Space_Primitive
ON078001_1861_centroid,44.167375,-77.379312,EPSG:4326,E94_Space_Primitive
ON078012_1861_centroid,44.113096,-77.561106,EPSG:4326,E94_Space_Primitive
ON078009_1861_centroid,44.308335,-77.540335,EPSG:4326,E94_Space_Primitive
ON079007_1861_centroid,43.720306,-81.166574,EPSG:4326,E94_Space_Primitive
ON079009_1861_centroid,43.891223,-81.068646,EPSG:4326,E94_Space_Primitive
ON079013_1861_centroid,43.778936,-81.309709,EPSG:4326,E94_Space_Primitive
ON079017_1861_centroid,43.896342,-81.245714,EPSG:4326,E94_Space_Primitive
ON079019_1861_centroid,43.846514,-81.475089,EPSG:4326,E94_Space_Primitive
ON079008_1861_centroid,43.402799,-81.607753,EPSG:4326,E94_Space_Primitive
ON079012_1861_centroid,43.599352,-81.309841,EPSG:4326,E94_Space_Primitive
ON079014_1861_centroid,43.513845,-81.613351,EPSG:4326,E94_Space_Primitive
ON079015_1861_centroid,43.299436,-81.619895,EPSG:4326,E94_Space_Primitive
ON079016_1861_centroid,43.513386,-81.455944,EPSG:4326,E94_Space_Primitive
ON079018_1861_centroid,43.347068,-81.401025,EPSG:4326,E94_Space_Primitive
ON079001_1861_centroid,43.930973,-81.649062,EPSG:4326,E94_Space_Primitive
ON079004_1861_centroid,43.764163,-81.640352,EPSG:4326,E94_Space_Primitive
ON079005_1861_centroid,43.642999,-81.636207,EPSG:4326,E94_Space_Primitive
ON079010_1861_centroid,43.674129,-81.463102,EPSG:4326,E94_Space_Primitive
ON079006_1861_centroid,43.73941,-81.711521,EPSG:4326,E94_Space_Primitive
ON080001_1861_centroid,42.582391,-82.03501,EPSG:4326,E94_Space_Primitive
ON080003_1861_centroid,42.535777,-82.233213,EPSG:4326,E94_Space_Primitive
ON080006_1861_centroid,42.454824,-81.911415,EPSG:4326,E94_Space_Primitive
ON080007_1861_centroid,42.51335,-81.805317,EPSG:4326,E94_Space_Primitive
ON080004_1861_centroid,42.437615,-82.341824,EPSG:4326,E94_Space_Primitive
ON080005_1861_centroid,42.372619,-82.014709,EPSG:4326,E94_Space_Primitive
ON080008_1861_centroid,42.30594,-82.18802,EPSG:4326,E94_Space_Primitive
ON080009_1861_centroid,42.153537,-82.387206,EPSG:4326,E94_Space_Primitive
ON080010_1861_centroid,42.251316,-82.338681,EPSG:4326,E94_Space_Primitive
ON080002_1861_centroid,42.403486,-82.188959,EPSG:4326,E94_Space_Primitive
ON109002_1861_centroid,44.243645,-76.490458,EPSG:4326,E94_Space_Primitive
ON072013_1861_centroid,44.223893,-76.518077,EPSG:4326,E94_Space_Primitive
ON081001_1861_centroid,43.17069,-81.900506,EPSG:4326,E94_Space_Primitive
ON081002_1861_centroid,42.84886,-81.904897,EPSG:4326,E94_Space_Primitive
ON081004_1861_centroid,42.844539,-82.120791,EPSG:4326,E94_Space_Primitive
ON081005_1861_centroid,42.719177,-81.91933,EPSG:4326,E94_Space_Primitive
ON081011_1861_centroid,43.007725,-81.900557,EPSG:4326,E94_Space_Primitive
ON081003_1861_centroid,42.691178,-82.124628,EPSG:4326,E94_Space_Primitive
ON081006_1861_centroid,42.8371,-82.351809,EPSG:4326,E94_Space_Primitive
ON081007_1861_centroid,43.011784,-82.106513,EPSG:4326,E94_Space_Primitive
ON081008_1861_centroid,42.964963,-82.323144,EPSG:4326,E94_Space_Primitive
ON081009_1861_centroid,42.973694,-82.398288,EPSG:4326,E94_Space_Primitive
ON082004_1861_centroid,45.003842,-76.523922,EPSG:4326,E94_Space_Primitive
ON082005_1861_centroid,45.207598,-76.513972,EPSG:4326,E94_Space_Primitive
ON082008_1861_centroid,45.098194,-76.374933,EPSG:4326,E94_Space_Primitive
ON082011_1861_centroid,45.304964,-76.359596,EPSG:4326,E94_Space_Primitive
ON082013_1861_centroid,45.197124,-76.220858,EPSG:4326,E94_Space_Primitive
ON082001_1861_centroid,44.894161,-76.390703,EPSG:4326,E94_Space_Primitive
ON082002_1861_centroid,45.087459,-76.083889,EPSG:4326,E94_Space_Primitive
ON082006_1861_centroid,44.990982,-76.237166,EPSG:4326,E94_Space_Primitive
ON082007_1861_centroid,44.895835,-76.146232,EPSG:4326,E94_Space_Primitive
ON082010_1861_centroid,44.964106,-75.955711,EPSG:4326,E94_Space_Primitive
ON082015_1861_centroid,44.813208,-76.514905,EPSG:4326,E94_Space_Primitive
ON082012_1861_centroid,44.898919,-76.252512,EPSG:4326,E94_Space_Primitive
ON083001_1861_centroid,44.676284,-76.124946,EPSG:4326,E94_Space_Primitive
ON083004_1861_centroid,44.698727,-76.396838,EPSG:4326,E94_Space_Primitive
ON083005_1861_centroid,44.58703,-76.264827,EPSG:4326,E94_Space_Primitive
ON083006_1861_centroid,44.83737,-76.08235,EPSG:4326,E94_Space_Primitive
ON084001_1861_centroid,44.095115,-77.022153,EPSG:4326,E94_Space_Primitive
ON084002_1861_centroid,44.144397,-76.718422,EPSG:4326,E94_Space_Primitive
ON084008_1861_centroid,44.671306,-77.160871,EPSG:4326,E94_Space_Primitive
ON084004_1861_centroid,44.401159,-76.8907,EPSG:4326,E94_Space_Primitive
ON084006_1861_centroid,44.264944,-76.766981,EPSG:4326,E94_Space_Primitive
ON084007_1861_centroid,44.178704,-76.927773,EPSG:4326,E94_Space_Primitive
ON084010_1861_centroid,44.310368,-77.035698,EPSG:4326,E94_Space_Primitive
ON084011_1861_centroid,44.538784,-77.010444,EPSG:4326,E94_Space_Primitive
ON084009_1861_centroid,44.250138,-76.963155,EPSG:4326,E94_Space_Primitive
ON085001_1861_centroid,43.065962,-79.660778,EPSG:4326,E94_Space_Primitive
ON085002_1861_centroid,43.145098,-79.452421,EPSG:4326,E94_Space_Primitive
ON085003_1861_centroid,43.044266,-79.486736,EPSG:4326,E94_Space_Primitive
ON085004_1861_centroid,43.175073,-79.21578,EPSG:4326,E94_Space_Primitive
ON085005_1861_centroid,43.149307,-79.588095,EPSG:4326,E94_Space_Primitive
ON085006_1861_centroid,43.147421,-79.333654,EPSG:4326,E94_Space_Primitive
ON085007_1861_centroid,43.199315,-79.108381,EPSG:4326,E94_Space_Primitive
ON085009_1861_centroid,43.158262,-79.249843,EPSG:4326,E94_Space_Primitive
ON085008_1861_centroid,43.251569,-79.073486,EPSG:4326,E94_Space_Primitive
ON086004_1861_centroid,42.961794,-81.022847,EPSG:4326,E94_Space_Primitive
ON086007_1861_centroid,43.071967,-81.298907,EPSG:4326,E94_Space_Primitive
ON086010_1861_centroid,43.121957,-81.139688,EPSG:4326,E94_Space_Primitive
ON086014_1861_centroid,42.912183,-81.225328,EPSG:4326,E94_Space_Primitive
ON086001_1861_centroid,43.000082,-81.694929,EPSG:4326,E94_Space_Primitive
ON079002_1861_centroid,43.217428,-81.377324,EPSG:4326,E94_Space_Primitive
ON086006_1861_centroid,43.020977,-81.476236,EPSG:4326,E94_Space_Primitive
ON079011_1861_centroid,43.205541,-81.595859,EPSG:4326,E94_Space_Primitive
ON086012_1861_centroid,43.102594,-81.595825,EPSG:4326,E94_Space_Primitive
ON086013_1861_centroid,43.122509,-81.742664,EPSG:4326,E94_Space_Primitive
ON086002_1861_centroid,42.885164,-81.525835,EPSG:4326,E94_Space_Primitive
ON086003_1861_centroid,42.874621,-81.375781,EPSG:4326,E94_Space_Primitive
ON086005_1861_centroid,42.782798,-81.628809,EPSG:4326,E94_Space_Primitive
ON086008_1861_centroid,42.877844,-81.729142,EPSG:4326,E94_Space_Primitive
ON086009_1861_centroid,42.714698,-81.77211,EPSG:4326,E94_Space_Primitive
ON086011_1861_centroid,42.956497,-81.62366,EPSG:4326,E94_Space_Primitive
ON100013_1861_centroid,44.991726,-79.214536,EPSG:4326,E94_Space_Primitive
ON100999_1861_centroid,45.254706,-79.146091,EPSG:4326,E94_Space_Primitive
ON107000_1861_centroid,46.552869,-79.654809,EPSG:4326,E94_Space_Primitive
ON087001_1861_centroid,42.758602,-80.384455,EPSG:4326,E94_Space_Primitive
ON087002_1861_centroid,42.655567,-80.660922,EPSG:4326,E94_Space_Primitive
ON087003_1861_centroid,42.823396,-80.619889,EPSG:4326,E94_Space_Primitive
ON087005_1861_centroid,42.940965,-80.252917,EPSG:4326,E94_Space_Primitive
ON087006_1861_centroid,42.676679,-80.512355,EPSG:4326,E94_Space_Primitive
ON087007_1861_centroid,42.914793,-80.425057,EPSG:4326,E94_Space_Primitive
ON087008_1861_centroid,42.81781,-80.205584,EPSG:4326,E94_Space_Primitive
ON087004_1861_centroid,42.839605,-80.299773,EPSG:4326,E94_Space_Primitive
ON088003_1861_centroid,44.113861,-77.757333,EPSG:4326,E94_Space_Primitive
ON088006_1861_centroid,44.079753,-77.875096,EPSG:4326,E94_Space_Primitive
ON088010_1861_centroid,44.14962,-77.655954,EPSG:4326,E94_Space_Primitive
ON088011_1861_centroid,44.240214,-77.923771,EPSG:4326,E94_Space_Primitive
ON088012_1861_centroid,44.328074,-77.77876,EPSG:4326,E94_Space_Primitive
ON088005_1861_centroid,44.007978,-77.884697,EPSG:4326,E94_Space_Primitive
ON088001_1861_centroid,44.201271,-78.078257,EPSG:4326,E94_Space_Primitive
ON088007_1861_centroid,44.067889,-78.031116,EPSG:4326,E94_Space_Primitive
ON088008_1861_centroid,44.049419,-78.213462,EPSG:4326,E94_Space_Primitive
ON089001_1861_centroid,44.288222,-79.074113,EPSG:4326,E94_Space_Primitive
ON089002_1861_centroid,44.580959,-79.233912,EPSG:4326,E94_Space_Primitive
ON089005_1861_centroid,44.708801,-79.273399,EPSG:4326,E94_Space_Primitive
ON089007_1861_centroid,44.181822,-79.215853,EPSG:4326,E94_Space_Primitive
ON089009_1861_centroid,44.442609,-79.148436,EPSG:4326,E94_Space_Primitive
ON089010_1861_centroid,44.055627,-79.161902,EPSG:4326,E94_Space_Primitive
ON089004_1861_centroid,43.901061,-79.095452,EPSG:4326,E94_Space_Primitive
ON089006_1861_centroid,44.11507,-79.002469,EPSG:4326,E94_Space_Primitive
ON089008_1861_centroid,44.157975,-78.889227,EPSG:4326,E94_Space_Primitive
ON089012_1861_centroid,43.938686,-78.96741,EPSG:4326,E94_Space_Primitive
ON089011_1861_centroid,43.949911,-78.87873,EPSG:4326,E94_Space_Primitive
ON111001_1861_centroid,45.431468,-75.685571,EPSG:4326,E94_Space_Primitive
ON111003_1861_centroid,45.425601,-75.679358,EPSG:4326,E94_Space_Primitive
ON111004_1861_centroid,45.417563,-75.711902,EPSG:4326,E94_Space_Primitive
ON090001_1861_centroid,43.219772,-80.683482,EPSG:4326,E94_Space_Primitive
ON090002_1861_centroid,43.249158,-80.556993,EPSG:4326,E94_Space_Primitive
ON090006_1861_centroid,43.155109,-81.032979,EPSG:4326,E94_Space_Primitive
ON090013_1861_centroid,43.239277,-80.790831,EPSG:4326,E94_Space_Primitive
ON090014_1861_centroid,43.189976,-80.917737,EPSG:4326,E94_Space_Primitive
ON090012_1861_centroid,43.130087,-80.752789,EPSG:4326,E94_Space_Primitive
ON090004_1861_centroid,43.157419,-80.912332,EPSG:4326,E94_Space_Primitive
ON090003_1861_centroid,42.927204,-80.811867,EPSG:4326,E94_Space_Primitive
ON090007_1861_centroid,42.995285,-80.643399,EPSG:4326,E94_Space_Primitive
ON090008_1861_centroid,42.910858,-80.616365,EPSG:4326,E94_Space_Primitive
ON090010_1861_centroid,43.089546,-80.665811,EPSG:4326,E94_Space_Primitive
ON090009_1861_centroid,43.05161,-80.929135,EPSG:4326,E94_Space_Primitive
ON090011_1861_centroid,43.05325,-80.813087,EPSG:4326,E94_Space_Primitive
ON090005_1861_centroid,43.041339,-80.88691,EPSG:4326,E94_Space_Primitive
ON091001_1861_centroid,43.900744,-79.811828,EPSG:4326,E94_Space_Primitive
ON091003_1861_centroid,43.855144,-79.996106,EPSG:4326,E94_Space_Primitive
ON091004_1861_centroid,43.734576,-79.826465,EPSG:4326,E94_Space_Primitive
ON091006_1861_centroid,43.604344,-79.66181,EPSG:4326,E94_Space_Primitive
ON091007_1861_centroid,43.767482,-79.681045,EPSG:4326,E94_Space_Primitive
ON091002_1861_centroid,43.686066,-79.764534,EPSG:4326,E94_Space_Primitive
ON091005_1861_centroid,43.597119,-79.707173,EPSG:4326,E94_Space_Primitive
ON092003_1861_centroid,43.419059,-80.848722,EPSG:4326,E94_Space_Primitive
ON092005_1861_centroid,43.469497,-81.00487,EPSG:4326,E94_Space_Primitive
ON092006_1861_centroid,43.655835,-81.010131,EPSG:4326,E94_Space_Primitive
ON092011_1861_centroid,43.598598,-80.871758,EPSG:4326,E94_Space_Primitive
ON092014_1861_centroid,43.781643,-80.917026,EPSG:4326,E94_Space_Primitive
ON092013_1861_centroid,43.369776,-80.983416,EPSG:4326,E94_Space_Primitive
ON092001_1861_centroid,43.273081,-81.230069,EPSG:4326,E94_Space_Primitive
ON092002_1861_centroid,43.328385,-81.059884,EPSG:4326,E94_Space_Primitive
ON092004_1861_centroid,43.341852,-80.871447,EPSG:4326,E94_Space_Primitive
ON092007_1861_centroid,43.393616,-81.200836,EPSG:4326,E94_Space_Primitive
ON092008_1861_centroid,43.451842,-81.331429,EPSG:4326,E94_Space_Primitive
ON092009_1861_centroid,43.53534,-81.155969,EPSG:4326,E94_Space_Primitive
ON092010_1861_centroid,43.468889,-81.199363,EPSG:4326,E94_Space_Primitive
ON093002_1861_centroid,44.343129,-78.006915,EPSG:4326,E94_Space_Primitive
ON093003_1861_centroid,44.57749,-77.90026,EPSG:4326,E94_Space_Primitive
ON093999_1861_centroid,45.013865,-78.229717,EPSG:4326,E94_Space_Primitive
ON093004_1861_centroid,44.405436,-78.213156,EPSG:4326,E94_Space_Primitive
ON093005_1861_centroid,44.560635,-78.099721,EPSG:4326,E94_Space_Primitive
ON093011_1861_centroid,44.262372,-78.204315,EPSG:4326,E94_Space_Primitive
ON093007_1861_centroid,44.752578,-78.456406,EPSG:4326,E94_Space_Primitive
ON093006_1861_centroid,44.418492,-78.434227,EPSG:4326,E94_Space_Primitive
ON093008_1861_centroid,44.588568,-78.401435,EPSG:4326,E94_Space_Primitive
ON093010_1861_centroid,44.260679,-78.371721,EPSG:4326,E94_Space_Primitive
ON088009_1861_centroid,44.167173,-78.303541,EPSG:4326,E94_Space_Primitive
ON093013_1861_centroid,44.439061,-78.318795,EPSG:4326,E94_Space_Primitive
ON094001_1861_centroid,45.567249,-74.882909,EPSG:4326,E94_Space_Primitive
ON094002_1861_centroid,45.463342,-74.80032,EPSG:4326,E94_Space_Primitive
ON094003_1861_centroid,45.507252,-74.488182,EPSG:4326,E94_Space_Primitive
ON094004_1861_centroid,45.540609,-74.648297,EPSG:4326,E94_Space_Primitive
ON094006_1861_centroid,45.585621,-74.737312,EPSG:4326,E94_Space_Primitive
ON094007_1861_centroid,45.52575,-75.035766,EPSG:4326,E94_Space_Primitive
ON094008_1861_centroid,45.405543,-74.975704,EPSG:4326,E94_Space_Primitive
ON094005_1861_centroid,45.60322,-74.59916,EPSG:4326,E94_Space_Primitive
ON095001_1861_centroid,44.069251,-77.448404,EPSG:4326,E94_Space_Primitive
ON095002_1861_centroid,43.902537,-77.168134,EPSG:4326,E94_Space_Primitive
ON095003_1861_centroid,43.989041,-77.2281,EPSG:4326,E94_Space_Primitive
ON095004_1861_centroid,43.982977,-77.4292,EPSG:4326,E94_Space_Primitive
ON095005_1861_centroid,43.972495,-77.003041,EPSG:4326,E94_Space_Primitive
ON095007_1861_centroid,44.093701,-77.190368,EPSG:4326,E94_Space_Primitive
ON095006_1861_centroid,44.007116,-77.144666,EPSG:4326,E94_Space_Primitive
ON096003_1861_centroid,45.560873,-77.298624,EPSG:4326,E94_Space_Primitive
ON096002_1861_centroid,45.74282,-77.300639,EPSG:4326,E94_Space_Primitive
ON096007_1861_centroid,45.58106,-76.941685,EPSG:4326,E94_Space_Primitive
ON096016_1861_centroid,46.051012,-77.573835,EPSG:4326,E94_Space_Primitive
ON096017_1861_centroid,45.63175,-76.780998,EPSG:4326,E94_Space_Primitive
ON096019_1861_centroid,45.727529,-77.06516,EPSG:4326,E94_Space_Primitive
ON096020_1861_centroid,45.762947,-76.883645,EPSG:4326,E94_Space_Primitive
ON096021_1861_centroid,45.612553,-77.123502,EPSG:4326,E94_Space_Primitive
ON096013_1861_centroid,45.820962,-77.118321,EPSG:4326,E94_Space_Primitive
ON096001_1861_centroid,45.438914,-76.820489,EPSG:4326,E94_Space_Primitive
ON096006_1861_centroid,45.324311,-76.663251,EPSG:4326,E94_Space_Primitive
ON096005_1861_centroid,45.26821,-76.884419,EPSG:4326,E94_Space_Primitive
ON096008_1861_centroid,45.329763,-77.454689,EPSG:4326,E94_Space_Primitive
ON096009_1861_centroid,45.447554,-77.051928,EPSG:4326,E94_Space_Primitive
ON096018_1861_centroid,45.347773,-77.179317,EPSG:4326,E94_Space_Primitive
ON096010_1861_centroid,45.503095,-76.654259,EPSG:4326,E94_Space_Primitive
ON096004_1861_centroid,45.430141,-76.363258,EPSG:4326,E94_Space_Primitive
ON096015_1861_centroid,45.477197,-76.690984,EPSG:4326,E94_Space_Primitive
ON097001_1861_centroid,45.316939,-75.13184,EPSG:4326,E94_Space_Primitive
ON097002_1861_centroid,45.476488,-75.208422,EPSG:4326,E94_Space_Primitive
ON097003_1861_centroid,45.425294,-75.38489,EPSG:4326,E94_Space_Primitive
ON067002_1861_centroid,45.364649,-75.588126,EPSG:4326,E94_Space_Primitive
ON067009_1861_centroid,45.208274,-75.515306,EPSG:4326,E94_Space_Primitive
ON097004_1861_centroid,45.271879,-75.31373,EPSG:4326,E94_Space_Primitive
ON098014_1861_centroid,44.705862,-79.477473,EPSG:4326,E94_Space_Primitive
ON098009_1861_centroid,44.631737,-79.667367,EPSG:4326,E94_Space_Primitive
ON098017_1861_centroid,44.740065,-79.923899,EPSG:4326,E94_Space_Primitive
ON098006_1861_centroid,44.53774,-79.877585,EPSG:4326,E94_Space_Primitive
ON098013_1861_centroid,44.384093,-80.164588,EPSG:4326,E94_Space_Primitive
ON098015_1861_centroid,44.498117,-79.549099,EPSG:4326,E94_Space_Primitive
ON098016_1861_centroid,44.399247,-79.985906,EPSG:4326,E94_Space_Primitive
ON098021_1861_centroid,44.428464,-79.784179,EPSG:4326,E94_Space_Primitive
ON098004_1861_centroid,44.497498,-80.2164,EPSG:4326,E94_Space_Primitive
ON071013_1861_centroid,42.309961,-83.026329,EPSG:4326,E94_Space_Primitive
ON081010_1861_centroid,42.639807,-82.417466,EPSG:4326,E94_Space_Primitive
ON110007_1861_centroid,43.00252,-81.253444,EPSG:4326,E94_Space_Primitive
ON110001_1861_centroid,42.979292,-81.251527,EPSG:4326,E94_Space_Primitive
ON110005_1861_centroid,42.98068,-81.233942,EPSG:4326,E94_Space_Primitive
ON110003_1861_centroid,42.97936,-81.243319,EPSG:4326,E94_Space_Primitive
ON110006_1861_centroid,42.99293,-81.239895,EPSG:4326,E94_Space_Primitive
ON110002_1861_centroid,42.988825,-81.2547,EPSG:4326,E94_Space_Primitive
ON110004_1861_centroid,42.990063,-81.248114,EPSG:4326,E94_Space_Primitive
ON101008_1861_centroid,43.480129,-80.483916,EPSG:4326,E94_Space_Primitive
ON101010_1861_centroid,43.544686,-80.727762,EPSG:4326,E94_Space_Primitive
ON101012_1861_centroid,43.581789,-80.530664,EPSG:4326,E94_Space_Primitive
ON101001_1861_centroid,43.4484,-80.487765,EPSG:4326,E94_Space_Primitive
ON101002_1861_centroid,43.329384,-80.373646,EPSG:4326,E94_Space_Primitive
ON101009_1861_centroid,43.427458,-80.389986,EPSG:4326,E94_Space_Primitive
ON101011_1861_centroid,43.397421,-80.650535,EPSG:4326,E94_Space_Primitive
ON101003_1861_centroid,43.358966,-80.318416,EPSG:4326,E94_Space_Primitive
ON101005_1861_centroid,43.421473,-80.310863,EPSG:4326,E94_Space_Primitive
ON101006_1861_centroid,43.395464,-80.352996,EPSG:4326,E94_Space_Primitive
ON103002_1861_centroid,43.912052,-80.649484,EPSG:4326,E94_Space_Primitive
ON103011_1861_centroid,43.756039,-80.746486,EPSG:4326,E94_Space_Primitive
ON103012_1861_centroid,43.911988,-80.87064,EPSG:4326,E94_Space_Primitive
ON103014_1861_centroid,43.722221,-80.607122,EPSG:4326,E94_Space_Primitive
ON103004_1861_centroid,43.657038,-80.210384,EPSG:4326,E94_Space_Primitive
ON103005_1861_centroid,43.744715,-80.114435,EPSG:4326,E94_Space_Primitive
ON103008_1861_centroid,43.558993,-80.285146,EPSG:4326,E94_Space_Primitive
ON103013_1861_centroid,43.686363,-80.388431,EPSG:4326,E94_Space_Primitive
ON103015_1861_centroid,43.646901,-80.443165,EPSG:4326,E94_Space_Primitive
ON103016_1861_centroid,43.467885,-80.177458,EPSG:4326,E94_Space_Primitive
ON104001_1861_centroid,43.204048,-80.027134,EPSG:4326,E94_Space_Primitive
ON104002_1861_centroid,43.229112,-79.854672,EPSG:4326,E94_Space_Primitive
ON104004_1861_centroid,43.319095,-80.145227,EPSG:4326,E94_Space_Primitive
ON104003_1861_centroid,43.119374,-79.784941,EPSG:4326,E94_Space_Primitive
ON104006_1861_centroid,43.375102,-79.951273,EPSG:4326,E94_Space_Primitive
ON104007_1861_centroid,43.323162,-79.997831,EPSG:4326,E94_Space_Primitive
ON104008_1861_centroid,43.151512,-79.892381,EPSG:4326,E94_Space_Primitive
ON104009_1861_centroid,43.203259,-79.725233,EPSG:4326,E94_Space_Primitive
ON108005_1861_centroid,43.248579,-79.859955,EPSG:4326,E94_Space_Primitive
ON108003_1861_centroid,43.262687,-79.854434,EPSG:4326,E94_Space_Primitive
ON108004_1861_centroid,43.266906,-79.883331,EPSG:4326,E94_Space_Primitive
ON101007_1861_centroid,43.465903,-80.531554,EPSG:4326,E94_Space_Primitive
ON102001_1861_centroid,42.91479,-79.030965,EPSG:4326,E94_Space_Primitive
ON102004_1861_centroid,42.998263,-79.182079,EPSG:4326,E94_Space_Primitive
ON102006_1861_centroid,42.917146,-79.196527,EPSG:4326,E94_Space_Primitive
ON102007_1861_centroid,43.039791,-79.335912,EPSG:4326,E94_Space_Primitive
ON102008_1861_centroid,43.097638,-79.121098,EPSG:4326,E94_Space_Primitive
ON102009_1861_centroid,43.06435,-79.234679,EPSG:4326,E94_Space_Primitive
ON102011_1861_centroid,42.935419,-79.396853,EPSG:4326,E94_Space_Primitive
ON102013_1861_centroid,43.00619,-79.068925,EPSG:4326,E94_Space_Primitive
ON102003_1861_centroid,43.100256,-79.074851,EPSG:4326,E94_Space_Primitive
ON102012_1861_centroid,42.992703,-79.241736,EPSG:4326,E94_Space_Primitive
ON102002_1861_centroid,43.055082,-79.051933,EPSG:4326,E94_Space_Primitive
ON102005_1861_centroid,42.903727,-78.925082,EPSG:4326,E94_Space_Primitive
ON065006_1861_centroid,43.118887,-80.098824,EPSG:4326,E94_Space_Primitive
ON103009_1861_centroid,43.547117,-80.250495,EPSG:4326,E94_Space_Primitive
ON103003_1861_centroid,43.686218,-80.423827,EPSG:4326,E94_Space_Primitive
ON103006_1861_centroid,43.707636,-80.382041,EPSG:4326,E94_Space_Primitive
ON098005_1861_centroid,44.25663,-79.812091,EPSG:4326,E94_Space_Primitive
ON098008_1861_centroid,44.304497,-79.616707,EPSG:4326,E94_Space_Primitive
ON098018_1861_centroid,44.083616,-79.76778,EPSG:4326,E94_Space_Primitive
ON098019_1861_centroid,44.223743,-79.956981,EPSG:4326,E94_Space_Primitive
ON098002_1861_centroid,44.393292,-79.679155,EPSG:4326,E94_Space_Primitive
ON098003_1861_centroid,44.11588,-79.56352,EPSG:4326,E94_Space_Primitive
ON099002_1861_centroid,45.085214,-74.81274,EPSG:4326,E94_Space_Primitive
ON099003_1861_centroid,45.175473,-75.123804,EPSG:4326,E94_Space_Primitive
ON099004_1861_centroid,45.051344,-75.026802,EPSG:4326,E94_Space_Primitive
ON099005_1861_centroid,45.226303,-74.934717,EPSG:4326,E94_Space_Primitive
ON099001_1861_centroid,45.017503,-74.726295,EPSG:4326,E94_Space_Primitive
ON112005_1861_centroid,43.660511,-79.386733,EPSG:4326,E94_Space_Primitive
ON105011_1861_centroid,43.726088,-79.420231,EPSG:4326,E94_Space_Primitive
ON100012_1861_centroid,44.837453,-78.767395,EPSG:4326,E94_Space_Primitive
ON100002_1861_centroid,44.623649,-78.873757,EPSG:4326,E94_Space_Primitive
ON100003_1861_centroid,44.637643,-79.047942,EPSG:4326,E94_Space_Primitive
ON100006_1861_centroid,44.492501,-78.981248,EPSG:4326,E94_Space_Primitive
ON100007_1861_centroid,44.356505,-78.544064,EPSG:4326,E94_Space_Primitive
ON100008_1861_centroid,44.484853,-78.788789,EPSG:4326,E94_Space_Primitive
ON100005_1861_centroid,44.849086,-78.964702,EPSG:4326,E94_Space_Primitive
ON100014_1861_centroid,44.337193,-78.909016,EPSG:4326,E94_Space_Primitive
ON093009_1861_centroid,45.045817,-78.630338,EPSG:4326,E94_Space_Primitive
ON100015_1861_centroid,44.325272,-78.714756,EPSG:4326,E94_Space_Primitive
ON100016_1861_centroid,44.683529,-78.710738,EPSG:4326,E94_Space_Primitive
ON100017_1861_centroid,44.526689,-78.623397,EPSG:4326,E94_Space_Primitive
ON100011_1861_centroid,44.35952,-78.735654,EPSG:4326,E94_Space_Primitive
ON105001_1861_centroid,43.672141,-79.554779,EPSG:4326,E94_Space_Primitive
ON105007_1861_centroid,43.887753,-79.316047,EPSG:4326,E94_Space_Primitive
ON105008_1861_centroid,43.777717,-79.239609,EPSG:4326,E94_Space_Primitive
ON105009_1861_centroid,43.838375,-79.555649,EPSG:4326,E94_Space_Primitive
ON105003_1861_centroid,44.136378,-79.409557,EPSG:4326,E94_Space_Primitive
ON105004_1861_centroid,44.301935,-79.43997,EPSG:4326,E94_Space_Primitive
ON105006_1861_centroid,43.97588,-79.597415,EPSG:4326,E94_Space_Primitive
ON105010_1861_centroid,44.013575,-79.356705,EPSG:4326,E94_Space_Primitive
ON083009_1861_centroid,44.765468,-75.976709,EPSG:4326,E94_Space_Primitive
ON082016_1861_centroid,44.898797,-76.023259,EPSG:4326,E94_Space_Primitive
ON096012_1861_centroid,45.791236,-77.065796,EPSG:4326,E94_Space_Primitive
ON098007_1861_centroid,44.136671,-79.610507,EPSG:4326,E94_Space_Primitive
ON096011_1861_centroid,45.415525,-76.490815,EPSG:4326,E94_Space_Primitive
ON112006_1861_centroid,43.650734,-79.361779,EPSG:4326,E94_Space_Primitive
ON112003_1861_centroid,43.639986,-79.403787,EPSG:4326,E94_Space_Primitive
ON112001_1861_centroid,43.645617,-79.403387,EPSG:4326,E94_Space_Primitive
ON112004_1861_centroid,43.660425,-79.37925,EPSG:4326,E94_Space_Primitive
ON112002_1861_centroid,43.663467,-79.367243,EPSG:4326,E94_Space_Primitive
ON105002_1861_centroid,44.342925,-79.288168,EPSG:4326,E94_Space_Primitive
ON083008_1861_centroid,44.465979,-75.949422,EPSG:4326,E94_Space_Primitive
ON083012_1861_centroid,44.571466,-75.907651,EPSG:4326,E94_Space_Primitive
ON112007_1861_centroid,43.655402,-79.411295,EPSG:4326,E94_Space_Primitive
ON098001_1861_centroid,44.049971,-79.914125,EPSG:4326,E94_Space_Primitive
ON093012_1861_centroid,44.301357,-78.330639,EPSG:4326,E94_Space_Primitive
ON101004_1861_centroid,43.379945,-80.715449,EPSG:4326,E94_Space_Primitive
ON102010_1861_centroid,43.129548,-79.191986,EPSG:4326,E94_Space_Primitive
ON104005_1861_centroid,43.268363,-79.949314,EPSG:4326,E94_Space_Primitive
ON108001_1861_centroid,43.265686,-79.865213,EPSG:4326,E94_Space_Primitive
ON079003_1861_centroid,43.617533,-81.540883,EPSG:4326,E94_Space_Primitive
ON066999_1861_centroid,45.143655,-81.45445,EPSG:4326,E94_Space_Primitive
ON105012_1861_centroid,43.675815,-79.389698,EPSG:4326,E94_Space_Primitive
ON089013_1861_centroid,43.873878,-78.941384,EPSG:4326,E94_Space_Primitive
ON088004_1861_centroid,43.967858,-78.170354,EPSG:4326,E94_Space_Primitive
ON109007_1861_centroid,44.225788,-76.50136,EPSG:4326,E94_Space_Primitive
ON109006_1861_centroid,44.226075,-76.486865,EPSG:4326,E94_Space_Primitive
ON109004_1861_centroid,44.23571,-76.501834,EPSG:4326,E94_Space_Primitive
ON109001_1861_centroid,44.244062,-76.481139,EPSG:4326,E94_Space_Primitive
ON109003_1861_centroid,44.229697,-76.484912,EPSG:4326,E94_Space_Primitive
ON109005_1861_centroid,44.23128,-76.484772,EPSG:4326,E94_Space_Primitive
ON083002_1861_centroid,44.588765,-75.690644,EPSG:4326,E94_Space_Primitive
ON111002_1861_centroid,45.435521,-75.692214,EPSG:4326,E94_Space_Primitive
ON111005_1861_centroid,45.413952,-75.7013,EPSG:4326,E94_Space_Primitive
ON082003_1861_centroid,44.790067,-76.284749,EPSG:4326,E94_Space_Primitive
ON096014_1861_centroid,45.915243,-77.398939,EPSG:4326,E94_Space_Primitive
ON106002_1861_centroid,48.037479,-85.21971,EPSG:4326,E94_Space_Primitive
ON065007_1861_centroid,43.195121,-80.386579,EPSG:4326,E94_Space_Primitive
ON080011_1861_centroid,42.648458,-81.921524,EPSG:4326,E94_Space_Primitive
ON082009_1861_centroid,45.110316,-76.656193,EPSG:4326,E94_Space_Primitive
ON082014_1861_centroid,44.935222,-76.616285,EPSG:4326,E94_Space_Primitive
ON083003_1861_centroid,44.750159,-76.20273,EPSG:4326,E94_Space_Primitive
ON083011_1861_centroid,44.430054,-76.178708,EPSG:4326,E94_Space_Primitive
ON083010_1861_centroid,44.477318,-76.053762,EPSG:4326,E94_Space_Primitive
ON072007_1861_centroid,45.090772,-76.928424,EPSG:4326,E94_Space_Primitive
ON072010_1861_centroid,44.955942,-76.763679,EPSG:4326,E94_Space_Primitive
ON072016_1861_centroid,44.244922,-76.45,EPSG:4326,E94_Space_Primitive
ON078013_1861_centroid,44.845297,-77.675947,EPSG:4326,E94_Space_Primitive
ON078003_1861_centroid,44.569829,-77.601927,EPSG:4326,E94_Space_Primitive
ON084003_1861_centroid,44.823575,-77.27034,EPSG:4326,E94_Space_Primitive
ON084005_1861_centroid,45.055328,-77.302764,EPSG:4326,E94_Space_Primitive
ON092012_1861_centroid,43.255766,-81.145836,EPSG:4326,E94_Space_Primitive
ON098020_1861_centroid,44.762634,-79.928545,EPSG:4326,E94_Space_Primitive
ON088002_1861_centroid,44.037428,-77.739324,EPSG:4326,E94_Space_Primitive
ON089003_1861_centroid,43.897732,-78.860791,EPSG:4326,E94_Space_Primitive
ON105005_1861_centroid,44.10656,-79.493362,EPSG:4326,E94_Space_Primitive
ON112008_1861_centroid,43.675168,-79.412177,EPSG:4326,E94_Space_Primitive
ON100004_1861_centroid,44.75903,-79.105043,EPSG:4326,E94_Space_Primitive
ON100009_1861_centroid,45.065904,-78.890706,EPSG:4326,E94_Space_Primitive
ON100001_1861_centroid,44.953142,-78.829149,EPSG:4326,E94_Space_Primitive
ON100010_1861_centroid,44.707146,-78.8947,EPSG:4326,E94_Space_Primitive
ON109008_1861_centroid,44.248041,-76.521435,EPSG:4326,E94_Space_Primitive
ON093014_1861_centroid,44.899633,-78.515069,EPSG:4326,E94_Space_Primitive
ON093001_1861_centroid,44.307571,-78.303528,EPSG:4326,E94_Space_Primitive
ON096999_1861_centroid,45.171933,-77.082474,EPSG:4326,E94_Space_Primitive
ON106001_1861_centroid,46.519621,-84.399281,EPSG:4326,E94_Space_Primitive
ON111006_1861_centroid,45.404907,-75.685258,EPSG:4326,E94_Space_Primitive
ON098999_1861_centroid,45.001154,-79.820375,EPSG:4326,E94_Space_Primitive
ON098011_1861_centroid,45.090755,-79.564316,EPSG:4326,E94_Space_Primitive
ON078007_1861_centroid,44.580564,-77.707947,EPSG:4326,E94_Space_Primitive
NL998999_1861_centroid,48.711789,-56.022445,EPSG:4326,E94_Space_Primitive
PE997999_1861_centroid,46.393331,-63.249795,EPSG:4326,E94_Space_Primitive
NS996999_1861_centroid,45.153743,-63.367634,EPSG:4326,E94_Space_Primitive
NB995999_1861_centroid,46.608018,-66.370247,EPSG:4326,E94_Space_Primitive
NT999999_1861_centroid,61.600411,-101.228137,EPSG:4326,E94_Space_Primitive
QC002003_1861_centroid,46.105249,-74.598293,EPSG:4326,E94_Space_Primitive
QC002002_1861_centroid,45.670079,-74.441522,EPSG:4326,E94_Space_Primitive
QC002005_1861_centroid,45.764434,-74.256018,EPSG:4326,E94_Space_Primitive
QC002004_1861_centroid,45.710689,-74.657958,EPSG:4326,E94_Space_Primitive
QC002999_1861_centroid,46.095835,-74.456277,EPSG:4326,E94_Space_Primitive
QC002011_1861_centroid,45.819249,-74.207612,EPSG:4326,E94_Space_Primitive
QC002010_1861_centroid,45.575572,-74.307196,EPSG:4326,E94_Space_Primitive
QC002009_1861_centroid,45.667264,-74.280625,EPSG:4326,E94_Space_Primitive
QC004001_1861_centroid,45.660532,-72.534066,EPSG:4326,E94_Space_Primitive
QC004002_1861_centroid,45.581375,-72.829698,EPSG:4326,E94_Space_Primitive
QC004009_1861_centroid,45.67867,-72.678194,EPSG:4326,E94_Space_Primitive
QC004003_1861_centroid,45.735101,-72.739582,EPSG:4326,E94_Space_Primitive
QC004005_1861_centroid,45.652294,-72.765624,EPSG:4326,E94_Space_Primitive
QC004006_1861_centroid,45.510032,-72.899822,EPSG:4326,E94_Space_Primitive
QC004007_1861_centroid,45.651358,-72.878926,EPSG:4326,E94_Space_Primitive
QC004008_1861_centroid,45.71811,-72.845817,EPSG:4326,E94_Space_Primitive
QC005012_1861_centroid,46.385422,-71.066904,EPSG:4326,E94_Space_Primitive
QC005003_1861_centroid,45.846719,-70.774391,EPSG:4326,E94_Space_Primitive
QC005014_1861_centroid,46.215756,-70.765713,EPSG:4326,E94_Space_Primitive
QC005013_1861_centroid,46.303314,-70.973032,EPSG:4326,E94_Space_Primitive
QC005015_1861_centroid,46.119424,-70.676877,EPSG:4326,E94_Space_Primitive
QC005011_1861_centroid,45.985956,-70.793196,EPSG:4326,E94_Space_Primitive
QC005016_1861_centroid,46.323451,-70.86444,EPSG:4326,E94_Space_Primitive
QC005017_1861_centroid,46.444965,-70.988123,EPSG:4326,E94_Space_Primitive
QC032001_1861_centroid,46.223485,-71.077463,EPSG:4326,E94_Space_Primitive
QC005005_1861_centroid,45.740186,-70.819521,EPSG:4326,E94_Space_Primitive
QC005018_1861_centroid,46.108317,-70.947567,EPSG:4326,E94_Space_Primitive
QC005007_1861_centroid,45.885082,-71.090228,EPSG:4326,E94_Space_Primitive
QC006002_1861_centroid,45.23424,-74.12487,EPSG:4326,E94_Space_Primitive
QC006003_1861_centroid,45.27065,-73.891824,EPSG:4326,E94_Space_Primitive
QC006004_1861_centroid,45.204237,-73.999578,EPSG:4326,E94_Space_Primitive
QC006005_1861_centroid,45.170007,-74.096908,EPSG:4326,E94_Space_Primitive
QC006006_1861_centroid,45.270913,-74.027302,EPSG:4326,E94_Space_Primitive
QC006001_1861_centroid,45.312921,-73.879144,EPSG:4326,E94_Space_Primitive
QC007003_1861_centroid,46.611991,-70.578009,EPSG:4326,E94_Space_Primitive
QC007001_1861_centroid,46.77459,-70.546073,EPSG:4326,E94_Space_Primitive
QC007004_1861_centroid,46.762823,-70.933824,EPSG:4326,E94_Space_Primitive
QC007002_1861_centroid,46.818311,-70.985555,EPSG:4326,E94_Space_Primitive
QC007005_1861_centroid,46.705794,-70.842494,EPSG:4326,E94_Space_Primitive
QC007006_1861_centroid,46.660283,-70.713977,EPSG:4326,E94_Space_Primitive
QC007999_1861_centroid,46.54734,-70.292016,EPSG:4326,E94_Space_Primitive
QC007007_1861_centroid,46.839111,-70.875199,EPSG:4326,E94_Space_Primitive
QC007008_1861_centroid,46.784382,-70.737227,EPSG:4326,E94_Space_Primitive
QC007009_1861_centroid,46.871296,-70.80075,EPSG:4326,E94_Space_Primitive
QC008005_1861_centroid,45.982378,-73.256344,EPSG:4326,E94_Space_Primitive
QC008006_1861_centroid,45.905238,-73.325027,EPSG:4326,E94_Space_Primitive
QC008007_1861_centroid,46.214967,-73.166325,EPSG:4326,E94_Space_Primitive
QC008008_1861_centroid,46.184319,-73.229488,EPSG:4326,E94_Space_Primitive
QC008010_1861_centroid,46.18382,-73.31913,EPSG:4326,E94_Space_Primitive
QC008002_1861_centroid,46.084194,-73.175288,EPSG:4326,E94_Space_Primitive
QC009001_1861_centroid,48.166038,-66.15885,EPSG:4326,E94_Space_Primitive
QC009004_1861_centroid,48.149578,-65.578164,EPSG:4326,E94_Space_Primitive
QC009005_1861_centroid,48.136303,-65.169266,EPSG:4326,E94_Space_Primitive
QC009007_1861_centroid,48.212623,-66.001389,EPSG:4326,E94_Space_Primitive
QC009008_1861_centroid,47.977198,-67.115561,EPSG:4326,E94_Space_Primitive
QC009002_1861_centroid,48.093204,-65.36139,EPSG:4326,E94_Space_Primitive
QC009009_1861_centroid,48.21326,-65.802073,EPSG:4326,E94_Space_Primitive
QC009010_1861_centroid,48.163955,-66.400013,EPSG:4326,E94_Space_Primitive
QC009003_1861_centroid,48.223465,-64.97395,EPSG:4326,E94_Space_Primitive
QC009011_1861_centroid,48.056837,-66.920072,EPSG:4326,E94_Space_Primitive
QC009999_1861_centroid,48.315247,-66.227382,EPSG:4326,E94_Space_Primitive
QC010001_1861_centroid,45.232152,-72.35559,EPSG:4326,E94_Space_Primitive
QC010002_1861_centroid,45.234154,-72.582482,EPSG:4326,E94_Space_Primitive
QC010003_1861_centroid,45.268954,-72.78116,EPSG:4326,E94_Space_Primitive
QC010004_1861_centroid,45.079152,-72.381257,EPSG:4326,E94_Space_Primitive
QC010005_1861_centroid,45.086202,-72.587807,EPSG:4326,E94_Space_Primitive
QC011001_1861_centroid,45.588666,-73.418776,EPSG:4326,E94_Space_Primitive
QC011005_1861_centroid,45.532829,-73.468926,EPSG:4326,E94_Space_Primitive
QC011007_1861_centroid,45.532385,-73.322941,EPSG:4326,E94_Space_Primitive
QC011008_1861_centroid,45.486694,-73.396351,EPSG:4326,E94_Space_Primitive
QC058001_1861_centroid,45.596952,-73.241769,EPSG:4326,E94_Space_Primitive
QC058002_1861_centroid,45.862059,-73.229816,EPSG:4326,E94_Space_Primitive
QC058003_1861_centroid,45.799044,-73.199904,EPSG:4326,E94_Space_Primitive
QC058004_1861_centroid,45.617571,-73.324567,EPSG:4326,E94_Space_Primitive
QC058005_1861_centroid,45.684374,-73.235838,EPSG:4326,E94_Space_Primitive
QC058007_1861_centroid,45.747222,-73.309038,EPSG:4326,E94_Space_Primitive
QC011006_1861_centroid,45.536125,-73.503705,EPSG:4326,E94_Space_Primitive
QC011009_1861_centroid,45.492877,-73.493783,EPSG:4326,E94_Space_Primitive
QC011002_1861_centroid,45.611487,-73.453145,EPSG:4326,E94_Space_Primitive
QC012002_1861_centroid,46.488529,-72.607835,EPSG:4326,E94_Space_Primitive
QC012003_1861_centroid,46.461101,-72.392959,EPSG:4326,E94_Space_Primitive
QC012004_1861_centroid,46.49823,-72.652313,EPSG:4326,E94_Space_Primitive
QC012005_1861_centroid,46.598575,-72.203622,EPSG:4326,E94_Space_Primitive
QC012001_1861_centroid,46.501167,-72.275548,EPSG:4326,E94_Space_Primitive
QC012007_1861_centroid,46.541835,-72.35152,EPSG:4326,E94_Space_Primitive
QC012008_1861_centroid,46.45814,-72.558049,EPSG:4326,E94_Space_Primitive
QC012009_1861_centroid,46.57309,-72.512601,EPSG:4326,E94_Space_Primitive
QC012010_1861_centroid,46.642616,-72.297527,EPSG:4326,E94_Space_Primitive
QC013001_1861_centroid,47.428466,-70.661524,EPSG:4326,E94_Space_Primitive
QC013005_1861_centroid,47.399159,-70.385293,EPSG:4326,E94_Space_Primitive
QC013004_1861_centroid,47.510905,-70.332062,EPSG:4326,E94_Space_Primitive
QC013009_1861_centroid,47.692182,-70.185445,EPSG:4326,E94_Space_Primitive
QC013006_1861_centroid,47.309898,-70.608195,EPSG:4326,E94_Space_Primitive
QC013003_1861_centroid,47.70048,-70.415376,EPSG:4326,E94_Space_Primitive
QC013010_1861_centroid,47.799065,-70.022959,EPSG:4326,E94_Space_Primitive
QC013008_1861_centroid,47.580669,-70.400442,EPSG:4326,E94_Space_Primitive
QC013011_1861_centroid,47.581761,-70.239453,EPSG:4326,E94_Space_Primitive
QC013002_1861_centroid,47.935801,-69.910929,EPSG:4326,E94_Space_Primitive
QC013012_1861_centroid,47.600692,-70.579156,EPSG:4326,E94_Space_Primitive
QC014001_1861_centroid,45.072358,-73.854608,EPSG:4326,E94_Space_Primitive
QC014002_1861_centroid,45.131148,-73.743396,EPSG:4326,E94_Space_Primitive
QC014003_1861_centroid,45.352913,-73.758806,EPSG:4326,E94_Space_Primitive
QC014004_1861_centroid,45.126542,-73.972677,EPSG:4326,E94_Space_Primitive
QC014005_1861_centroid,45.229708,-73.807395,EPSG:4326,E94_Space_Primitive
QC014006_1861_centroid,45.307844,-73.74159,EPSG:4326,E94_Space_Primitive
QC014007_1861_centroid,45.209705,-73.733944,EPSG:4326,E94_Space_Primitive
QC015005_1861_centroid,48.396989,-71.060813,EPSG:4326,E94_Space_Primitive
QC015003_1861_centroid,48.375415,-71.811901,EPSG:4326,E94_Space_Primitive
QC015011_1861_centroid,48.290136,-71.159317,EPSG:4326,E94_Space_Primitive
QC015021_1861_centroid,48.57669,-72.375492,EPSG:4326,E94_Space_Primitive
QC015008_1861_centroid,48.386617,-71.268807,EPSG:4326,E94_Space_Primitive
QC047003_1861_centroid,48.547483,-69.34317,EPSG:4326,E94_Space_Primitive
QC016009_1861_centroid,45.350144,-71.294555,EPSG:4326,E94_Space_Primitive
QC016001_1861_centroid,45.514181,-71.460744,EPSG:4326,E94_Space_Primitive
QC016002_1861_centroid,45.233054,-71.63224,EPSG:4326,E94_Space_Primitive
QC016003_1861_centroid,45.232662,-71.827922,EPSG:4326,E94_Space_Primitive
QC016004_1861_centroid,45.380573,-71.655665,EPSG:4326,E94_Space_Primitive
QC016008_1861_centroid,45.521141,-71.023698,EPSG:4326,E94_Space_Primitive
QC016006_1861_centroid,45.09208,-71.567977,EPSG:4326,E94_Space_Primitive
QC016007_1861_centroid,45.608528,-71.311578,EPSG:4326,E94_Space_Primitive
QC016010_1861_centroid,45.480273,-71.65594,EPSG:4326,E94_Space_Primitive
QC016011_1861_centroid,45.728451,-71.148931,EPSG:4326,E94_Space_Primitive
QC056001_1861_centroid,45.499193,-74.071485,EPSG:4326,E94_Space_Primitive
QC056002_1861_centroid,45.62303,-73.992438,EPSG:4326,E94_Space_Primitive
QC056003_1861_centroid,45.57044,-74.107572,EPSG:4326,E94_Space_Primitive
QC056004_1861_centroid,45.707051,-74.076997,EPSG:4326,E94_Space_Primitive
QC056005_1861_centroid,45.739499,-74.139521,EPSG:4326,E94_Space_Primitive
QC056007_1861_centroid,45.569814,-73.933031,EPSG:4326,E94_Space_Primitive
QC056008_1861_centroid,45.611264,-74.196599,EPSG:4326,E94_Space_Primitive
QC056011_1861_centroid,45.542456,-74.196112,EPSG:4326,E94_Space_Primitive
QC056013_1861_centroid,45.654673,-74.085347,EPSG:4326,E94_Space_Primitive
QC056012_1861_centroid,45.651042,-74.091744,EPSG:4326,E94_Space_Primitive
QC017004_1861_centroid,46.635062,-70.965724,EPSG:4326,E94_Space_Primitive
QC017005_1861_centroid,46.488674,-71.1579,EPSG:4326,E94_Space_Primitive
QC017006_1861_centroid,46.576602,-70.856117,EPSG:4326,E94_Space_Primitive
QC017003_1861_centroid,46.460809,-70.758659,EPSG:4326,E94_Space_Primitive
QC017011_1861_centroid,46.418981,-70.44251,EPSG:4326,E94_Space_Primitive
QC017007_1861_centroid,46.551957,-70.987685,EPSG:4326,E94_Space_Primitive
QC017008_1861_centroid,46.578572,-71.097748,EPSG:4326,E94_Space_Primitive
QC017999_1861_centroid,46.248505,-70.380065,EPSG:4326,E94_Space_Primitive
QC017010_1861_centroid,46.517881,-70.52486,EPSG:4326,E94_Space_Primitive
QC017009_1861_centroid,46.507663,-70.927527,EPSG:4326,E94_Space_Primitive
QC017002_1861_centroid,46.354384,-70.613861,EPSG:4326,E94_Space_Primitive
QC003006_1861_centroid,46.047256,-71.741102,EPSG:4326,E94_Space_Primitive
QC003007_1861_centroid,45.980069,-71.8041,EPSG:4326,E94_Space_Primitive
QC018001_1861_centroid,45.69528,-72.311281,EPSG:4326,E94_Space_Primitive
QC018002_1861_centroid,45.858377,-72.606201,EPSG:4326,E94_Space_Primitive
QC003008_1861_centroid,46.022132,-72.228527,EPSG:4326,E94_Space_Primitive
QC003004_1861_centroid,46.308121,-71.99249,EPSG:4326,E94_Space_Primitive
QC003005_1861_centroid,46.137613,-72.094928,EPSG:4326,E94_Space_Primitive
QC003010_1861_centroid,46.200364,-71.891566,EPSG:4326,E94_Space_Primitive
QC003011_1861_centroid,45.884724,-71.906283,EPSG:4326,E94_Space_Primitive
QC018004_1861_centroid,45.916967,-72.321988,EPSG:4326,E94_Space_Primitive
QC018007_1861_centroid,45.780633,-72.443522,EPSG:4326,E94_Space_Primitive
QC003002_1861_centroid,46.032883,-71.920532,EPSG:4326,E94_Space_Primitive
QC003012_1861_centroid,45.972884,-72.073345,EPSG:4326,E94_Space_Primitive
QC019001_1861_centroid,49.071586,-66.638916,EPSG:4326,E94_Space_Primitive
QC019002_1861_centroid,48.859347,-64.262514,EPSG:4326,E94_Space_Primitive
QC019003_1861_centroid,48.743986,-64.384188,EPSG:4326,E94_Space_Primitive
QC019017_1861_centroid,47.405827,-61.794719,EPSG:4326,E94_Space_Primitive
QC019004_1861_centroid,48.977548,-64.440648,EPSG:4326,E94_Space_Primitive
QC019015_1861_centroid,48.960351,-64.621225,EPSG:4326,E94_Space_Primitive
QC019007_1861_centroid,48.432874,-64.527597,EPSG:4326,E94_Space_Primitive
QC019009_1861_centroid,48.625117,-64.3439,EPSG:4326,E94_Space_Primitive
QC019012_1861_centroid,48.408739,-64.683656,EPSG:4326,E94_Space_Primitive
QC019013_1861_centroid,48.485844,-64.360934,EPSG:4326,E94_Space_Primitive
QC019014_1861_centroid,49.135859,-66.159983,EPSG:4326,E94_Space_Primitive
QC019016_1861_centroid,48.783504,-64.553883,EPSG:4326,E94_Space_Primitive
QC019999_1861_centroid,48.819593,-65.403714,EPSG:4326,E94_Space_Primitive
QC020002_1861_centroid,45.492921,-73.605431,EPSG:4326,E94_Space_Primitive
QC021007_1861_centroid,45.019702,-74.48402,EPSG:4326,E94_Space_Primitive
QC021001_1861_centroid,45.019596,-74.232598,EPSG:4326,E94_Space_Primitive
QC021002_1861_centroid,45.034353,-73.923406,EPSG:4326,E94_Space_Primitive
QC021005_1861_centroid,45.080227,-74.235693,EPSG:4326,E94_Space_Primitive
QC021003_1861_centroid,45.051462,-73.66054,EPSG:4326,E94_Space_Primitive
QC021004_1861_centroid,45.042948,-74.090744,EPSG:4326,E94_Space_Primitive
QC021006_1861_centroid,45.11727,-74.307667,EPSG:4326,E94_Space_Primitive
QC024001_1861_centroid,45.440137,-73.676867,EPSG:4326,E94_Space_Primitive
QC024004_1861_centroid,45.42605,-73.935084,EPSG:4326,E94_Space_Primitive
QC024005_1861_centroid,45.483095,-73.846881,EPSG:4326,E94_Space_Primitive
QC024003_1861_centroid,45.451468,-73.831394,EPSG:4326,E94_Space_Primitive
QC024007_1861_centroid,45.502457,-73.69916,EPSG:4326,E94_Space_Primitive
QC024008_1861_centroid,45.494349,-73.896645,EPSG:4326,E94_Space_Primitive
QC024006_1861_centroid,45.480835,-73.869095,EPSG:4326,E94_Space_Primitive
QC025006_1861_centroid,46.089091,-73.582488,EPSG:4326,E94_Space_Primitive
QC025007_1861_centroid,46.035496,-73.445386,EPSG:4326,E94_Space_Primitive
QC025001_1861_centroid,46.244505,-73.742531,EPSG:4326,E94_Space_Primitive
QC025008_1861_centroid,46.102543,-73.381326,EPSG:4326,E94_Space_Primitive
QC025999_1861_centroid,46.409896,-73.952029,EPSG:4326,E94_Space_Primitive
QC025010_1861_centroid,46.176317,-73.428338,EPSG:4326,E94_Space_Primitive
QC025011_1861_centroid,46.255844,-73.562946,EPSG:4326,E94_Space_Primitive
QC025012_1861_centroid,46.161468,-73.552813,EPSG:4326,E94_Space_Primitive
QC025013_1861_centroid,45.970704,-73.433451,EPSG:4326,E94_Space_Primitive
QC025014_1861_centroid,46.025891,-73.330527,EPSG:4326,E94_Space_Primitive
QC026003_1861_centroid,47.404461,-69.789688,EPSG:4326,E94_Space_Primitive
QC026004_1861_centroid,47.449819,-69.989658,EPSG:4326,E94_Space_Primitive
QC026007_1861_centroid,47.353968,-70.023954,EPSG:4326,E94_Space_Primitive
QC026008_1861_centroid,47.486046,-69.904062,EPSG:4326,E94_Space_Primitive
QC026010_1861_centroid,47.556753,-69.832094,EPSG:4326,E94_Space_Primitive
QC026011_1861_centroid,47.386615,-69.9034,EPSG:4326,E94_Space_Primitive
QC039034_1861_centroid,45.952422,-75.352472,EPSG:4326,E94_Space_Primitive
QC039012_1861_centroid,45.616534,-75.452871,EPSG:4326,E94_Space_Primitive
QC039999_1861_centroid,47.184953,-75.276468,EPSG:4326,E94_Space_Primitive
QC039019_1861_centroid,45.915014,-75.120278,EPSG:4326,E94_Space_Primitive
QC039030_1861_centroid,45.755272,-74.927447,EPSG:4326,E94_Space_Primitive
QC039031_1861_centroid,45.766974,-75.608996,EPSG:4326,E94_Space_Primitive
QC039033_1861_centroid,45.794612,-75.146667,EPSG:4326,E94_Space_Primitive
QC039035_1861_centroid,45.640462,-75.044325,EPSG:4326,E94_Space_Primitive
QC039011_1861_centroid,45.584748,-75.418792,EPSG:4326,E94_Space_Primitive
QC027002_1861_centroid,45.418808,-73.459308,EPSG:4326,E94_Space_Primitive
QC027007_1861_centroid,45.384838,-73.671512,EPSG:4326,E94_Space_Primitive
QC027003_1861_centroid,45.347045,-73.580183,EPSG:4326,E94_Space_Primitive
QC027004_1861_centroid,45.295436,-73.681646,EPSG:4326,E94_Space_Primitive
QC027005_1861_centroid,45.266228,-73.43159,EPSG:4326,E94_Space_Primitive
QC027006_1861_centroid,45.338344,-73.476683,EPSG:4326,E94_Space_Primitive
QC027001_1861_centroid,45.417148,-73.489325,EPSG:4326,E94_Space_Primitive
QC037001_1861_centroid,45.179435,-73.402375,EPSG:4326,E94_Space_Primitive
QC037002_1861_centroid,45.241532,-73.511507,EPSG:4326,E94_Space_Primitive
QC037003_1861_centroid,45.231649,-73.576421,EPSG:4326,E94_Space_Primitive
QC037005_1861_centroid,45.158977,-73.52179,EPSG:4326,E94_Space_Primitive
QC037004_1861_centroid,45.254589,-73.633921,EPSG:4326,E94_Space_Primitive
QC001002_1861_centroid,45.858224,-73.42655,EPSG:4326,E94_Space_Primitive
QC001004_1861_centroid,45.848479,-73.505902,EPSG:4326,E94_Space_Primitive
QC001006_1861_centroid,45.756412,-73.444111,EPSG:4326,E94_Space_Primitive
QC001007_1861_centroid,45.768696,-73.626884,EPSG:4326,E94_Space_Primitive
QC001008_1861_centroid,45.852665,-73.777372,EPSG:4326,E94_Space_Primitive
QC001009_1861_centroid,45.852708,-73.630073,EPSG:4326,E94_Space_Primitive
QC001011_1861_centroid,45.826833,-73.358824,EPSG:4326,E94_Space_Primitive
QC001001_1861_centroid,45.830521,-73.420323,EPSG:4326,E94_Space_Primitive
QC020005_1861_centroid,45.647248,-73.515378,EPSG:4326,E94_Space_Primitive
QC020006_1861_centroid,45.654733,-73.557674,EPSG:4326,E94_Space_Primitive
QC028001_1861_centroid,45.677612,-73.62724,EPSG:4326,E94_Space_Primitive
QC028003_1861_centroid,45.607124,-73.777629,EPSG:4326,E94_Space_Primitive
QC028004_1861_centroid,45.626838,-73.665055,EPSG:4326,E94_Space_Primitive
QC020001_1861_centroid,45.596314,-73.546608,EPSG:4326,E94_Space_Primitive
QC020007_1861_centroid,45.576748,-73.625409,EPSG:4326,E94_Space_Primitive
QC029003_1861_centroid,46.63744,-71.314831,EPSG:4326,E94_Space_Primitive
QC029004_1861_centroid,46.692543,-71.059869,EPSG:4326,E94_Space_Primitive
QC029005_1861_centroid,46.688985,-71.195464,EPSG:4326,E94_Space_Primitive
QC029002_1861_centroid,46.786159,-71.085113,EPSG:4326,E94_Space_Primitive
QC029006_1861_centroid,46.583914,-71.228227,EPSG:4326,E94_Space_Primitive
QC029007_1861_centroid,46.685512,-71.380031,EPSG:4326,E94_Space_Primitive
QC029008_1861_centroid,46.739338,-71.250831,EPSG:4326,E94_Space_Primitive
QC023002_1861_centroid,47.088869,-70.335046,EPSG:4326,E94_Space_Primitive
QC023003_1861_centroid,47.11436,-70.133804,EPSG:4326,E94_Space_Primitive
QC023005_1861_centroid,47.195839,-70.249347,EPSG:4326,E94_Space_Primitive
QC023001_1861_centroid,47.208873,-70.010013,EPSG:4326,E94_Space_Primitive
QC023999_1861_centroid,46.972446,-69.924743,EPSG:4326,E94_Space_Primitive
QC023006_1861_centroid,47.293133,-70.147843,EPSG:4326,E94_Space_Primitive
QC030002_1861_centroid,46.391891,-71.414953,EPSG:4326,E94_Space_Primitive
QC030003_1861_centroid,46.640653,-71.548875,EPSG:4326,E94_Space_Primitive
QC030004_1861_centroid,46.58991,-71.478689,EPSG:4326,E94_Space_Primitive
QC030005_1861_centroid,46.60024,-71.685561,EPSG:4326,E94_Space_Primitive
QC030006_1861_centroid,46.515116,-71.574949,EPSG:4326,E94_Space_Primitive
QC030007_1861_centroid,46.497239,-71.368928,EPSG:4326,E94_Space_Primitive
QC030008_1861_centroid,46.44264,-71.963176,EPSG:4326,E94_Space_Primitive
QC030001_1861_centroid,46.515677,-71.807714,EPSG:4326,E94_Space_Primitive
QC030009_1861_centroid,46.368685,-71.213839,EPSG:4326,E94_Space_Primitive
QC031001_1861_centroid,46.454144,-73.12093,EPSG:4326,E94_Space_Primitive
QC031003_1861_centroid,46.252711,-72.951187,EPSG:4326,E94_Space_Primitive
QC031999_1861_centroid,46.596485,-73.417459,EPSG:4326,E94_Space_Primitive
QC031004_1861_centroid,46.35088,-73.230988,EPSG:4326,E94_Space_Primitive
QC031002_1861_centroid,46.207546,-73.038582,EPSG:4326,E94_Space_Primitive
QC031005_1861_centroid,46.252981,-73.101767,EPSG:4326,E94_Space_Primitive
QC031006_1861_centroid,46.343952,-72.970451,EPSG:4326,E94_Space_Primitive
QC031007_1861_centroid,46.401881,-73.035209,EPSG:4326,E94_Space_Primitive
QC031008_1861_centroid,46.330229,-73.079727,EPSG:4326,E94_Space_Primitive
QC032002_1861_centroid,46.159362,-71.699359,EPSG:4326,E94_Space_Primitive
QC032003_1861_centroid,46.112055,-71.60945,EPSG:4326,E94_Space_Primitive
QC032004_1861_centroid,46.25148,-71.521374,EPSG:4326,E94_Space_Primitive
QC032005_1861_centroid,46.056323,-71.396498,EPSG:4326,E94_Space_Primitive
QC032006_1861_centroid,46.250991,-71.305678,EPSG:4326,E94_Space_Primitive
QC032007_1861_centroid,46.377354,-71.555148,EPSG:4326,E94_Space_Primitive
QC032008_1861_centroid,46.322976,-71.689404,EPSG:4326,E94_Space_Primitive
QC032009_1861_centroid,46.24723,-71.751382,EPSG:4326,E94_Space_Primitive
QC032010_1861_centroid,46.125607,-71.228894,EPSG:4326,E94_Space_Primitive
QC033001_1861_centroid,45.1515,-72.784867,EPSG:4326,E94_Space_Primitive
QC033006_1861_centroid,45.046348,-72.811708,EPSG:4326,E94_Space_Primitive
QC033005_1861_centroid,45.045232,-73.007048,EPSG:4326,E94_Space_Primitive
QC033007_1861_centroid,45.05986,-73.201674,EPSG:4326,E94_Space_Primitive
QC033009_1861_centroid,45.052208,-73.293082,EPSG:4326,E94_Space_Primitive
QC033008_1861_centroid,45.145988,-72.973429,EPSG:4326,E94_Space_Primitive
QC033004_1861_centroid,45.042531,-73.074529,EPSG:4326,E94_Space_Primitive
QC034005_1861_centroid,45.943396,-73.631952,EPSG:4326,E94_Space_Primitive
QC034003_1861_centroid,45.948949,-73.899956,EPSG:4326,E94_Space_Primitive
QC034006_1861_centroid,45.908556,-73.673913,EPSG:4326,E94_Space_Primitive
QC034007_1861_centroid,45.947015,-73.543211,EPSG:4326,E94_Space_Primitive
QC034008_1861_centroid,45.973644,-73.729303,EPSG:4326,E94_Space_Primitive
QC034009_1861_centroid,46.016972,-73.584882,EPSG:4326,E94_Space_Primitive
QC034004_1861_centroid,46.059918,-73.749246,EPSG:4326,E94_Space_Primitive
QC034001_1861_centroid,46.144461,-73.881108,EPSG:4326,E94_Space_Primitive
QC035999_1861_centroid,46.697044,-70.145654,EPSG:4326,E94_Space_Primitive
QC035001_1861_centroid,46.918488,-70.72278,EPSG:4326,E94_Space_Primitive
QC035009_1861_centroid,46.863273,-70.703542,EPSG:4326,E94_Space_Primitive
QC035011_1861_centroid,46.895395,-70.606907,EPSG:4326,E94_Space_Primitive
QC035012_1861_centroid,46.945249,-70.539492,EPSG:4326,E94_Space_Primitive
QC035007_1861_centroid,46.982114,-70.560153,EPSG:4326,E94_Space_Primitive
QC036002_1861_centroid,47.065652,-71.096901,EPSG:4326,E94_Space_Primitive
QC036001_1861_centroid,46.941862,-71.136706,EPSG:4326,E94_Space_Primitive
QC036003_1861_centroid,47.056979,-71.218329,EPSG:4326,E94_Space_Primitive
QC036005_1861_centroid,46.959799,-70.94888,EPSG:4326,E94_Space_Primitive
QC036006_1861_centroid,47.137194,-70.863961,EPSG:4326,E94_Space_Primitive
QC036007_1861_centroid,47.000441,-70.835631,EPSG:4326,E94_Space_Primitive
QC036008_1861_centroid,46.938329,-70.908945,EPSG:4326,E94_Space_Primitive
QC036009_1861_centroid,47.165546,-70.777718,EPSG:4326,E94_Space_Primitive
QC036010_1861_centroid,46.877662,-71.021652,EPSG:4326,E94_Space_Primitive
QC036011_1861_centroid,46.889492,-71.067633,EPSG:4326,E94_Space_Primitive
QC061001_1861_centroid,45.504855,-73.555277,EPSG:4326,E94_Space_Primitive
QC061003_1861_centroid,45.489189,-73.555676,EPSG:4326,E94_Space_Primitive
QC061009_1861_centroid,45.501571,-73.556471,EPSG:4326,E94_Space_Primitive
QC061004_1861_centroid,45.497956,-73.577517,EPSG:4326,E94_Space_Primitive
QC061002_1861_centroid,45.50969,-73.55225,EPSG:4326,E94_Space_Primitive
QC061005_1861_centroid,45.518404,-73.56152,EPSG:4326,E94_Space_Primitive
QC061006_1861_centroid,45.50912,-73.569371,EPSG:4326,E94_Space_Primitive
QC061007_1861_centroid,45.513947,-73.566667,EPSG:4326,E94_Space_Primitive
QC061008_1861_centroid,45.52687,-73.555513,EPSG:4326,E94_Space_Primitive
QC038001_1861_centroid,46.331201,-72.411308,EPSG:4326,E94_Space_Primitive
QC038003_1861_centroid,46.376888,-72.24996,EPSG:4326,E94_Space_Primitive
QC038004_1861_centroid,46.212354,-72.601399,EPSG:4326,E94_Space_Primitive
QC038005_1861_centroid,46.208087,-72.400719,EPSG:4326,E94_Space_Primitive
QC003003_1861_centroid,46.129916,-72.296659,EPSG:4326,E94_Space_Primitive
QC038006_1861_centroid,46.267087,-72.241514,EPSG:4326,E94_Space_Primitive
QC038007_1861_centroid,46.262688,-72.493568,EPSG:4326,E94_Space_Primitive
QC038008_1861_centroid,46.121759,-72.490762,EPSG:4326,E94_Space_Primitive
QC038009_1861_centroid,46.424542,-72.117187,EPSG:4326,E94_Space_Primitive
QC040011_1861_centroid,45.591683,-76.219643,EPSG:4326,E94_Space_Primitive
QC040003_1861_centroid,45.868605,-77.047788,EPSG:4326,E94_Space_Primitive
QC040021_1861_centroid,45.960137,-76.403594,EPSG:4326,E94_Space_Primitive
QC040004_1861_centroid,45.563507,-76.368989,EPSG:4326,E94_Space_Primitive
QC040007_1861_centroid,45.739025,-76.684703,EPSG:4326,E94_Space_Primitive
QC040006_1861_centroid,45.992697,-77.084523,EPSG:4326,E94_Space_Primitive
QC040012_1861_centroid,46.050075,-76.719982,EPSG:4326,E94_Space_Primitive
QC040015_1861_centroid,45.759476,-76.407993,EPSG:4326,E94_Space_Primitive
QC040999_1861_centroid,47.226145,-77.765344,EPSG:4326,E94_Space_Primitive
QC040009_1861_centroid,45.797918,-76.592062,EPSG:4326,E94_Space_Primitive
QC040013_1861_centroid,45.629426,-76.652573,EPSG:4326,E94_Space_Primitive
QC041001_1861_centroid,46.745294,-71.882318,EPSG:4326,E94_Space_Primitive
QC041002_1861_centroid,46.681853,-71.97894,EPSG:4326,E94_Space_Primitive
QC041003_1861_centroid,46.685851,-71.712607,EPSG:4326,E94_Space_Primitive
QC041004_1861_centroid,46.624085,-72.068556,EPSG:4326,E94_Space_Primitive
QC041005_1861_centroid,46.753244,-71.650701,EPSG:4326,E94_Space_Primitive
QC041006_1861_centroid,46.805086,-72.161791,EPSG:4326,E94_Space_Primitive
QC041007_1861_centroid,46.749734,-71.478925,EPSG:4326,E94_Space_Primitive
QC041008_1861_centroid,46.787087,-71.831118,EPSG:4326,E94_Space_Primitive
QC041009_1861_centroid,46.741168,-72.24656,EPSG:4326,E94_Space_Primitive
QC041010_1861_centroid,46.87235,-71.614995,EPSG:4326,E94_Space_Primitive
QC041011_1861_centroid,46.872678,-71.852719,EPSG:4326,E94_Space_Primitive
QC062003_1861_centroid,46.804905,-71.218534,EPSG:4326,E94_Space_Primitive
QC062004_1861_centroid,46.814834,-71.20871,EPSG:4326,E94_Space_Primitive
QC062005_1861_centroid,46.810854,-71.22151,EPSG:4326,E94_Space_Primitive
QC062006_1861_centroid,46.81045,-71.208228,EPSG:4326,E94_Space_Primitive
QC062002_1861_centroid,46.812846,-71.223926,EPSG:4326,E94_Space_Primitive
QC062008_1861_centroid,46.818342,-71.228552,EPSG:4326,E94_Space_Primitive
QC042006_1861_centroid,46.796973,-71.24421,EPSG:4326,E94_Space_Primitive
QC062001_1861_centroid,46.804566,-71.209224,EPSG:4326,E94_Space_Primitive
QC062007_1861_centroid,46.816441,-71.207703,EPSG:4326,E94_Space_Primitive
QC042001_1861_centroid,46.797631,-71.407832,EPSG:4326,E94_Space_Primitive
QC042003_1861_centroid,46.89932,-71.306485,EPSG:4326,E94_Space_Primitive
QC042007_1861_centroid,46.874241,-71.410687,EPSG:4326,E94_Space_Primitive
QC042008_1861_centroid,46.778825,-71.255115,EPSG:4326,E94_Space_Primitive
QC042009_1861_centroid,46.98006,-71.295163,EPSG:4326,E94_Space_Primitive
QC042011_1861_centroid,46.771664,-71.310039,EPSG:4326,E94_Space_Primitive
QC042012_1861_centroid,47.043066,-71.59415,EPSG:4326,E94_Space_Primitive
QC043001_1861_centroid,45.899585,-72.966332,EPSG:4326,E94_Space_Primitive
QC043002_1861_centroid,45.855779,-72.893307,EPSG:4326,E94_Space_Primitive
QC043004_1861_centroid,45.875537,-73.114097,EPSG:4326,E94_Space_Primitive
QC043007_1861_centroid,46.03061,-73.074767,EPSG:4326,E94_Space_Primitive
QC043005_1861_centroid,45.969901,-72.993531,EPSG:4326,E94_Space_Primitive
QC043006_1861_centroid,45.900621,-73.170139,EPSG:4326,E94_Space_Primitive
QC043009_1861_centroid,45.940118,-73.061868,EPSG:4326,E94_Space_Primitive
QC043003_1861_centroid,45.888304,-73.14961,EPSG:4326,E94_Space_Primitive
QC044002_1861_centroid,45.685033,-72.097135,EPSG:4326,E94_Space_Primitive
QC059001_1861_centroid,45.609964,-71.598299,EPSG:4326,E94_Space_Primitive
QC059006_1861_centroid,45.81895,-71.281621,EPSG:4326,E94_Space_Primitive
QC059004_1861_centroid,45.84423,-71.688619,EPSG:4326,E94_Space_Primitive
QC044004_1861_centroid,45.595418,-72.176149,EPSG:4326,E94_Space_Primitive
QC059005_1861_centroid,45.689754,-71.700485,EPSG:4326,E94_Space_Primitive
QC059009_1861_centroid,45.961596,-71.560656,EPSG:4326,E94_Space_Primitive
QC059003_1861_centroid,45.784733,-71.572364,EPSG:4326,E94_Space_Primitive
QC044006_1861_centroid,45.768775,-72.00745,EPSG:4326,E94_Space_Primitive
QC059007_1861_centroid,45.712428,-71.463221,EPSG:4326,E94_Space_Primitive
QC044008_1861_centroid,45.631059,-71.916213,EPSG:4326,E94_Space_Primitive
QC059008_1861_centroid,45.751679,-71.797931,EPSG:4326,E94_Space_Primitive
QC044003_1861_centroid,45.784009,-72.01747,EPSG:4326,E94_Space_Primitive
QC044005_1861_centroid,45.657999,-72.154198,EPSG:4326,E94_Space_Primitive
QC045002_1861_centroid,48.665571,-67.827942,EPSG:4326,E94_Space_Primitive
QC045011_1861_centroid,48.418906,-68.51754,EPSG:4326,E94_Space_Primitive
QC045007_1861_centroid,48.442069,-68.388604,EPSG:4326,E94_Space_Primitive
QC045001_1861_centroid,48.348438,-68.683803,EPSG:4326,E94_Space_Primitive
QC045009_1861_centroid,48.276453,-68.837517,EPSG:4326,E94_Space_Primitive
QC045010_1861_centroid,48.570771,-68.182435,EPSG:4326,E94_Space_Primitive
QC045012_1861_centroid,48.504438,-68.293041,EPSG:4326,E94_Space_Primitive
QC045006_1861_centroid,48.527566,-67.703437,EPSG:4326,E94_Space_Primitive
QC045013_1861_centroid,48.187396,-68.985745,EPSG:4326,E94_Space_Primitive
QC045004_1861_centroid,48.744927,-67.66857,EPSG:4326,E94_Space_Primitive
QC045999_1861_centroid,48.396978,-67.517681,EPSG:4326,E94_Space_Primitive
QC046001_1861_centroid,45.341176,-72.907373,EPSG:4326,E94_Space_Primitive
QC046004_1861_centroid,45.558027,-73.172997,EPSG:4326,E94_Space_Primitive
QC046005_1861_centroid,45.516733,-73.115585,EPSG:4326,E94_Space_Primitive
QC046006_1861_centroid,45.420984,-73.141197,EPSG:4326,E94_Space_Primitive
QC046007_1861_centroid,45.453355,-73.229266,EPSG:4326,E94_Space_Primitive
QC046008_1861_centroid,45.432089,-72.87437,EPSG:4326,E94_Space_Primitive
QC046002_1861_centroid,45.428344,-73.165527,EPSG:4326,E94_Space_Primitive
QC046003_1861_centroid,45.421326,-73.005819,EPSG:4326,E94_Space_Primitive
QC050001_1861_centroid,45.667318,-73.062244,EPSG:4326,E94_Space_Primitive
QC050007_1861_centroid,45.623624,-72.971934,EPSG:4326,E94_Space_Primitive
QC050002_1861_centroid,45.736741,-72.93638,EPSG:4326,E94_Space_Primitive
QC050003_1861_centroid,45.648395,-73.146538,EPSG:4326,E94_Space_Primitive
QC050004_1861_centroid,45.52009,-73.019924,EPSG:4326,E94_Space_Primitive
QC050005_1861_centroid,45.752199,-73.124809,EPSG:4326,E94_Space_Primitive
QC050008_1861_centroid,45.802932,-73.015284,EPSG:4326,E94_Space_Primitive
QC050006_1861_centroid,45.628846,-72.954442,EPSG:4326,E94_Space_Primitive
QC022002_1861_centroid,45.229672,-73.113795,EPSG:4326,E94_Space_Primitive
QC022003_1861_centroid,45.281976,-73.211916,EPSG:4326,E94_Space_Primitive
QC051002_1861_centroid,45.061508,-73.433981,EPSG:4326,E94_Space_Primitive
QC022004_1861_centroid,45.313305,-73.052075,EPSG:4326,E94_Space_Primitive
QC022005_1861_centroid,45.145773,-73.174098,EPSG:4326,E94_Space_Primitive
QC022006_1861_centroid,45.332023,-73.148456,EPSG:4326,E94_Space_Primitive
QC051003_1861_centroid,45.27441,-73.280156,EPSG:4326,E94_Space_Primitive
QC051005_1861_centroid,45.367342,-73.315823,EPSG:4326,E94_Space_Primitive
QC051006_1861_centroid,45.293805,-73.347711,EPSG:4326,E94_Space_Primitive
QC022001_1861_centroid,45.304825,-73.237927,EPSG:4326,E94_Space_Primitive
QC051004_1861_centroid,45.303703,-73.26183,EPSG:4326,E94_Space_Primitive
QC048001_1861_centroid,45.521027,-72.34675,EPSG:4326,E94_Space_Primitive
QC048002_1861_centroid,45.382073,-72.753491,EPSG:4326,E94_Space_Primitive
QC048004_1861_centroid,45.527578,-72.730479,EPSG:4326,E94_Space_Primitive
QC048006_1861_centroid,45.381795,-72.564183,EPSG:4326,E94_Space_Primitive
QC048007_1861_centroid,45.379643,-72.353315,EPSG:4326,E94_Space_Primitive
QC048003_1861_centroid,45.400793,-72.724887,EPSG:4326,E94_Space_Primitive
QC064002_1861_centroid,45.382283,-72.101839,EPSG:4326,E94_Space_Primitive
QC049003_1861_centroid,45.351205,-74.228074,EPSG:4326,E94_Space_Primitive
QC049004_1861_centroid,45.311274,-74.193892,EPSG:4326,E94_Space_Primitive
QC049005_1861_centroid,45.340095,-74.088923,EPSG:4326,E94_Space_Primitive
QC049006_1861_centroid,45.299726,-74.313358,EPSG:4326,E94_Space_Primitive
QC049008_1861_centroid,45.238532,-74.300147,EPSG:4326,E94_Space_Primitive
QC053002_1861_centroid,45.084779,-71.734994,EPSG:4326,E94_Space_Primitive
QC053003_1861_centroid,45.0841,-71.901414,EPSG:4326,E94_Space_Primitive
QC053004_1861_centroid,45.228969,-72.005726,EPSG:4326,E94_Space_Primitive
QC053005_1861_centroid,45.236337,-72.157516,EPSG:4326,E94_Space_Primitive
QC053006_1861_centroid,45.085844,-72.126775,EPSG:4326,E94_Space_Primitive
QC054009_1861_centroid,47.926741,-69.465683,EPSG:4326,E94_Space_Primitive
QC054004_1861_centroid,48.000521,-69.318979,EPSG:4326,E94_Space_Primitive
QC054012_1861_centroid,47.592672,-68.813111,EPSG:4326,E94_Space_Primitive
QC054005_1861_centroid,47.760935,-69.576261,EPSG:4326,E94_Space_Primitive
QC054011_1861_centroid,47.818702,-69.514314,EPSG:4326,E94_Space_Primitive
QC054006_1861_centroid,47.741438,-69.47839,EPSG:4326,E94_Space_Primitive
QC054007_1861_centroid,47.914436,-69.406662,EPSG:4326,E94_Space_Primitive
QC054008_1861_centroid,48.03656,-69.209673,EPSG:4326,E94_Space_Primitive
QC054014_1861_centroid,47.874813,-69.262072,EPSG:4326,E94_Space_Primitive
QC054002_1861_centroid,47.942273,-69.152662,EPSG:4326,E94_Space_Primitive
QC054013_1861_centroid,48.092953,-69.093979,EPSG:4326,E94_Space_Primitive
QC055002_1861_centroid,45.976035,-74.186056,EPSG:4326,E94_Space_Primitive
QC055001_1861_centroid,46.066652,-74.329327,EPSG:4326,E94_Space_Primitive
QC055003_1861_centroid,45.765545,-73.816717,EPSG:4326,E94_Space_Primitive
QC055004_1861_centroid,45.711871,-73.926785,EPSG:4326,E94_Space_Primitive
QC055006_1861_centroid,45.827093,-74.030603,EPSG:4326,E94_Space_Primitive
QC055012_1861_centroid,45.710547,-73.733652,EPSG:4326,E94_Space_Primitive
QC034011_1861_centroid,46.143286,-74.187754,EPSG:4326,E94_Space_Primitive
QC055007_1861_centroid,45.877969,-74.156904,EPSG:4326,E94_Space_Primitive
QC055008_1861_centroid,45.830579,-73.919059,EPSG:4326,E94_Space_Primitive
QC055009_1861_centroid,45.658396,-73.857067,EPSG:4326,E94_Space_Primitive
QC055011_1861_centroid,45.697039,-73.635192,EPSG:4326,E94_Space_Primitive
QC052001_1861_centroid,46.31569,-72.703462,EPSG:4326,E94_Space_Primitive
QC052002_1861_centroid,46.475821,-72.944431,EPSG:4326,E94_Space_Primitive
QC052003_1861_centroid,46.546594,-72.849754,EPSG:4326,E94_Space_Primitive
QC052004_1861_centroid,46.413319,-72.761938,EPSG:4326,E94_Space_Primitive
QC052005_1861_centroid,46.376284,-72.915277,EPSG:4326,E94_Space_Primitive
QC052007_1861_centroid,46.307732,-72.829474,EPSG:4326,E94_Space_Primitive
QC063005_1861_centroid,46.337455,-72.564108,EPSG:4326,E94_Space_Primitive
QC057004_1861_centroid,45.470053,-74.335374,EPSG:4326,E94_Space_Primitive
QC057001_1861_centroid,45.373653,-73.938133,EPSG:4326,E94_Space_Primitive
QC057002_1861_centroid,45.358859,-74.382054,EPSG:4326,E94_Space_Primitive
QC057003_1861_centroid,45.399097,-74.29991,EPSG:4326,E94_Space_Primitive
QC057006_1861_centroid,45.409779,-74.121954,EPSG:4326,E94_Space_Primitive
QC057005_1861_centroid,45.400295,-74.025603,EPSG:4326,E94_Space_Primitive
QC039004_1861_centroid,45.953138,-76.062285,EPSG:4326,E94_Space_Primitive
QC039009_1861_centroid,46.235527,-76.049123,EPSG:4326,E94_Space_Primitive
QC039013_1861_centroid,46.235211,-75.869446,EPSG:4326,E94_Space_Primitive
QC039017_1861_centroid,45.543702,-75.997638,EPSG:4326,E94_Space_Primitive
QC039020_1861_centroid,45.969942,-75.863155,EPSG:4326,E94_Space_Primitive
QC039026_1861_centroid,45.831322,-76.037295,EPSG:4326,E94_Space_Primitive
QC039028_1861_centroid,45.682608,-76.038955,EPSG:4326,E94_Space_Primitive
QC039038_1861_centroid,45.700949,-75.829669,EPSG:4326,E94_Space_Primitive
QC039037_1861_centroid,46.175644,-75.89267,EPSG:4326,E94_Space_Primitive
QC039003_1861_centroid,45.405707,-75.852874,EPSG:4326,E94_Space_Primitive
QC060001_1861_centroid,46.126712,-72.689973,EPSG:4326,E94_Space_Primitive
QC060003_1861_centroid,45.955331,-72.807501,EPSG:4326,E94_Space_Primitive
QC060004_1861_centroid,46.057999,-72.856751,EPSG:4326,E94_Space_Primitive
QC018005_1861_centroid,45.915063,-72.721603,EPSG:4326,E94_Space_Primitive
QC060002_1861_centroid,46.077303,-72.772032,EPSG:4326,E94_Space_Primitive
QC060006_1861_centroid,46.040467,-72.575931,EPSG:4326,E94_Space_Primitive
QC060005_1861_centroid,46.017401,-72.920954,EPSG:4326,E94_Space_Primitive
QC013999_1861_centroid,47.821208,-70.748551,EPSG:4326,E94_Space_Primitive
QC061999_1861_centroid,45.517921,-73.534538,EPSG:4326,E94_Space_Primitive
QC036999_1861_centroid,47.580717,-71.365834,EPSG:4326,E94_Space_Primitive
QC008999_1861_centroid,46.466245,-73.639755,EPSG:4326,E94_Space_Primitive
QC009006_1861_centroid,48.120147,-66.679971,EPSG:4326,E94_Space_Primitive
QC047010_1861_centroid,49.842865,-64.430505,EPSG:4326,E94_Space_Primitive
QC056006_1861_centroid,45.556585,-73.894481,EPSG:4326,E94_Space_Primitive
QC019008_1861_centroid,49.152946,-65.066643,EPSG:4326,E94_Space_Primitive
QC001005_1861_centroid,45.718585,-73.561278,EPSG:4326,E94_Space_Primitive
QC020003_1861_centroid,45.523881,-73.60074,EPSG:4326,E94_Space_Primitive
QC033003_1861_centroid,45.17357,-73.071912,EPSG:4326,E94_Space_Primitive
QC036004_1861_centroid,47.063388,-70.956244,EPSG:4326,E94_Space_Primitive
QC020004_1861_centroid,45.522574,-73.579046,EPSG:4326,E94_Space_Primitive
QC004004_1861_centroid,45.795402,-72.819578,EPSG:4326,E94_Space_Primitive
QC043008_1861_centroid,46.033473,-73.104963,EPSG:4326,E94_Space_Primitive
QC045008_1861_centroid,48.930348,-66.935237,EPSG:4326,E94_Space_Primitive
QC064001_1861_centroid,45.369654,-71.861287,EPSG:4326,E94_Space_Primitive
QC049002_1861_centroid,45.306474,-74.054337,EPSG:4326,E94_Space_Primitive
QC054010_1861_centroid,47.762336,-69.344143,EPSG:4326,E94_Space_Primitive
QC055010_1861_centroid,45.639198,-73.844058,EPSG:4326,E94_Space_Primitive
QC063006_1861_centroid,46.345442,-72.53498,EPSG:4326,E94_Space_Primitive
QC063003_1861_centroid,46.355505,-72.548883,EPSG:4326,E94_Space_Primitive
QC063004_1861_centroid,46.345978,-72.5602,EPSG:4326,E94_Space_Primitive
QC042002_1861_centroid,46.903871,-71.214564,EPSG:4326,E94_Space_Primitive
QC042999_1861_centroid,47.630616,-72.176697,EPSG:4326,E94_Space_Primitive
QC005999_1861_centroid,45.584867,-70.700667,EPSG:4326,E94_Space_Primitive
QC028002_1861_centroid,45.554031,-73.76902,EPSG:4326,E94_Space_Primitive
QC034999_1861_centroid,46.349792,-74.296282,EPSG:4326,E94_Space_Primitive
QC040005_1861_centroid,45.630925,-76.518852,EPSG:4326,E94_Space_Primitive
QC041999_1861_centroid,47.041687,-72.116272,EPSG:4326,E94_Space_Primitive
QC044001_1861_centroid,45.501055,-72.091566,EPSG:4326,E94_Space_Primitive
QC044007_1861_centroid,45.536413,-71.791824,EPSG:4326,E94_Space_Primitive
QC048005_1861_centroid,45.529895,-72.550912,EPSG:4326,E94_Space_Primitive
QC049001_1861_centroid,45.258927,-74.206308,EPSG:4326,E94_Space_Primitive
QC058006_1861_centroid,45.68,-73.394884,EPSG:4326,E94_Space_Primitive
QC047999_1861_centroid,51.249261,-64.805363,EPSG:4326,E94_Space_Primitive
QC015018_1861_centroid,48.175126,-70.089482,EPSG:4326,E94_Space_Primitive
QC005009_1861_centroid,45.776425,-70.550185,EPSG:4326,E94_Space_Primitive
QC017001_1861_centroid,46.559177,-70.673336,EPSG:4326,E94_Space_Primitive
QC018003_1861_centroid,45.82682,-72.16938,EPSG:4326,E94_Space_Primitive
QC019006_1861_centroid,48.877656,-64.6249,EPSG:4326,E94_Space_Primitive
QC039036_1861_centroid,45.582263,-75.6343,EPSG:4326,E94_Space_Primitive
QC039025_1861_centroid,45.655185,-75.252846,EPSG:4326,E94_Space_Primitive
QC039032_1861_centroid,46.037802,-75.119372,EPSG:4326,E94_Space_Primitive
QC054999_1861_centroid,47.655694,-68.859029,EPSG:4326,E94_Space_Primitive
QC042013_1861_centroid,46.819331,-71.261905,EPSG:4326,E94_Space_Primitive
QC054003_1861_centroid,47.84078,-69.541809,EPSG:4326,E94_Space_Primitive
QC008004_1861_centroid,46.104868,-73.101821,EPSG:4326,E94_Space_Primitive
QC008001_1861_centroid,46.088051,-73.209282,EPSG:4326,E94_Space_Primitive
QC011004_1861_centroid,45.449766,-73.289691,EPSG:4326,E94_Space_Primitive
QC012999_1861_centroid,47.326076,-72.63405,EPSG:4326,E94_Space_Primitive
QC052999_1861_centroid,47.780682,-73.991049,EPSG:4326,E94_Space_Primitive
QC047004_1861_centroid,48.912583,-68.89449,EPSG:4326,E94_Space_Primitive
QC015999_1861_centroid,49.85494,-71.734641,EPSG:4326,E94_Space_Primitive
QC012011_1861_centroid,46.684325,-72.416744,EPSG:4326,E94_Space_Primitive
QC056009_1861_centroid,45.531713,-74.00394,EPSG:4326,E94_Space_Primitive
QC024002_1861_centroid,45.433251,-73.675022,EPSG:4326,E94_Space_Primitive
QC026999_1861_centroid,47.389198,-69.529585,EPSG:4326,E94_Space_Primitive
QC026012_1861_centroid,47.526829,-69.784777,EPSG:4326,E94_Space_Primitive
QC039015_1861_centroid,45.788797,-75.359674,EPSG:4326,E94_Space_Primitive
QC039008_1861_centroid,45.909853,-75.675822,EPSG:4326,E94_Space_Primitive
QC001010_1861_centroid,45.772464,-73.495567,EPSG:4326,E94_Space_Primitive
QC029001_1861_centroid,46.774508,-71.170833,EPSG:4326,E94_Space_Primitive
QC033002_1861_centroid,45.269938,-72.960046,EPSG:4326,E94_Space_Primitive
QC042010_1861_centroid,47.146253,-71.433852,EPSG:4326,E94_Space_Primitive
QC012006_1861_centroid,46.657593,-72.774178,EPSG:4326,E94_Space_Primitive
QC052006_1861_centroid,46.350696,-72.632316,EPSG:4326,E94_Space_Primitive
QC039027_1861_centroid,46.240941,-75.739395,EPSG:4326,E94_Space_Primitive
QC040016_1861_centroid,45.955834,-76.919111,EPSG:4326,E94_Space_Primitive
QC040014_1861_centroid,46.05043,-77.220824,EPSG:4326,E94_Space_Primitive
QC040008_1861_centroid,45.863599,-76.450115,EPSG:4326,E94_Space_Primitive
QC002012_1861_centroid,45.825947,-74.41554,EPSG:4326,E94_Space_Primitive
QC002006_1861_centroid,45.85281,-74.622596,EPSG:4326,E94_Space_Primitive
QC002001_1861_centroid,45.987153,-74.632742,EPSG:4326,E94_Space_Primitive
QC002008_1861_centroid,45.971779,-74.500258,EPSG:4326,E94_Space_Primitive
QC002007_1861_centroid,45.902849,-74.258774,EPSG:4326,E94_Space_Primitive
QC003001_1861_centroid,46.068808,-71.908196,EPSG:4326,E94_Space_Primitive
QC003009_1861_centroid,46.225329,-72.105836,EPSG:4326,E94_Space_Primitive
QC005006_1861_centroid,45.987077,-70.577382,EPSG:4326,E94_Space_Primitive
QC005008_1861_centroid,46.02332,-70.476451,EPSG:4326,E94_Space_Primitive
QC005010_1861_centroid,45.91033,-71.211652,EPSG:4326,E94_Space_Primitive
QC005001_1861_centroid,46.013029,-71.109808,EPSG:4326,E94_Space_Primitive
QC005004_1861_centroid,45.931255,-70.96616,EPSG:4326,E94_Space_Primitive
QC005002_1861_centroid,45.819403,-70.98768,EPSG:4326,E94_Space_Primitive
QC008009_1861_centroid,46.318211,-73.422215,EPSG:4326,E94_Space_Primitive
QC008003_1861_centroid,46.226245,-73.414527,EPSG:4326,E94_Space_Primitive
QC013007_1861_centroid,47.654973,-70.30646,EPSG:4326,E94_Space_Primitive
QC015001_1861_centroid,48.331882,-70.88083,EPSG:4326,E94_Space_Primitive
QC015007_1861_centroid,48.482414,-70.796467,EPSG:4326,E94_Space_Primitive
QC015022_1861_centroid,48.504049,-71.003232,EPSG:4326,E94_Space_Primitive
QC015019_1861_centroid,48.393623,-70.491728,EPSG:4326,E94_Space_Primitive
QC015016_1861_centroid,48.52736,-71.194378,EPSG:4326,E94_Space_Primitive
QC015009_1861_centroid,48.411598,-71.438021,EPSG:4326,E94_Space_Primitive
QC015014_1861_centroid,48.283216,-71.48816,EPSG:4326,E94_Space_Primitive
QC015002_1861_centroid,48.559957,-71.372441,EPSG:4326,E94_Space_Primitive
QC015020_1861_centroid,48.59678,-71.532893,EPSG:4326,E94_Space_Primitive
QC015006_1861_centroid,48.625808,-71.698161,EPSG:4326,E94_Space_Primitive
QC015010_1861_centroid,48.454513,-71.60227,EPSG:4326,E94_Space_Primitive
QC015017_1861_centroid,48.509497,-71.740838,EPSG:4326,E94_Space_Primitive
QC015012_1861_centroid,48.322029,-71.664043,EPSG:4326,E94_Space_Primitive
QC015013_1861_centroid,48.39045,-72.000438,EPSG:4326,E94_Space_Primitive
QC015004_1861_centroid,48.410109,-72.172168,EPSG:4326,E94_Space_Primitive
QC015015_1861_centroid,48.47551,-72.255811,EPSG:4326,E94_Space_Primitive
QC016012_1861_centroid,45.651384,-70.975349,EPSG:4326,E94_Space_Primitive
QC016005_1861_centroid,45.512682,-71.226704,EPSG:4326,E94_Space_Primitive
QC018006_1861_centroid,46.00177,-72.417629,EPSG:4326,E94_Space_Primitive
QC019005_1861_centroid,48.889485,-64.430878,EPSG:4326,E94_Space_Primitive
QC019011_1861_centroid,48.318408,-64.821553,EPSG:4326,E94_Space_Primitive
QC023004_1861_centroid,47.028704,-70.237417,EPSG:4326,E94_Space_Primitive
QC025005_1861_centroid,46.151842,-73.672777,EPSG:4326,E94_Space_Primitive
QC025002_1861_centroid,46.338184,-73.673949,EPSG:4326,E94_Space_Primitive
QC025004_1861_centroid,46.022197,-73.438077,EPSG:4326,E94_Space_Primitive
QC025003_1861_centroid,46.02714,-73.436449,EPSG:4326,E94_Space_Primitive
QC026002_1861_centroid,47.56682,-69.865302,EPSG:4326,E94_Space_Primitive
QC026005_1861_centroid,47.665634,-69.586533,EPSG:4326,E94_Space_Primitive
QC026009_1861_centroid,47.575728,-69.689943,EPSG:4326,E94_Space_Primitive
QC026013_1861_centroid,47.45482,-69.694987,EPSG:4326,E94_Space_Primitive
QC026001_1861_centroid,47.297154,-69.922326,EPSG:4326,E94_Space_Primitive
QC028006_1861_centroid,45.615842,-73.649585,EPSG:4326,E94_Space_Primitive
QC028005_1861_centroid,45.617122,-73.646614,EPSG:4326,E94_Space_Primitive
QC025009_1861_centroid,46.096792,-73.353715,EPSG:4326,E94_Space_Primitive
QC001003_1861_centroid,45.827969,-73.420688,EPSG:4326,E94_Space_Primitive
QC034002_1861_centroid,45.957951,-73.563103,EPSG:4326,E94_Space_Primitive
QC034010_1861_centroid,46.040415,-74.039783,EPSG:4326,E94_Space_Primitive
QC035002_1861_centroid,47.028435,-70.670202,EPSG:4326,E94_Space_Primitive
QC035006_1861_centroid,47.042971,-70.623038,EPSG:4326,E94_Space_Primitive
QC035005_1861_centroid,47.086919,-70.561471,EPSG:4326,E94_Space_Primitive
QC035004_1861_centroid,47.132564,-70.48255,EPSG:4326,E94_Space_Primitive
QC035003_1861_centroid,47.064626,-70.5396,EPSG:4326,E94_Space_Primitive
QC035008_1861_centroid,46.804824,-70.374061,EPSG:4326,E94_Space_Primitive
QC035010_1861_centroid,46.959825,-70.345848,EPSG:4326,E94_Space_Primitive
QC038002_1861_centroid,46.325432,-72.128636,EPSG:4326,E94_Space_Primitive
QC039001_1861_centroid,46.040448,-74.941552,EPSG:4326,E94_Space_Primitive
QC039006_1861_centroid,46.0193,-75.6547,EPSG:4326,E94_Space_Primitive
QC039005_1861_centroid,45.982364,-75.307742,EPSG:4326,E94_Space_Primitive
QC039014_1861_centroid,45.835998,-75.82943,EPSG:4326,E94_Space_Primitive
QC039024_1861_centroid,46.370909,-75.831143,EPSG:4326,E94_Space_Primitive
QC039002_1861_centroid,46.500558,-75.839721,EPSG:4326,E94_Space_Primitive
QC039018_1861_centroid,46.495263,-76.038673,EPSG:4326,E94_Space_Primitive
QC039010_1861_centroid,46.381722,-75.5816,EPSG:4326,E94_Space_Primitive
QC039007_1861_centroid,46.098299,-75.781343,EPSG:4326,E94_Space_Primitive
QC039016_1861_centroid,46.286331,-75.497896,EPSG:4326,E94_Space_Primitive
QC039023_1861_centroid,46.445341,-75.360588,EPSG:4326,E94_Space_Primitive
QC039022_1861_centroid,46.402727,-75.573583,EPSG:4326,E94_Space_Primitive
QC039029_1861_centroid,46.083949,-75.953303,EPSG:4326,E94_Space_Primitive
QC040001_1861_centroid,46.270256,-77.708134,EPSG:4326,E94_Space_Primitive
QC040018_1861_centroid,46.318357,-77.880036,EPSG:4326,E94_Space_Primitive
QC040010_1861_centroid,45.892815,-76.740639,EPSG:4326,E94_Space_Primitive
QC040019_1861_centroid,45.849601,-76.239006,EPSG:4326,E94_Space_Primitive
QC040017_1861_centroid,45.960456,-76.235506,EPSG:4326,E94_Space_Primitive
QC040020_1861_centroid,45.96049,-76.560767,EPSG:4326,E94_Space_Primitive
QC042004_1861_centroid,46.814331,-71.233226,EPSG:4326,E94_Space_Primitive
QC042005_1861_centroid,46.846815,-71.222307,EPSG:4326,E94_Space_Primitive
QC045003_1861_centroid,48.337866,-68.439298,EPSG:4326,E94_Space_Primitive
QC045005_1861_centroid,48.830294,-67.469991,EPSG:4326,E94_Space_Primitive
QC049007_1861_centroid,45.283836,-74.396717,EPSG:4326,E94_Space_Primitive
QC051001_1861_centroid,45.123074,-73.264985,EPSG:4326,E94_Space_Primitive
QC051007_1861_centroid,45.151583,-73.31324,EPSG:4326,E94_Space_Primitive
QC053001_1861_centroid,45.144557,-72.035601,EPSG:4326,E94_Space_Primitive
QC054001_1861_centroid,48.004149,-69.03822,EPSG:4326,E94_Space_Primitive
QC055005_1861_centroid,45.780913,-74.001676,EPSG:4326,E94_Space_Primitive
QC063001_1861_centroid,46.312173,-72.587931,EPSG:4326,E94_Space_Primitive
QC056010_1861_centroid,45.726394,-73.992109,EPSG:4326,E94_Space_Primitive
QC058008_1861_centroid,45.691944,-73.434677,EPSG:4326,E94_Space_Primitive
QC059002_1861_centroid,45.874426,-71.416159,EPSG:4326,E94_Space_Primitive
QC064005_1861_centroid,45.393589,-71.895086,EPSG:4326,E94_Space_Primitive
QC064003_1861_centroid,45.404012,-71.877648,EPSG:4326,E94_Space_Primitive
QC064004_1861_centroid,45.406481,-71.906897,EPSG:4326,E94_Space_Primitive
QC063002_1861_centroid,46.344497,-72.537754,EPSG:4326,E94_Space_Primitive
QC047002_1861_centroid,48.267097,-69.628644,EPSG:4326,E94_Space_Primitive
QC047005_1861_centroid,49.631897,-67.229162,EPSG:4326,E94_Space_Primitive
QC047006_1861_centroid,50.322216,-65.065039,EPSG:4326,E94_Space_Primitive
QC047008_1861_centroid,50.298346,-63.54911,EPSG:4326,E94_Space_Primitive
QC047007_1861_centroid,50.308816,-62.841458,EPSG:4326,E94_Space_Primitive
QC047009_1861_centroid,51.156426,-58.513384,EPSG:4326,E94_Space_Primitive
QC061010_1861_centroid,45.508178,-73.572364,EPSG:4326,E94_Space_Primitive
QC011003_1861_centroid,45.444447,-73.306604,EPSG:4326,E94_Space_Primitive
QC019010_1861_centroid,49.184835,-65.701571,EPSG:4326,E94_Space_Primitive
QC040002_1861_centroid,45.737748,-76.237522,EPSG:4326,E94_Space_Primitive
QC047001_1861_centroid,48.159231,-69.87602,EPSG:4326,E94_Space_Primitive
QC026006_1861_centroid,47.662479,-69.688842,EPSG:4326,E94_Space_Primitive
QC020999_1861_centroid,45.462854,-73.547834,EPSG:4326,E94_Space_Primitive
QC039021_1861_centroid,45.514169,-75.816563,EPSG:4326,E94_Space_Primitive
QC012012_1861_centroid,46.808199,-72.653951,EPSG:4326,E94_Space_Primitive
