:START_ID,:END_ID,during_period,:TYPE
PLACE_ON065002,CD_ON_Brant,CENSUS_1851,P89_falls_within
PLACE_ON065003,CD_ON_Brant,CENSUS_1851,P89_falls_within
PLACE_ON065005,CD_ON_Brant,CENSUS_1851,P89_falls_within
PLACE_ON065001,CD_ON_Brant,CENSUS_1851,P89_falls_within
PLACE_ON083007,CD_ON_Leeds,CENSUS_1851,P89_falls_within
PLACE_ON028005,CD_ON_Bruce,CENSUS_1851,P89_falls_within
PLACE_ON003003_1851,CD_ON_Bruce,CENSUS_1851,P89_falls_within
PLACE_ON003009,CD_ON_Bruce,CENSUS_1851,P89_falls_within
PLACE_ON003011,CD_ON_Bruce,CENSUS_1851,P89_falls_within
PLACE_ON027008,CD_ON_Bruce,CENSUS_1851,P89_falls_within
PLACE_ON060002,CD_ON_Bruce,CENSUS_1851,P89_falls_within
PLACE_ON027003,CD_ON_Bruce,CENSUS_1851,P89_falls_within
PLACE_ON028004,CD_ON_Bruce,CENSUS_1851,P89_falls_within
PLACE_ON066009,CD_ON_Bruce,CENSUS_1851,P89_falls_within
PLACE_ON104011,CD_ON_Bruce,CENSUS_1851,P89_falls_within
PLACE_ON066013,CD_ON_Bruce,CENSUS_1851,P89_falls_within
PLACE_ON108009,CD_ON_Carleton,CENSUS_1851,P89_falls_within
PLACE_ON105003,CD_ON_Carleton,CENSUS_1851,P89_falls_within
PLACE_ON108007,CD_ON_Carleton,CENSUS_1851,P89_falls_within
PLACE_ON105006,CD_ON_Carleton,CENSUS_1851,P89_falls_within
PLACE_ON105007,CD_ON_Carleton,CENSUS_1851,P89_falls_within
PLACE_ON004008,CD_ON_Carleton,CENSUS_1851,P89_falls_within
PLACE_ON105010,CD_ON_Carleton,CENSUS_1851,P89_falls_within
PLACE_ON105013,CD_ON_Carleton,CENSUS_1851,P89_falls_within
PLACE_ON035007,CD_ON_Wellington,CENSUS_1851,P89_falls_within
PLACE_ON103007,CD_ON_Wellington,CENSUS_1851,P89_falls_within
PLACE_ON039010,CD_ON_Wellington,CENSUS_1851,P89_falls_within
PLACE_ON098010,CD_ON_Simcoe,CENSUS_1851,P89_falls_within
PLACE_ON098012,CD_ON_Simcoe,CENSUS_1851,P89_falls_within
PLACE_ON005001,CD_ON_Dundas,CENSUS_1851,P89_falls_within
PLACE_ON107002,CD_ON_Dundas,CENSUS_1851,P89_falls_within
PLACE_ON005003,CD_ON_Dundas,CENSUS_1851,P89_falls_within
PLACE_ON102006,CD_ON_Dundas,CENSUS_1851,P89_falls_within
PLACE_ON069003,CD_ON_Durham,CENSUS_1851,P89_falls_within
PLACE_ON051003,CD_ON_Durham,CENSUS_1851,P89_falls_within
PLACE_ON006003,CD_ON_Durham,CENSUS_1851,P89_falls_within
PLACE_ON006004,CD_ON_Durham,CENSUS_1851,P89_falls_within
PLACE_ON127001,CD_ON_Durham,CENSUS_1851,P89_falls_within
PLACE_ON108006,CD_ON_Durham,CENSUS_1851,P89_falls_within
PLACE_ON007002,CD_ON_Elgin,CENSUS_1851,P89_falls_within
PLACE_ON006003_1851,CD_ON_Elgin,CENSUS_1851,P89_falls_within
PLACE_ON006001,CD_ON_Elgin,CENSUS_1851,P89_falls_within
PLACE_ON070001,CD_ON_Elgin,CENSUS_1851,P89_falls_within
PLACE_ON164002,CD_ON_Elgin,CENSUS_1851,P89_falls_within
PLACE_ON005003_1851,CD_ON_Elgin,CENSUS_1851,P89_falls_within
PLACE_ON001013,CD_ON_Essex,CENSUS_1851,P89_falls_within
PLACE_ON110001,CD_ON_Essex,CENSUS_1851,P89_falls_within
PLACE_ON008004_1851,CD_ON_Essex,CENSUS_1851,P89_falls_within
PLACE_ON001001,CD_ON_Essex,CENSUS_1851,P89_falls_within
PLACE_ON001006,CD_ON_Essex,CENSUS_1851,P89_falls_within
PLACE_ON111002,CD_ON_Frontenac,CENSUS_1851,P89_falls_within
PLACE_ON111009,CD_ON_Frontenac,CENSUS_1851,P89_falls_within
PLACE_ON009008,CD_ON_Frontenac,CENSUS_1851,P89_falls_within
PLACE_ON111014,CD_ON_Frontenac,CENSUS_1851,P89_falls_within
PLACE_ON069016,CD_ON_Frontenac,CENSUS_1851,P89_falls_within
PLACE_ON065003_1851,CD_ON_Glengary,CENSUS_1851,P89_falls_within
PLACE_ON099002,CD_ON_Glengary,CENSUS_1851,P89_falls_within
PLACE_ON099004,CD_ON_Glengary,CENSUS_1851,P89_falls_within
PLACE_ON106003,CD_ON_Grenville,CENSUS_1851,P89_falls_within
PLACE_ON012004,CD_ON_Grenville,CENSUS_1851,P89_falls_within
PLACE_ON075001,CD_ON_Grey,CENSUS_1851,P89_falls_within
PLACE_ON155002,CD_ON_Grey,CENSUS_1851,P89_falls_within
PLACE_ON114006,CD_ON_Grey,CENSUS_1851,P89_falls_within
PLACE_ON114008,CD_ON_Grey,CENSUS_1851,P89_falls_within
PLACE_ON075012,CD_ON_Grey,CENSUS_1851,P89_falls_within
PLACE_ON011014_1851,CD_ON_Grey,CENSUS_1851,P89_falls_within
PLACE_ON037008,CD_ON_Grey,CENSUS_1851,P89_falls_within
PLACE_ON114005,CD_ON_Grey,CENSUS_1851,P89_falls_within
PLACE_ON075007,CD_ON_Grey,CENSUS_1851,P89_falls_within
PLACE_ON066008,CD_ON_Grey,CENSUS_1851,P89_falls_within
PLACE_ON017009,CD_ON_Haldimand,CENSUS_1851,P89_falls_within
PLACE_ON075006,CD_ON_Haldimand,CENSUS_1851,P89_falls_within
PLACE_ON115007,CD_ON_Haldimand,CENSUS_1851,P89_falls_within
PLACE_ON076009,CD_ON_Haldimand,CENSUS_1851,P89_falls_within
PLACE_ON146001,CD_ON_Haldimand,CENSUS_1851,P89_falls_within
PLACE_ON117002,CD_ON_Halton,CENSUS_1851,P89_falls_within
PLACE_ON038001,CD_ON_Halton,CENSUS_1851,P89_falls_within
PLACE_ON014002,CD_ON_Halton,CENSUS_1851,P89_falls_within
PLACE_ON015003,CD_ON_Hastings,CENSUS_1851,P89_falls_within
PLACE_ON015009_1851,CD_ON_Hastings,CENSUS_1851,P89_falls_within
PLACE_ON078005,CD_ON_Hastings,CENSUS_1851,P89_falls_within
PLACE_ON015005,CD_ON_Hastings,CENSUS_1851,P89_falls_within
PLACE_ON026012,CD_ON_Huron,CENSUS_1851,P89_falls_within
PLACE_ON016008,CD_ON_Huron,CENSUS_1851,P89_falls_within
PLACE_ON079019,CD_ON_Huron,CENSUS_1851,P89_falls_within
PLACE_ON077002,CD_ON_Huron,CENSUS_1851,P89_falls_within
PLACE_ON079012,CD_ON_Huron,CENSUS_1851,P89_falls_within
PLACE_ON025001,CD_ON_Huron,CENSUS_1851,P89_falls_within
PLACE_ON079004,CD_ON_Huron,CENSUS_1851,P89_falls_within
PLACE_ON017005,CD_ON_Kent,CENSUS_1851,P89_falls_within
PLACE_ON080005,CD_ON_Kent,CENSUS_1851,P89_falls_within
PLACE_ON080008,CD_ON_Kent,CENSUS_1851,P89_falls_within
PLACE_ON004010,CD_ON_Lambton,CENSUS_1851,P89_falls_within
PLACE_ON081004,CD_ON_Lambton,CENSUS_1851,P89_falls_within
PLACE_ON081005,CD_ON_Lambton,CENSUS_1851,P89_falls_within
PLACE_ON004009,CD_ON_Lambton,CENSUS_1851,P89_falls_within
PLACE_ON081003,CD_ON_Lambton,CENSUS_1851,P89_falls_within
PLACE_ON079002,CD_ON_Lambton,CENSUS_1851,P89_falls_within
PLACE_ON004008_1851,CD_ON_Lambton,CENSUS_1851,P89_falls_within
PLACE_ON018008,CD_ON_Lambton,CENSUS_1851,P89_falls_within
PLACE_ON019004,CD_ON_Lanark,CENSUS_1851,P89_falls_within
PLACE_ON123005,CD_ON_Lanark,CENSUS_1851,P89_falls_within
PLACE_ON082008,CD_ON_Lanark,CENSUS_1851,P89_falls_within
PLACE_ON123011,CD_ON_Lanark,CENSUS_1851,P89_falls_within
PLACE_ON082013,CD_ON_Lanark,CENSUS_1851,P89_falls_within
PLACE_ON019001,CD_ON_Lanark,CENSUS_1851,P89_falls_within
PLACE_ON082002,CD_ON_Lanark,CENSUS_1851,P89_falls_within
PLACE_ON081005_1851,CD_ON_Lanark,CENSUS_1851,P89_falls_within
PLACE_ON019007_1851,CD_ON_Lanark,CENSUS_1851,P89_falls_within
PLACE_ON019010,CD_ON_Lanark,CENSUS_1851,P89_falls_within
PLACE_ON083001,CD_ON_Leeds,CENSUS_1851,P89_falls_within
PLACE_ON083006,CD_ON_Leeds,CENSUS_1851,P89_falls_within
PLACE_ON117002_1851,CD_ON_Lennox,CENSUS_1851,P89_falls_within
PLACE_ON125002,CD_ON_Addington,CENSUS_1851,P89_falls_within
PLACE_ON084004,CD_ON_Addington,CENSUS_1851,P89_falls_within
PLACE_ON021003,CD_ON_Lennox,CENSUS_1851,P89_falls_within
PLACE_ON144001,CD_ON_Lincoln,CENSUS_1851,P89_falls_within
PLACE_ON021005,CD_ON_Lincoln,CENSUS_1851,P89_falls_within
PLACE_ON094005,CD_ON_Lincoln,CENSUS_1851,P89_falls_within
PLACE_ON085004,CD_ON_Lincoln,CENSUS_1851,P89_falls_within
PLACE_ON021006,CD_ON_Lincoln,CENSUS_1851,P89_falls_within
PLACE_ON126007,CD_ON_Lincoln,CENSUS_1851,P89_falls_within
PLACE_ON023012,CD_ON_Middlesex,CENSUS_1851,P89_falls_within
PLACE_ON086010,CD_ON_Middlesex,CENSUS_1851,P89_falls_within
PLACE_ON167001,CD_ON_Middlesex,CENSUS_1851,P89_falls_within
PLACE_ON023005_1851,CD_ON_Middlesex,CENSUS_1851,P89_falls_within
PLACE_ON079002_1851,CD_ON_Huron,CENSUS_1851,P89_falls_within
PLACE_ON128007,CD_ON_Middlesex,CENSUS_1851,P89_falls_within
PLACE_ON079011,CD_ON_Huron,CENSUS_1851,P89_falls_within
PLACE_ON128004,CD_ON_Middlesex,CENSUS_1851,P89_falls_within
PLACE_ON007003,CD_ON_Middlesex,CENSUS_1851,P89_falls_within
PLACE_ON128010,CD_ON_Middlesex,CENSUS_1851,P89_falls_within
PLACE_ON086009,CD_ON_Middlesex,CENSUS_1851,P89_falls_within
PLACE_ON157003,CD_ON_Norfolk,CENSUS_1851,P89_falls_within
PLACE_ON131002,CD_ON_Norfolk,CENSUS_1851,P89_falls_within
PLACE_ON012001,CD_ON_Norfolk,CENSUS_1851,P89_falls_within
PLACE_ON012003,CD_ON_Norfolk,CENSUS_1851,P89_falls_within
PLACE_ON025007,CD_ON_Norfolk,CENSUS_1851,P89_falls_within
PLACE_ON158003,CD_ON_Norfolk,CENSUS_1851,P89_falls_within
PLACE_ON024001,CD_ON_Northumberland,CENSUS_1851,P89_falls_within
PLACE_ON024002,CD_ON_Northumberland,CENSUS_1851,P89_falls_within
PLACE_ON123005_1851,CD_ON_Northumberland,CENSUS_1851,P89_falls_within
PLACE_ON055006,CD_ON_Northumberland,CENSUS_1851,P89_falls_within
PLACE_ON055007,CD_ON_Northumberland,CENSUS_1851,P89_falls_within
PLACE_ON132004,CD_ON_Northumberland,CENSUS_1851,P89_falls_within
PLACE_ON054001,CD_ON_Northumberland,CENSUS_1851,P89_falls_within
PLACE_ON049005,CD_ON_Ontario,CENSUS_1851,P89_falls_within
PLACE_ON026007_1851,CD_ON_Ontario,CENSUS_1851,P89_falls_within
PLACE_ON133006,CD_ON_Ontario,CENSUS_1851,P89_falls_within
PLACE_ON089009,CD_ON_Ontario,CENSUS_1851,P89_falls_within
PLACE_ON049001,CD_ON_Ontario,CENSUS_1851,P89_falls_within
PLACE_ON133003,CD_ON_Ontario,CENSUS_1851,P89_falls_within
PLACE_ON049002,CD_ON_Ontario,CENSUS_1851,P89_falls_within
PLACE_ON166006,CD_ON_Oxford,CENSUS_1851,P89_falls_within
PLACE_ON127003,CD_ON_Oxford,CENSUS_1851,P89_falls_within
PLACE_ON013001,CD_ON_Oxford,CENSUS_1851,P89_falls_within
PLACE_ON040002,CD_ON_Peel,CENSUS_1851,P89_falls_within
PLACE_ON136002,CD_ON_Peel,CENSUS_1851,P89_falls_within
PLACE_ON028003,CD_ON_Peel,CENSUS_1851,P89_falls_within
PLACE_ON028004_1851,CD_ON_Peel,CENSUS_1851,P89_falls_within
PLACE_ON029006,CD_ON_Perth,CENSUS_1851,P89_falls_within
PLACE_ON092006,CD_ON_Perth,CENSUS_1851,P89_falls_within
PLACE_ON030006,CD_ON_Perth,CENSUS_1851,P89_falls_within
PLACE_ON030007,CD_ON_Perth,CENSUS_1851,P89_falls_within
PLACE_ON029001,CD_ON_Perth,CENSUS_1851,P89_falls_within
PLACE_ON029003,CD_ON_Perth,CENSUS_1851,P89_falls_within
PLACE_ON137008,CD_ON_Perth,CENSUS_1851,P89_falls_within
PLACE_ON029005,CD_ON_Perth,CENSUS_1851,P89_falls_within
PLACE_ON057004,CD_ON_Peterboro,CENSUS_1851,P89_falls_within
PLACE_ON125017,CD_ON_Peterboro,CENSUS_1851,P89_falls_within
PLACE_ON030003_1851,CD_ON_Peterboro,CENSUS_1851,P89_falls_within
PLACE_ON030008,CD_ON_Peterboro,CENSUS_1851,P89_falls_within
PLACE_ON093006,CD_ON_Peterboro,CENSUS_1851,P89_falls_within
PLACE_ON030004,CD_ON_Peterboro,CENSUS_1851,P89_falls_within
PLACE_ON139001,CD_ON_Prescott,CENSUS_1851,P89_falls_within
PLACE_ON139002,CD_ON_Prescott,CENSUS_1851,P89_falls_within
PLACE_ON119004,CD_ON_Prince_Edward,CENSUS_1851,P89_falls_within
PLACE_ON140002,CD_ON_Prince_Edward,CENSUS_1851,P89_falls_within
PLACE_ON059004,CD_ON_Prince_Edward,CENSUS_1851,P89_falls_within
PLACE_ON095004_1851,CD_ON_Prince_Edward,CENSUS_1851,P89_falls_within
PLACE_ON119008,CD_ON_Prince_Edward,CENSUS_1851,P89_falls_within
PLACE_ON142007,CD_ON_Renfrew,CENSUS_1851,P89_falls_within
PLACE_ON114009,CD_ON_Renfrew,CENSUS_1851,P89_falls_within
PLACE_ON114010,CD_ON_Renfrew,CENSUS_1851,P89_falls_within
PLACE_ON142032,CD_ON_Renfrew,CENSUS_1851,P89_falls_within
PLACE_ON082007,CD_ON_Renfrew,CENSUS_1851,P89_falls_within
PLACE_ON142001,CD_ON_Renfrew,CENSUS_1851,P89_falls_within
PLACE_ON113005,CD_ON_Renfrew,CENSUS_1851,P89_falls_within
PLACE_ON033005,CD_ON_Renfrew,CENSUS_1851,P89_falls_within
PLACE_ON116001,CD_ON_Russell,CENSUS_1851,P89_falls_within
PLACE_ON104001,CD_ON_Russell,CENSUS_1851,P89_falls_within
PLACE_ON143003,CD_ON_Russell,CENSUS_1851,P89_falls_within
PLACE_ON067002,CD_ON_Carleton,CENSUS_1851,P89_falls_within
PLACE_ON143004,CD_ON_Russell,CENSUS_1851,P89_falls_within
PLACE_ON113003,CD_ON_Simcoe,CENSUS_1851,P89_falls_within
PLACE_ON144003,CD_ON_Simcoe,CENSUS_1851,P89_falls_within
PLACE_ON035009,CD_ON_Simcoe,CENSUS_1851,P89_falls_within
PLACE_ON144010,CD_ON_Simcoe,CENSUS_1851,P89_falls_within
PLACE_ON144011,CD_ON_Simcoe,CENSUS_1851,P89_falls_within
PLACE_ON114008_1851,CD_ON_Simcoe,CENSUS_1851,P89_falls_within
PLACE_ON150003,CD_ON_Waterloo,CENSUS_1851,P89_falls_within
PLACE_ON162001,CD_ON_Waterloo,CENSUS_1851,P89_falls_within
PLACE_ON152007,CD_ON_Wellington,CENSUS_1851,P89_falls_within
PLACE_ON035002,CD_ON_Wellington,CENSUS_1851,P89_falls_within
PLACE_ON152002,CD_ON_Wellington,CENSUS_1851,P89_falls_within
PLACE_ON151005,CD_ON_Wellington,CENSUS_1851,P89_falls_within
PLACE_ON151002,CD_ON_Wellington,CENSUS_1851,P89_falls_within
PLACE_ON039005,CD_ON_Wellington,CENSUS_1851,P89_falls_within
PLACE_ON152011,CD_ON_Wellington,CENSUS_1851,P89_falls_within
PLACE_ON152012,CD_ON_Wellington,CENSUS_1851,P89_falls_within
PLACE_ON147005,CD_ON_Wentworth,CENSUS_1851,P89_falls_within
PLACE_ON022003,CD_ON_Wentworth,CENSUS_1851,P89_falls_within
PLACE_ON153003,CD_ON_Wentworth,CENSUS_1851,P89_falls_within
PLACE_ON153008,CD_ON_Wentworth,CENSUS_1851,P89_falls_within
PLACE_ON040008,CD_ON_Welland,CENSUS_1851,P89_falls_within
PLACE_ON040004,CD_ON_Welland,CENSUS_1851,P89_falls_within
PLACE_ON102007,CD_ON_Welland,CENSUS_1851,P89_falls_within
PLACE_ON040003,CD_ON_Welland,CENSUS_1851,P89_falls_within
PLACE_ON040002_1851,CD_ON_Welland,CENSUS_1851,P89_falls_within
PLACE_ON102011,CD_ON_Welland,CENSUS_1851,P89_falls_within
PLACE_ON142007_1851,CD_ON_Welland,CENSUS_1851,P89_falls_within
PLACE_ON065006,CD_ON_Brant,CENSUS_1851,P89_falls_within
PLACE_ON144002,CD_ON_Simcoe,CENSUS_1851,P89_falls_within
PLACE_ON119004_1851,CD_ON_Simcoe,CENSUS_1851,P89_falls_within
PLACE_ON041001,CD_ON_Simcoe,CENSUS_1851,P89_falls_within
PLACE_ON072002,CD_ON_Stormont,CENSUS_1851,P89_falls_within
PLACE_ON072003,CD_ON_Stormont,CENSUS_1851,P89_falls_within
PLACE_ON037006,CD_ON_Victoria,CENSUS_1851,P89_falls_within
PLACE_ON130001,CD_ON_Victoria,CENSUS_1851,P89_falls_within
PLACE_ON052004,CD_ON_Victoria,CENSUS_1851,P89_falls_within
PLACE_ON053002,CD_ON_Victoria,CENSUS_1851,P89_falls_within
PLACE_ON100014,CD_ON_Victoria,CENSUS_1851,P89_falls_within
PLACE_ON037002,CD_ON_Victoria,CENSUS_1851,P89_falls_within
PLACE_ON045004,CD_ON_York,CENSUS_1851,P89_falls_within
PLACE_ON129005,CD_ON_York,CENSUS_1851,P89_falls_within
PLACE_ON083009,CD_ON_Leeds,CENSUS_1851,P89_falls_within
PLACE_ON033009,CD_ON_Renfrew,CENSUS_1851,P89_falls_within
PLACE_ON033007,CD_ON_Renfrew,CENSUS_1851,P89_falls_within
PLACE_ON137009,CD_ON_Ontario,CENSUS_1851,P89_falls_within
PLACE_ON083008,CD_ON_Leeds,CENSUS_1851,P89_falls_within
PLACE_ON083012,CD_ON_Leeds,CENSUS_1851,P89_falls_within
PLACE_ON098001,CD_ON_Simcoe,CENSUS_1851,P89_falls_within
PLACE_ON142009,CD_ON_Welland,CENSUS_1851,P89_falls_within
PLACE_ON083011,CD_ON_Leeds,CENSUS_1851,P89_falls_within
PLACE_ON083010,CD_ON_Leeds,CENSUS_1851,P89_falls_within
PLACE_ON065004,CD_ON_Brant,CENSUS_1851,P89_falls_within
PLACE_ON065008,CD_ON_Brant,CENSUS_1851,P89_falls_within
PLACE_ON108002,CD_ON_Carleton,CENSUS_1851,P89_falls_within
PLACE_ON011009,CD_ON_Grey,CENSUS_1851,P89_falls_within
PLACE_ON006007_1851,CD_ON_Durham,CENSUS_1851,P89_falls_within
PLACE_ON070003,CD_ON_Elgin,CENSUS_1851,P89_falls_within
PLACE_ON007008_1851,CD_ON_Elgin,CENSUS_1851,P89_falls_within
PLACE_ON110006,CD_ON_Essex,CENSUS_1851,P89_falls_within
PLACE_ON008008,CD_ON_Essex,CENSUS_1851,P89_falls_within
PLACE_ON001004,CD_ON_Essex,CENSUS_1851,P89_falls_within
PLACE_ON071999,CD_ON_Essex,CENSUS_1851,P89_falls_within
PLACE_ON008010_1851,CD_ON_Essex,CENSUS_1851,P89_falls_within
PLACE_ON001002,CD_ON_Essex,CENSUS_1851,P89_falls_within
PLACE_ON009003_1851,CD_ON_Frontenac,CENSUS_1851,P89_falls_within
PLACE_ON009999,CD_ON_Frontenac,CENSUS_1851,P89_falls_within
PLACE_ON009001,CD_ON_Frontenac,CENSUS_1851,P89_falls_within
PLACE_ON072015,CD_ON_Frontenac,CENSUS_1851,P89_falls_within
PLACE_ON112001,CD_ON_Glengary,CENSUS_1851,P89_falls_within
PLACE_ON069001_1851,CD_ON_Grenville,CENSUS_1851,P89_falls_within
PLACE_ON074003,CD_ON_Grenville,CENSUS_1851,P89_falls_within
PLACE_ON012005,CD_ON_Grenville,CENSUS_1851,P89_falls_within
PLACE_ON074007,CD_ON_Grenville,CENSUS_1851,P89_falls_within
PLACE_ON011015,CD_ON_Grey,CENSUS_1851,P89_falls_within
PLACE_ON036005,CD_ON_Grey,CENSUS_1851,P89_falls_within
PLACE_ON065006_1851,CD_ON_Grey,CENSUS_1851,P89_falls_within
PLACE_ON076001,CD_ON_Haldimand,CENSUS_1851,P89_falls_within
PLACE_ON076002,CD_ON_Haldimand,CENSUS_1851,P89_falls_within
PLACE_ON146003,CD_ON_Haldimand,CENSUS_1851,P89_falls_within
PLACE_ON013005,CD_ON_Haldimand,CENSUS_1851,P89_falls_within
PLACE_ON014001,CD_ON_Halton,CENSUS_1851,P89_falls_within
PLACE_ON044005,CD_ON_Hamilton,CENSUS_1851,P89_falls_within
PLACE_ON015007_1851,CD_ON_Hastings,CENSUS_1851,P89_falls_within
PLACE_ON061002,CD_ON_Hastings,CENSUS_1851,P89_falls_within
PLACE_ON015006,CD_ON_Hastings,CENSUS_1851,P89_falls_within
PLACE_ON078001,CD_ON_Hastings,CENSUS_1851,P89_falls_within
PLACE_ON016014_1851,CD_ON_Huron,CENSUS_1851,P89_falls_within
PLACE_ON016013,CD_ON_Huron,CENSUS_1851,P89_falls_within
PLACE_ON105007_1851,CD_ON_Huron,CENSUS_1851,P89_falls_within
PLACE_ON119001,CD_ON_Huron,CENSUS_1851,P89_falls_within
PLACE_ON016015,CD_ON_Huron,CENSUS_1851,P89_falls_within
PLACE_ON016012,CD_ON_Huron,CENSUS_1851,P89_falls_within
PLACE_ON079006,CD_ON_Huron,CENSUS_1851,P89_falls_within
PLACE_ON017001,CD_ON_Kent,CENSUS_1851,P89_falls_within
PLACE_ON017002_1851,CD_ON_Kent,CENSUS_1851,P89_falls_within
PLACE_ON017003_1851,CD_ON_Kent,CENSUS_1851,P89_falls_within
PLACE_ON017007,CD_ON_Kent,CENSUS_1851,P89_falls_within
PLACE_ON080002,CD_ON_Kent,CENSUS_1851,P89_falls_within
PLACE_ON045003_1851,"CD_ON_Kingston,_City",CENSUS_1851,P89_falls_within
PLACE_ON004005,CD_ON_Lambton,CENSUS_1851,P89_falls_within
PLACE_ON082012,CD_ON_Lanark,CENSUS_1851,P89_falls_within
PLACE_ON083004,CD_ON_Leeds,CENSUS_1851,P89_falls_within
PLACE_ON083005,CD_ON_Leeds,CENSUS_1851,P89_falls_within
PLACE_ON084006,CD_ON_Addington,CENSUS_1851,P89_falls_within
PLACE_ON021002_1851,CD_ON_Lennox,CENSUS_1851,P89_falls_within
PLACE_ON001004_1851,CD_ON_Addington,CENSUS_1851,P89_falls_within
PLACE_ON085007,CD_ON_Lincoln,CENSUS_1851,P89_falls_within
PLACE_ON021002,CD_ON_Lincoln,CENSUS_1851,P89_falls_within
PLACE_ON085008,CD_ON_Lincoln,CENSUS_1851,P89_falls_within
PLACE_ON086004,CD_ON_Middlesex,CENSUS_1851,P89_falls_within
PLACE_ON023006,CD_ON_Middlesex,CENSUS_1851,P89_falls_within
PLACE_ON023003,CD_ON_Middlesex,CENSUS_1851,P89_falls_within
PLACE_ON025006_1851,CD_ON_Norfolk,CENSUS_1851,P89_falls_within
PLACE_ON087004,CD_ON_Norfolk,CENSUS_1851,P89_falls_within
PLACE_ON102001,CD_ON_Northumberland,CENSUS_1851,P89_falls_within
PLACE_ON026008_1851,CD_ON_Ontario,CENSUS_1851,P89_falls_within
PLACE_ON026001,CD_ON_Ontario,CENSUS_1851,P89_falls_within
PLACE_ON046001,CD_ON_Bytown,CENSUS_1851,P89_falls_within
PLACE_ON046003_1851,CD_ON_Bytown,CENSUS_1851,P89_falls_within
PLACE_ON090006,CD_ON_Oxford,CENSUS_1851,P89_falls_within
PLACE_ON090013,CD_ON_Oxford,CENSUS_1851,P89_falls_within
PLACE_ON027002,CD_ON_Oxford,CENSUS_1851,P89_falls_within
PLACE_ON090012,CD_ON_Oxford,CENSUS_1851,P89_falls_within
PLACE_ON027007,CD_ON_Oxford,CENSUS_1851,P89_falls_within
PLACE_ON090010,CD_ON_Oxford,CENSUS_1851,P89_falls_within
PLACE_ON090009,CD_ON_Oxford,CENSUS_1851,P89_falls_within
PLACE_ON090011,CD_ON_Oxford,CENSUS_1851,P89_falls_within
PLACE_ON027012_1851,CD_ON_Oxford,CENSUS_1851,P89_falls_within
PLACE_ON136005,CD_ON_Peel,CENSUS_1851,P89_falls_within
PLACE_ON029007,CD_ON_Perth,CENSUS_1851,P89_falls_within
PLACE_ON029008_1851,CD_ON_Perth,CENSUS_1851,P89_falls_within
PLACE_ON057006_1851,CD_ON_Peterboro,CENSUS_1851,P89_falls_within
PLACE_ON030005_1851,CD_ON_Peterboro,CENSUS_1851,P89_falls_within
PLACE_ON088009,CD_ON_Northumberland,CENSUS_1851,P89_falls_within
PLACE_ON114003,CD_ON_Prescott,CENSUS_1851,P89_falls_within
PLACE_ON031002,CD_ON_Prescott,CENSUS_1851,P89_falls_within
PLACE_ON075004,CD_ON_Prescott,CENSUS_1851,P89_falls_within
PLACE_ON139006,CD_ON_Prescott,CENSUS_1851,P89_falls_within
PLACE_ON139007,CD_ON_Prescott,CENSUS_1851,P89_falls_within
PLACE_ON095005,CD_ON_Prince_Edward,CENSUS_1851,P89_falls_within
PLACE_ON059005,CD_ON_Prince_Edward,CENSUS_1851,P89_falls_within
PLACE_ON096006,CD_ON_Renfrew,CENSUS_1851,P89_falls_within
PLACE_ON033011,CD_ON_Renfrew,CENSUS_1851,P89_falls_within
PLACE_ON067009,CD_ON_Carleton,CENSUS_1851,P89_falls_within
PLACE_ON098014,CD_ON_Simcoe,CENSUS_1851,P89_falls_within
PLACE_ON035007_1851,CD_ON_Simcoe,CENSUS_1851,P89_falls_within
PLACE_ON047001,CD_ON_London,CENSUS_1851,P89_falls_within
PLACE_ON047003_1851,CD_ON_London,CENSUS_1851,P89_falls_within
PLACE_ON047004_1851,CD_ON_London,CENSUS_1851,P89_falls_within
PLACE_ON047002,CD_ON_London,CENSUS_1851,P89_falls_within
PLACE_ON038002,CD_ON_Waterloo,CENSUS_1851,P89_falls_within
PLACE_ON101002,CD_ON_Waterloo,CENSUS_1851,P89_falls_within
PLACE_ON038003,CD_ON_Waterloo,CENSUS_1851,P89_falls_within
PLACE_ON038006_1851,CD_ON_Waterloo,CENSUS_1851,P89_falls_within
PLACE_ON122006,CD_ON_Waterloo,CENSUS_1851,P89_falls_within
PLACE_ON153004,CD_ON_Wentworth,CENSUS_1851,P89_falls_within
PLACE_ON104006,CD_ON_Wentworth,CENSUS_1851,P89_falls_within
PLACE_ON104007,CD_ON_Wentworth,CENSUS_1851,P89_falls_within
PLACE_ON153007,CD_ON_Wentworth,CENSUS_1851,P89_falls_within
PLACE_ON108005,CD_ON_Hamilton,CENSUS_1851,P89_falls_within
PLACE_ON108003,CD_ON_Hamilton,CENSUS_1851,P89_falls_within
PLACE_ON108004,CD_ON_Hamilton,CENSUS_1851,P89_falls_within
PLACE_ON102006_1851,CD_ON_Welland,CENSUS_1851,P89_falls_within
PLACE_ON040009_1851,CD_ON_Welland,CENSUS_1851,P89_falls_within
PLACE_ON103009,CD_ON_Wellington,CENSUS_1851,P89_falls_within
PLACE_ON144015,CD_ON_Simcoe,CENSUS_1851,P89_falls_within
PLACE_ON098002,CD_ON_Simcoe,CENSUS_1851,P89_falls_within
PLACE_ON036001_1851,CD_ON_Stormont,CENSUS_1851,P89_falls_within
PLACE_ON101001_1851,CD_ON_Stormont,CENSUS_1851,P89_falls_within
PLACE_ON099001,CD_ON_Stormont,CENSUS_1851,P89_falls_within
PLACE_ON043001,"CD_ON_Toronto,_City",CENSUS_1851,P89_falls_within
PLACE_ON042005,CD_ON_York,CENSUS_1851,P89_falls_within
PLACE_ON052005,CD_ON_Victoria,CENSUS_1851,P89_falls_within
PLACE_ON136004,CD_ON_York,CENSUS_1851,P89_falls_within
PLACE_ON044002,CD_ON_York,CENSUS_1851,P89_falls_within
PLACE_ON105006_1851,CD_ON_York,CENSUS_1851,P89_falls_within
PLACE_ON105010_1851,CD_ON_York,CENSUS_1851,P89_falls_within
PLACE_ON042007,CD_ON_York,CENSUS_1851,P89_falls_within
PLACE_ON093012,CD_ON_Peterboro,CENSUS_1851,P89_falls_within
PLACE_ON104005,CD_ON_Wentworth,CENSUS_1851,P89_falls_within
PLACE_ON108001,CD_ON_Hamilton,CENSUS_1851,P89_falls_within
PLACE_ON088004,CD_ON_Northumberland,CENSUS_1851,P89_falls_within
PLACE_ON045007,"CD_ON_Kingston,_City",CENSUS_1851,P89_falls_within
PLACE_ON045001_1851,"CD_ON_Kingston,_City",CENSUS_1851,P89_falls_within
PLACE_ON045002_1851,"CD_ON_Kingston,_City",CENSUS_1851,P89_falls_within
PLACE_ON045004_1851,"CD_ON_Kingston,_City",CENSUS_1851,P89_falls_within
PLACE_ON045005,"CD_ON_Kingston,_City",CENSUS_1851,P89_falls_within
PLACE_ON045006_1851,"CD_ON_Kingston,_City",CENSUS_1851,P89_falls_within
PLACE_ON083002,CD_ON_Leeds,CENSUS_1851,P89_falls_within
PLACE_ON082003,CD_ON_Lanark,CENSUS_1851,P89_falls_within
PLACE_ON065007,CD_ON_Brant,CENSUS_1851,P89_falls_within
PLACE_ON082009,CD_ON_Lanark,CENSUS_1851,P89_falls_within
PLACE_ON083003,CD_ON_Leeds,CENSUS_1851,P89_falls_within
PLACE_ON026011_1851,CD_ON_Ontario,CENSUS_1851,P89_falls_within
PLACE_ON045009,"CD_ON_Kingston,_City",CENSUS_1851,P89_falls_within
PLACE_ON045008,"CD_ON_Kingston,_City",CENSUS_1851,P89_falls_within
PLACE_ON045010,"CD_ON_Kingston,_City",CENSUS_1851,P89_falls_within
PLACE_ON045013,"CD_ON_Kingston,_City",CENSUS_1851,P89_falls_within
PLACE_ON045011,"CD_ON_Kingston,_City",CENSUS_1851,P89_falls_within
PLACE_ON045012,"CD_ON_Kingston,_City",CENSUS_1851,P89_falls_within
PLACE_ON018011,CD_ON_Lambton,CENSUS_1851,P89_falls_within
PLACE_ON018009,CD_ON_Lambton,CENSUS_1851,P89_falls_within
PLACE_ON025008_1851,CD_ON_Norfolk,CENSUS_1851,P89_falls_within
PLACE_ON013008,CD_ON_Haldimand,CENSUS_1851,P89_falls_within
PLACE_ON044006,CD_ON_Hamilton,CENSUS_1851,P89_falls_within
PLACE_ON029004_1851,CD_ON_Perth,CENSUS_1851,P89_falls_within
PLACE_ON015010,CD_ON_Hastings,CENSUS_1851,P89_falls_within
PLACE_ON015004_1851,CD_ON_Hastings,CENSUS_1851,P89_falls_within
PLACE_ON015011_1851,CD_ON_Hastings,CENSUS_1851,P89_falls_within
PLACE_ON035002_1851,CD_ON_Simcoe,CENSUS_1851,P89_falls_within
PLACE_ON035010,CD_ON_Simcoe,CENSUS_1851,P89_falls_within
PLACE_ON042008,CD_ON_York,CENSUS_1851,P89_falls_within
PLACE_ON043002,"CD_ON_Toronto,_City",CENSUS_1851,P89_falls_within
PLACE_ON043004,"CD_ON_Toronto,_City",CENSUS_1851,P89_falls_within
PLACE_ON043007,"CD_ON_Toronto,_City",CENSUS_1851,P89_falls_within
PLACE_ON043009,"CD_ON_Toronto,_City",CENSUS_1851,P89_falls_within
PLACE_ON043008,"CD_ON_Toronto,_City",CENSUS_1851,P89_falls_within
PLACE_ON043006,"CD_ON_Toronto,_City",CENSUS_1851,P89_falls_within
PLACE_ON043003,"CD_ON_Toronto,_City",CENSUS_1851,P89_falls_within
PLACE_ON043005,"CD_ON_Toronto,_City",CENSUS_1851,P89_falls_within
PLACE_ON043010,"CD_ON_Toronto,_City",CENSUS_1851,P89_falls_within
PLACE_ON046002_1851,CD_ON_Bytown,CENSUS_1851,P89_falls_within
PLACE_ON033002,CD_ON_Renfrew,CENSUS_1851,P89_falls_within
PLACE_NT999999,CD_NT_The_Territories,CENSUS_1851,P89_falls_within
PLACE_ON011004_1851,CD_ON_Grey,CENSUS_1851,P89_falls_within
PLACE_NL998999,CD_NL_Newfoundland,CENSUS_1851,P89_falls_within
PLACE_PE997999,CD_PE_Prince_Edward_Island,CENSUS_1851,P89_falls_within
PLACE_NS996999,CD_NS_Nova_Scotia,CENSUS_1851,P89_falls_within
PLACE_NB995999,CD_NB_New_Brunswick,CENSUS_1851,P89_falls_within
PLACE_QC080013_1851,CD_QC_Two_Mountains,CENSUS_1851,P89_falls_within
PLACE_QC080017_1851,CD_QC_Two_Mountains,CENSUS_1851,P89_falls_within
PLACE_QC080015_1851,CD_QC_Two_Mountains,CENSUS_1851,P89_falls_within
PLACE_QC080999,CD_QC_Two_Mountains,CENSUS_1851,P89_falls_within
PLACE_QC080011,CD_QC_Two_Mountains,CENSUS_1851,P89_falls_within
PLACE_QC055002_1851,CD_QC_Drummond,CENSUS_1851,P89_falls_within
PLACE_QC078009,CD_QC_St._Hyacinthe,CENSUS_1851,P89_falls_within
PLACE_QC078008,CD_QC_St._Hyacinthe,CENSUS_1851,P89_falls_within
PLACE_QC078010_1851,CD_QC_St._Hyacinthe,CENSUS_1851,P89_falls_within
PLACE_QC078011,CD_QC_St._Hyacinthe,CENSUS_1851,P89_falls_within
PLACE_QC054012_1851,CD_QC_Dorchester,CENSUS_1851,P89_falls_within
PLACE_QC054016_1851,CD_QC_Dorchester,CENSUS_1851,P89_falls_within
PLACE_QC054015_1851,CD_QC_Dorchester,CENSUS_1851,P89_falls_within
PLACE_QC054017_1851,CD_QC_Dorchester,CENSUS_1851,P89_falls_within
PLACE_QC054014_1851,CD_QC_Dorchester,CENSUS_1851,P89_falls_within
PLACE_QC054013_1851,CD_QC_Dorchester,CENSUS_1851,P89_falls_within
PLACE_QC032001,CD_QC_Megantic,CENSUS_1851,P89_falls_within
PLACE_QC062999,CD_QC_Megantic,CENSUS_1851,P89_falls_within
PLACE_QC005018,CD_QC_Megantic,CENSUS_1851,P89_falls_within
PLACE_QC005007,CD_QC_Megantic,CENSUS_1851,P89_falls_within
PLACE_QC048011,CD_QC_Beauharnois,CENSUS_1851,P89_falls_within
PLACE_QC048010,CD_QC_Beauharnois,CENSUS_1851,P89_falls_within
PLACE_QC048005_1851,CD_QC_Beauharnois,CENSUS_1851,P89_falls_within
PLACE_QC049011,CD_QC_Bellechasse,CENSUS_1851,P89_falls_within
PLACE_QC049007,CD_QC_Bellechasse,CENSUS_1851,P89_falls_within
PLACE_QC141003,CD_QC_Bellechasse,CENSUS_1851,P89_falls_within
PLACE_QC141002,CD_QC_Bellechasse,CENSUS_1851,P89_falls_within
PLACE_QC007005,CD_QC_Bellechasse,CENSUS_1851,P89_falls_within
PLACE_QC007006,CD_QC_Bellechasse,CENSUS_1851,P89_falls_within
PLACE_QC049999,CD_QC_Bellechasse,CENSUS_1851,P89_falls_within
PLACE_QC049004,CD_QC_Bellechasse,CENSUS_1851,P89_falls_within
PLACE_QC049003,CD_QC_Bellechasse,CENSUS_1851,P89_falls_within
PLACE_QC142003,CD_QC_Berthier,CENSUS_1851,P89_falls_within
PLACE_QC142005,CD_QC_Berthier,CENSUS_1851,P89_falls_within
PLACE_QC147004,CD_QC_Berthier,CENSUS_1851,P89_falls_within
PLACE_QC147005,CD_QC_Berthier,CENSUS_1851,P89_falls_within
PLACE_QC043012,CD_QC_Berthier,CENSUS_1851,P89_falls_within
PLACE_QC009001,CD_QC_Bonaventure,CENSUS_1851,P89_falls_within
PLACE_QC169004,CD_QC_Bonaventure,CENSUS_1851,P89_falls_within
PLACE_QC169002,CD_QC_Bonaventure,CENSUS_1851,P89_falls_within
PLACE_QC169006,CD_QC_Bonaventure,CENSUS_1851,P89_falls_within
PLACE_QC169011,CD_QC_Bonaventure,CENSUS_1851,P89_falls_within
PLACE_QC169003,CD_QC_Bonaventure,CENSUS_1851,P89_falls_within
PLACE_QC169005,CD_QC_Bonaventure,CENSUS_1851,P89_falls_within
PLACE_QC051008_1851,CD_QC_Bonaventure,CENSUS_1851,P89_falls_within
PLACE_QC051001_1851,CD_QC_Bonaventure,CENSUS_1851,P89_falls_within
PLACE_QC169010,CD_QC_Bonaventure,CENSUS_1851,P89_falls_within
PLACE_QC009999,CD_QC_Bonaventure,CENSUS_1851,P89_falls_within
PLACE_QC077004_1851,CD_QC_Stanstead,CENSUS_1851,P89_falls_within
PLACE_QC075008_1851,CD_QC_Shefford,CENSUS_1851,P89_falls_within
PLACE_QC075007,CD_QC_Shefford,CENSUS_1851,P89_falls_within
PLACE_QC077005_1851,CD_QC_Stanstead,CENSUS_1851,P89_falls_within
PLACE_QC063001_1851,CD_QC_Missisquoi,CENSUS_1851,P89_falls_within
PLACE_QC052004,CD_QC_Chambly,CENSUS_1851,P89_falls_within
PLACE_QC052002,CD_QC_Chambly,CENSUS_1851,P89_falls_within
PLACE_QC052005,CD_QC_Chambly,CENSUS_1851,P89_falls_within
PLACE_QC082004,CD_QC_Verchères,CENSUS_1851,P89_falls_within
PLACE_QC145013,CD_QC_Verchères,CENSUS_1851,P89_falls_within
PLACE_QC098003,CD_QC_Verchères,CENSUS_1851,P89_falls_within
PLACE_QC082007_1851,CD_QC_Verchères,CENSUS_1851,P89_falls_within
PLACE_QC082005,CD_QC_Verchères,CENSUS_1851,P89_falls_within
PLACE_QC119006,CD_QC_Verchères,CENSUS_1851,P89_falls_within
PLACE_QC145007,CD_QC_Chambly,CENSUS_1851,P89_falls_within
PLACE_QC053004,CD_QC_Champlain,CENSUS_1851,P89_falls_within
PLACE_QC053003,CD_QC_Champlain,CENSUS_1851,P89_falls_within
PLACE_QC053001_1851,CD_QC_Champlain,CENSUS_1851,P89_falls_within
PLACE_QC053002_1851,CD_QC_Champlain,CENSUS_1851,P89_falls_within
PLACE_QC012007,CD_QC_Champlain,CENSUS_1851,P89_falls_within
PLACE_QC053005,CD_QC_Champlain,CENSUS_1851,P89_falls_within
PLACE_QC047017,CD_QC_Champlain,CENSUS_1851,P89_falls_within
PLACE_QC074001_1851,CD_QC_Saguenay,CENSUS_1851,P89_falls_within
PLACE_QC074004_1851,CD_QC_Saguenay,CENSUS_1851,P89_falls_within
PLACE_QC074005_1851,CD_QC_Saguenay,CENSUS_1851,P89_falls_within
PLACE_QC074009_1851,CD_QC_Saguenay,CENSUS_1851,P89_falls_within
PLACE_QC074003_1851,CD_QC_Saguenay,CENSUS_1851,P89_falls_within
PLACE_QC074010_1851,CD_QC_Saguenay,CENSUS_1851,P89_falls_within
PLACE_QC074007_1851,CD_QC_Saguenay,CENSUS_1851,P89_falls_within
PLACE_QC074006_1851,CD_QC_Saguenay,CENSUS_1851,P89_falls_within
PLACE_QC074011_1851,CD_QC_Saguenay,CENSUS_1851,P89_falls_within
PLACE_QC074002_1851,CD_QC_Saguenay,CENSUS_1851,P89_falls_within
PLACE_QC048014,CD_QC_Beauharnois,CENSUS_1851,P89_falls_within
PLACE_QC057007_1851,CD_QC_Huntingdon,CENSUS_1851,P89_falls_within
PLACE_QC048016,CD_QC_Beauharnois,CENSUS_1851,P89_falls_within
PLACE_QC048017,CD_QC_Beauharnois,CENSUS_1851,P89_falls_within
PLACE_QC057006_1851,CD_QC_Huntingdon,CENSUS_1851,P89_falls_within
PLACE_QC048008_1851,CD_QC_Beauharnois,CENSUS_1851,P89_falls_within
PLACE_QC074022,CD_QC_Saguenay,CENSUS_1851,P89_falls_within
PLACE_QC074023,CD_QC_Saguenay,CENSUS_1851,P89_falls_within
PLACE_QC074024_1851,CD_QC_Saguenay,CENSUS_1851,P89_falls_within
PLACE_QC076010_1851,CD_QC_Sherbrooke,CENSUS_1851,P89_falls_within
PLACE_QC076002_1851,CD_QC_Sherbrooke,CENSUS_1851,P89_falls_within
PLACE_QC076004_1851,CD_QC_Sherbrooke,CENSUS_1851,P89_falls_within
PLACE_QC076008_1851,CD_QC_Sherbrooke,CENSUS_1851,P89_falls_within
PLACE_QC076001_1851,CD_QC_Sherbrooke,CENSUS_1851,P89_falls_within
PLACE_QC076011_1851,CD_QC_Sherbrooke,CENSUS_1851,P89_falls_within
PLACE_QC076018_1851,CD_QC_Sherbrooke,CENSUS_1851,P89_falls_within
PLACE_QC076020_1851,CD_QC_Sherbrooke,CENSUS_1851,P89_falls_within
PLACE_QC080006_1851,CD_QC_Two_Mountains,CENSUS_1851,P89_falls_within
PLACE_QC097006,CD_QC_Two_Mountains,CENSUS_1851,P89_falls_within
PLACE_QC097007,CD_QC_Two_Mountains,CENSUS_1851,P89_falls_within
PLACE_QC080005_1851,CD_QC_Two_Mountains,CENSUS_1851,P89_falls_within
PLACE_QC080008,CD_QC_Two_Mountains,CENSUS_1851,P89_falls_within
PLACE_QC052007,CD_QC_Two_Mountains,CENSUS_1851,P89_falls_within
PLACE_QC052010,CD_QC_Two_Mountains,CENSUS_1851,P89_falls_within
PLACE_QC080003,CD_QC_Two_Mountains,CENSUS_1851,P89_falls_within
PLACE_QC160001,CD_QC_Dorchester,CENSUS_1851,P89_falls_within
PLACE_QC159001,CD_QC_Dorchester,CENSUS_1851,P89_falls_within
PLACE_QC054009_1851,CD_QC_Dorchester,CENSUS_1851,P89_falls_within
PLACE_QC017003,CD_QC_Dorchester,CENSUS_1851,P89_falls_within
PLACE_QC159002,CD_QC_Dorchester,CENSUS_1851,P89_falls_within
PLACE_QC049012,CD_QC_Bellechasse,CENSUS_1851,P89_falls_within
PLACE_QC054010,CD_QC_Dorchester,CENSUS_1851,P89_falls_within
PLACE_QC017002,CD_QC_Dorchester,CENSUS_1851,P89_falls_within
PLACE_QC055006,CD_QC_Drummond,CENSUS_1851,P89_falls_within
PLACE_QC055004_1851,CD_QC_Drummond,CENSUS_1851,P89_falls_within
PLACE_QC055005_1851,CD_QC_Drummond,CENSUS_1851,P89_falls_within
PLACE_QC055013_1851,CD_QC_Drummond,CENSUS_1851,P89_falls_within
PLACE_QC055014_1851,CD_QC_Drummond,CENSUS_1851,P89_falls_within
PLACE_QC055011_1851,CD_QC_Drummond,CENSUS_1851,P89_falls_within
PLACE_QC055009_1851,CD_QC_Drummond,CENSUS_1851,P89_falls_within
PLACE_QC055008_1851,CD_QC_Drummond,CENSUS_1851,P89_falls_within
PLACE_QC055010_1851,CD_QC_Drummond,CENSUS_1851,P89_falls_within
PLACE_QC055003_1851,CD_QC_Drummond,CENSUS_1851,P89_falls_within
PLACE_QC056010,CD_QC_Gaspé,CENSUS_1851,P89_falls_within
PLACE_QC019002,CD_QC_Gaspé,CENSUS_1851,P89_falls_within
PLACE_QC056005_1851,CD_QC_Gaspé,CENSUS_1851,P89_falls_within
PLACE_QC019017,CD_QC_Gaspé,CENSUS_1851,P89_falls_within
PLACE_QC056009_1851,CD_QC_Gaspé,CENSUS_1851,P89_falls_within
PLACE_QC019007,CD_QC_Gaspé,CENSUS_1851,P89_falls_within
PLACE_QC056004_1851,CD_QC_Gaspé,CENSUS_1851,P89_falls_within
PLACE_QC056003_1851,CD_QC_Gaspé,CENSUS_1851,P89_falls_within
PLACE_QC056999,CD_QC_Gaspé,CENSUS_1851,P89_falls_within
PLACE_QC065011_1851,CD_QC_Montréal,CENSUS_1851,P89_falls_within
PLACE_QC048003_1851,CD_QC_Beauharnois,CENSUS_1851,P89_falls_within
PLACE_QC048015_1851,CD_QC_Beauharnois,CENSUS_1851,P89_falls_within
PLACE_QC048009_1851,CD_QC_Beauharnois,CENSUS_1851,P89_falls_within
PLACE_QC048012,CD_QC_Beauharnois,CENSUS_1851,P89_falls_within
PLACE_QC048007_1851,CD_QC_Beauharnois,CENSUS_1851,P89_falls_within
PLACE_QC048001_1851,CD_QC_Beauharnois,CENSUS_1851,P89_falls_within
PLACE_QC065012_1851,CD_QC_Montréal,CENSUS_1851,P89_falls_within
PLACE_QC065007_1851,CD_QC_Montréal,CENSUS_1851,P89_falls_within
PLACE_QC065006,CD_QC_Montréal,CENSUS_1851,P89_falls_within
PLACE_QC065008_1851,CD_QC_Montréal,CENSUS_1851,P89_falls_within
PLACE_QC065005_1851,CD_QC_Montréal,CENSUS_1851,P89_falls_within
PLACE_QC080007_1851,CD_QC_Two_Mountains,CENSUS_1851,P89_falls_within
PLACE_QC050014,CD_QC_Berthier,CENSUS_1851,P89_falls_within
PLACE_QC050008,CD_QC_Berthier,CENSUS_1851,P89_falls_within
PLACE_QC050015_1851,CD_QC_Berthier,CENSUS_1851,P89_falls_within
PLACE_QC050010,CD_QC_Berthier,CENSUS_1851,P89_falls_within
PLACE_QC050011,CD_QC_Berthier,CENSUS_1851,P89_falls_within
PLACE_QC050016_1851,CD_QC_Berthier,CENSUS_1851,P89_falls_within
PLACE_QC158013,CD_QC_Berthier,CENSUS_1851,P89_falls_within
PLACE_QC158014,CD_QC_Berthier,CENSUS_1851,P89_falls_within
PLACE_QC058003,CD_QC_Kamouraska,CENSUS_1851,P89_falls_within
PLACE_QC042001,CD_QC_Kamouraska,CENSUS_1851,P89_falls_within
PLACE_QC026008,CD_QC_Kamouraska,CENSUS_1851,P89_falls_within
PLACE_QC058005,CD_QC_Kamouraska,CENSUS_1851,P89_falls_within
PLACE_QC067004,CD_QC_Outaouais,CENSUS_1851,P89_falls_within
PLACE_QC067999,CD_QC_Outaouais,CENSUS_1851,P89_falls_within
PLACE_QC067018,CD_QC_Outaouais,CENSUS_1851,P89_falls_within
PLACE_QC094004,CD_QC_Outaouais,CENSUS_1851,P89_falls_within
PLACE_QC057001,CD_QC_Huntingdon,CENSUS_1851,P89_falls_within
PLACE_QC057008_1851,CD_QC_Huntingdon,CENSUS_1851,P89_falls_within
PLACE_QC057003_1851,CD_QC_Huntingdon,CENSUS_1851,P89_falls_within
PLACE_QC057005_1851,CD_QC_Huntingdon,CENSUS_1851,P89_falls_within
PLACE_QC057009_1851,CD_QC_Huntingdon,CENSUS_1851,P89_falls_within
PLACE_QC057004_1851,CD_QC_Huntingdon,CENSUS_1851,P89_falls_within
PLACE_QC057002_1851,CD_QC_Huntingdon,CENSUS_1851,P89_falls_within
PLACE_QC057011_1851,CD_QC_Huntingdon,CENSUS_1851,P89_falls_within
PLACE_QC057010,CD_QC_Huntingdon,CENSUS_1851,P89_falls_within
PLACE_QC057014_1851,CD_QC_Huntingdon,CENSUS_1851,P89_falls_within
PLACE_QC057018,CD_QC_Huntingdon,CENSUS_1851,P89_falls_within
PLACE_QC059001,CD_QC_Leinster,CENSUS_1851,P89_falls_within
PLACE_QC059004,CD_QC_Leinster,CENSUS_1851,P89_falls_within
PLACE_QC059006_1851,CD_QC_Leinster,CENSUS_1851,P89_falls_within
PLACE_QC059007,CD_QC_Leinster,CENSUS_1851,P89_falls_within
PLACE_QC059011,CD_QC_Leinster,CENSUS_1851,P89_falls_within
PLACE_QC059003_1851,CD_QC_Leinster,CENSUS_1851,P89_falls_within
PLACE_QC059002,CD_QC_Leinster,CENSUS_1851,P89_falls_within
PLACE_QC065002_1851,CD_QC_Montréal,CENSUS_1851,P89_falls_within
PLACE_QC065003_1851,CD_QC_Montréal,CENSUS_1851,P89_falls_within
PLACE_QC079010_1851,CD_QC_Terrebonne,CENSUS_1851,P89_falls_within
PLACE_QC079012_1851,CD_QC_Terrebonne,CENSUS_1851,P89_falls_within
PLACE_QC079011,CD_QC_Terrebonne,CENSUS_1851,P89_falls_within
PLACE_QC065001_1851,CD_QC_Montréal,CENSUS_1851,P89_falls_within
PLACE_QC065004_1851,CD_QC_Montréal,CENSUS_1851,P89_falls_within
PLACE_QC054005_1851,CD_QC_Dorchester,CENSUS_1851,P89_falls_within
PLACE_QC054003,CD_QC_Dorchester,CENSUS_1851,P89_falls_within
PLACE_QC054001_1851,CD_QC_Dorchester,CENSUS_1851,P89_falls_within
PLACE_QC054004,CD_QC_Dorchester,CENSUS_1851,P89_falls_within
PLACE_QC023002,CD_QC_L’Islet,CENSUS_1851,P89_falls_within
PLACE_QC060005,CD_QC_L’Islet,CENSUS_1851,P89_falls_within
PLACE_QC060004,CD_QC_L’Islet,CENSUS_1851,P89_falls_within
PLACE_QC060999,CD_QC_L’Islet,CENSUS_1851,P89_falls_within
PLACE_QC060003,CD_QC_L’Islet,CENSUS_1851,P89_falls_within
PLACE_QC171002,CD_QC_Lotbinière,CENSUS_1851,P89_falls_within
PLACE_QC061005,CD_QC_Lotbinière,CENSUS_1851,P89_falls_within
PLACE_QC061006_1851,CD_QC_Lotbinière,CENSUS_1851,P89_falls_within
PLACE_QC030006,CD_QC_Lotbinière,CENSUS_1851,P89_falls_within
PLACE_QC061003,CD_QC_Lotbinière,CENSUS_1851,P89_falls_within
PLACE_QC061002,CD_QC_Lotbinière,CENSUS_1851,P89_falls_within
PLACE_QC061007_1851,CD_QC_Lotbinière,CENSUS_1851,P89_falls_within
PLACE_QC155012,CD_QC_Lotbinière,CENSUS_1851,P89_falls_within
PLACE_QC128008,CD_QC_St._Maurice,CENSUS_1851,P89_falls_within
PLACE_QC073007_1851,CD_QC_St._Maurice,CENSUS_1851,P89_falls_within
PLACE_QC073012,CD_QC_St._Maurice,CENSUS_1851,P89_falls_within
PLACE_QC073013,CD_QC_St._Maurice,CENSUS_1851,P89_falls_within
PLACE_QC128005,CD_QC_St._Maurice,CENSUS_1851,P89_falls_within
PLACE_QC128007,CD_QC_St._Maurice,CENSUS_1851,P89_falls_within
PLACE_QC085005,CD_QC_St._Maurice,CENSUS_1851,P89_falls_within
PLACE_QC062005,CD_QC_Megantic,CENSUS_1851,P89_falls_within
PLACE_QC156005,CD_QC_Megantic,CENSUS_1851,P89_falls_within
PLACE_QC062007,CD_QC_Megantic,CENSUS_1851,P89_falls_within
PLACE_QC050010_1851,CD_QC_Megantic,CENSUS_1851,P89_falls_within
PLACE_QC156006,CD_QC_Megantic,CENSUS_1851,P89_falls_within
PLACE_QC062004,CD_QC_Megantic,CENSUS_1851,P89_falls_within
PLACE_QC156009,CD_QC_Megantic,CENSUS_1851,P89_falls_within
PLACE_QC033001,CD_QC_Missisquoi,CENSUS_1851,P89_falls_within
PLACE_QC033006,CD_QC_Missisquoi,CENSUS_1851,P89_falls_within
PLACE_QC072006,CD_QC_Missisquoi,CENSUS_1851,P89_falls_within
PLACE_QC072005_1851,CD_QC_Rouville,CENSUS_1851,P89_falls_within
PLACE_QC072008_1851,CD_QC_Rouville,CENSUS_1851,P89_falls_within
PLACE_QC065012,CD_QC_Missisquoi,CENSUS_1851,P89_falls_within
PLACE_QC033004,CD_QC_Missisquoi,CENSUS_1851,P89_falls_within
PLACE_QC059010_1851,CD_QC_Leinster,CENSUS_1851,P89_falls_within
PLACE_QC059012_1851,CD_QC_Leinster,CENSUS_1851,P89_falls_within
PLACE_QC059008_1851,CD_QC_Leinster,CENSUS_1851,P89_falls_within
PLACE_QC059009,CD_QC_Leinster,CENSUS_1851,P89_falls_within
PLACE_QC059013_1851,CD_QC_Leinster,CENSUS_1851,P89_falls_within
PLACE_QC059014,CD_QC_Leinster,CENSUS_1851,P89_falls_within
PLACE_QC059015_1851,CD_QC_Leinster,CENSUS_1851,P89_falls_within
PLACE_QC049002_1851,CD_QC_Bellechasse,CENSUS_1851,P89_falls_within
PLACE_QC049001_1851,CD_QC_Bellechasse,CENSUS_1851,P89_falls_within
PLACE_QC060009,CD_QC_L’Islet,CENSUS_1851,P89_falls_within
PLACE_QC060002_1851,CD_QC_L’Islet,CENSUS_1851,P89_falls_within
PLACE_QC060001_1851,CD_QC_L’Islet,CENSUS_1851,P89_falls_within
PLACE_QC075001,CD_QC_Montmorenci,CENSUS_1851,P89_falls_within
PLACE_QC178003,CD_QC_Montmorenci,CENSUS_1851,P89_falls_within
PLACE_QC078013,CD_QC_Montmorenci,CENSUS_1851,P89_falls_within
PLACE_QC075005,CD_QC_Montmorenci,CENSUS_1851,P89_falls_within
PLACE_QC148011,CD_QC_Montmorenci,CENSUS_1851,P89_falls_within
PLACE_QC075007_1851,CD_QC_Montmorenci,CENSUS_1851,P89_falls_within
PLACE_QC075008,CD_QC_Montmorenci,CENSUS_1851,P89_falls_within
PLACE_QC036009,CD_QC_Montmorenci,CENSUS_1851,P89_falls_within
PLACE_QC075010,CD_QC_Montmorenci,CENSUS_1851,P89_falls_within
PLACE_QC148002,CD_QC_Montmorenci,CENSUS_1851,P89_falls_within
PLACE_QC085000,"CD_QC_Montréal,_cité",CENSUS_1851,P89_falls_within
PLACE_QC038001,CD_QC_Nicolet,CENSUS_1851,P89_falls_within
PLACE_QC066006,CD_QC_Nicolet,CENSUS_1851,P89_falls_within
PLACE_QC066008_1851,CD_QC_Nicolet,CENSUS_1851,P89_falls_within
PLACE_QC038005,CD_QC_Nicolet,CENSUS_1851,P89_falls_within
PLACE_QC055001_1851,CD_QC_Drummond,CENSUS_1851,P89_falls_within
PLACE_QC038007,CD_QC_Nicolet,CENSUS_1851,P89_falls_within
PLACE_QC038008,CD_QC_Nicolet,CENSUS_1851,P89_falls_within
PLACE_QC038009,CD_QC_Nicolet,CENSUS_1851,P89_falls_within
PLACE_QC040011,CD_QC_Outaouais,CENSUS_1851,P89_falls_within
PLACE_QC091011,CD_QC_Outaouais,CENSUS_1851,P89_falls_within
PLACE_QC098004,CD_QC_Outaouais,CENSUS_1851,P89_falls_within
PLACE_QC067005_1851,CD_QC_Outaouais,CENSUS_1851,P89_falls_within
PLACE_QC079008,CD_QC_Outaouais,CENSUS_1851,P89_falls_within
PLACE_QC067011,CD_QC_Outaouais,CENSUS_1851,P89_falls_within
PLACE_QC041001,CD_QC_Portneuf,CENSUS_1851,P89_falls_within
PLACE_QC068003,CD_QC_Portneuf,CENSUS_1851,P89_falls_within
PLACE_QC186004,CD_QC_Portneuf,CENSUS_1851,P89_falls_within
PLACE_QC181005,CD_QC_Portneuf,CENSUS_1851,P89_falls_within
PLACE_QC041005,CD_QC_Portneuf,CENSUS_1851,P89_falls_within
PLACE_QC041007,CD_QC_Portneuf,CENSUS_1851,P89_falls_within
PLACE_QC041008,CD_QC_Portneuf,CENSUS_1851,P89_falls_within
PLACE_QC143002,CD_QC_Portneuf,CENSUS_1851,P89_falls_within
PLACE_QC041010,CD_QC_Portneuf,CENSUS_1851,P89_falls_within
PLACE_QC041011,CD_QC_Portneuf,CENSUS_1851,P89_falls_within
PLACE_QC084000,"CD_QC_Québec,_cité",CENSUS_1851,P89_falls_within
PLACE_QC069001,CD_QC_Québec,CENSUS_1851,P89_falls_within
PLACE_QC080002,CD_QC_Québec,CENSUS_1851,P89_falls_within
PLACE_QC069003,CD_QC_Québec,CENSUS_1851,P89_falls_within
PLACE_QC144007,CD_QC_Québec,CENSUS_1851,P89_falls_within
PLACE_QC069008_1851,CD_QC_Québec,CENSUS_1851,P89_falls_within
PLACE_QC042012,CD_QC_Québec,CENSUS_1851,P89_falls_within
PLACE_QC070010,CD_QC_Richelieu,CENSUS_1851,P89_falls_within
PLACE_QC070002,CD_QC_Richelieu,CENSUS_1851,P89_falls_within
PLACE_QC070004_1851,CD_QC_Richelieu,CENSUS_1851,P89_falls_within
PLACE_QC070005,CD_QC_Richelieu,CENSUS_1851,P89_falls_within
PLACE_QC186006,CD_QC_Richelieu,CENSUS_1851,P89_falls_within
PLACE_QC076017_1851,CD_QC_Sherbrooke,CENSUS_1851,P89_falls_within
PLACE_QC076021_1851,CD_QC_Sherbrooke,CENSUS_1851,P89_falls_within
PLACE_QC076013,CD_QC_Sherbrooke,CENSUS_1851,P89_falls_within
PLACE_QC062006_1851,CD_QC_Megantic,CENSUS_1851,P89_falls_within
PLACE_QC055015,CD_QC_Drummond,CENSUS_1851,P89_falls_within
PLACE_QC076015,CD_QC_Sherbrooke,CENSUS_1851,P89_falls_within
PLACE_QC076012_1851,CD_QC_Sherbrooke,CENSUS_1851,P89_falls_within
PLACE_QC076016_1851,CD_QC_Sherbrooke,CENSUS_1851,P89_falls_within
PLACE_QC055016,CD_QC_Drummond,CENSUS_1851,P89_falls_within
PLACE_QC168005,CD_QC_Rimouski,CENSUS_1851,P89_falls_within
PLACE_QC071013,CD_QC_Rimouski,CENSUS_1851,P89_falls_within
PLACE_QC040003,CD_QC_Rimouski,CENSUS_1851,P89_falls_within
PLACE_QC071016,CD_QC_Rimouski,CENSUS_1851,P89_falls_within
PLACE_QC071017,CD_QC_Rimouski,CENSUS_1851,P89_falls_within
PLACE_QC045013,CD_QC_Rimouski,CENSUS_1851,P89_falls_within
PLACE_QC045004,CD_QC_Rimouski,CENSUS_1851,P89_falls_within
PLACE_QC071999,CD_QC_Rimouski,CENSUS_1851,P89_falls_within
PLACE_QC078006,CD_QC_St._Hyacinthe,CENSUS_1851,P89_falls_within
PLACE_QC063012,CD_QC_Rouville,CENSUS_1851,P89_falls_within
PLACE_QC072011,CD_QC_Rouville,CENSUS_1851,P89_falls_within
PLACE_QC072004,CD_QC_Rouville,CENSUS_1851,P89_falls_within
PLACE_QC046007,CD_QC_Rouville,CENSUS_1851,P89_falls_within
PLACE_QC078003,CD_QC_St._Hyacinthe,CENSUS_1851,P89_falls_within
PLACE_QC078001,CD_QC_St._Hyacinthe,CENSUS_1851,P89_falls_within
PLACE_QC070008_1851,CD_QC_Richelieu,CENSUS_1851,P89_falls_within
PLACE_QC070006_1851,CD_QC_Richelieu,CENSUS_1851,P89_falls_within
PLACE_QC078004,CD_QC_St._Hyacinthe,CENSUS_1851,P89_falls_within
PLACE_QC070007_1851,CD_QC_Richelieu,CENSUS_1851,P89_falls_within
PLACE_QC078002,CD_QC_St._Hyacinthe,CENSUS_1851,P89_falls_within
PLACE_QC072006_1851,CD_QC_Rouville,CENSUS_1851,P89_falls_within
PLACE_QC064001,CD_QC_Rouville,CENSUS_1851,P89_falls_within
PLACE_QC057013_1851,CD_QC_Huntingdon,CENSUS_1851,P89_falls_within
PLACE_QC072009,CD_QC_Rouville,CENSUS_1851,P89_falls_within
PLACE_QC022005,CD_QC_Rouville,CENSUS_1851,P89_falls_within
PLACE_QC072007,CD_QC_Rouville,CENSUS_1851,P89_falls_within
PLACE_QC052014_1851,CD_QC_Chambly,CENSUS_1851,P89_falls_within
PLACE_QC052011,CD_QC_Chambly,CENSUS_1851,P89_falls_within
PLACE_QC072001_1851,CD_QC_Rouville,CENSUS_1851,P89_falls_within
PLACE_QC052013_1851,CD_QC_Chambly,CENSUS_1851,P89_falls_within
PLACE_QC048001,CD_QC_Shefford,CENSUS_1851,P89_falls_within
PLACE_QC075004,CD_QC_Shefford,CENSUS_1851,P89_falls_within
PLACE_QC048004,CD_QC_Shefford,CENSUS_1851,P89_falls_within
PLACE_QC048006,CD_QC_Shefford,CENSUS_1851,P89_falls_within
PLACE_QC048007,CD_QC_Shefford,CENSUS_1851,P89_falls_within
PLACE_QC076005,CD_QC_Sherbrooke,CENSUS_1851,P89_falls_within
PLACE_QC081009_1851,CD_QC_Vaudreuil,CENSUS_1851,P89_falls_within
PLACE_QC081007_1851,CD_QC_Vaudreuil,CENSUS_1851,P89_falls_within
PLACE_QC081008,CD_QC_Vaudreuil,CENSUS_1851,P89_falls_within
PLACE_QC081006,CD_QC_Vaudreuil,CENSUS_1851,P89_falls_within
PLACE_QC081010,CD_QC_Vaudreuil,CENSUS_1851,P89_falls_within
PLACE_QC141007,CD_QC_Stanstead,CENSUS_1851,P89_falls_within
PLACE_QC077002,CD_QC_Stanstead,CENSUS_1851,P89_falls_within
PLACE_QC077003,CD_QC_Stanstead,CENSUS_1851,P89_falls_within
PLACE_QC077006,CD_QC_Stanstead,CENSUS_1851,P89_falls_within
PLACE_QC077001,CD_QC_Stanstead,CENSUS_1851,P89_falls_within
PLACE_QC071004_1851,CD_QC_Rimouski,CENSUS_1851,P89_falls_within
PLACE_QC071010_1851,CD_QC_Rimouski,CENSUS_1851,P89_falls_within
PLACE_QC071003,CD_QC_Rimouski,CENSUS_1851,P89_falls_within
PLACE_QC058007_1851,CD_QC_Kamouraska,CENSUS_1851,P89_falls_within
PLACE_QC071001,CD_QC_Rimouski,CENSUS_1851,P89_falls_within
PLACE_QC071005,CD_QC_Rimouski,CENSUS_1851,P89_falls_within
PLACE_QC071009_1851,CD_QC_Rimouski,CENSUS_1851,P89_falls_within
PLACE_QC071008_1851,CD_QC_Rimouski,CENSUS_1851,P89_falls_within
PLACE_QC071007,CD_QC_Rimouski,CENSUS_1851,P89_falls_within
PLACE_QC099006,CD_QC_Terrebonne,CENSUS_1851,P89_falls_within
PLACE_QC099005,CD_QC_Terrebonne,CENSUS_1851,P89_falls_within
PLACE_QC079004,CD_QC_Terrebonne,CENSUS_1851,P89_falls_within
PLACE_QC079009,CD_QC_Terrebonne,CENSUS_1851,P89_falls_within
PLACE_QC079007_1851,CD_QC_Terrebonne,CENSUS_1851,P89_falls_within
PLACE_QC099003,CD_QC_Terrebonne,CENSUS_1851,P89_falls_within
PLACE_QC052001,CD_QC_St._Maurice,CENSUS_1851,P89_falls_within
PLACE_QC052002_1851,CD_QC_St._Maurice,CENSUS_1851,P89_falls_within
PLACE_QC073002_1851,CD_QC_St._Maurice,CENSUS_1851,P89_falls_within
PLACE_QC052004_1851,CD_QC_St._Maurice,CENSUS_1851,P89_falls_within
PLACE_QC073005,CD_QC_St._Maurice,CENSUS_1851,P89_falls_within
PLACE_QC073001,CD_QC_St._Maurice,CENSUS_1851,P89_falls_within
PLACE_QC109004,CD_QC_Vaudreuil,CENSUS_1851,P89_falls_within
PLACE_QC075007_1851_1881,CD_QC_Vaudreuil,CENSUS_1851,P89_falls_within
PLACE_QC109006,CD_QC_Vaudreuil,CENSUS_1851,P89_falls_within
PLACE_QC097005,CD_QC_Vaudreuil,CENSUS_1851,P89_falls_within
PLACE_QC081002_1851,CD_QC_Vaudreuil,CENSUS_1851,P89_falls_within
PLACE_QC097014_1851,CD_QC_Vaudreuil,CENSUS_1851,P89_falls_within
PLACE_QC176014,CD_QC_Outaouais,CENSUS_1851,P89_falls_within
PLACE_QC176025,CD_QC_Outaouais,CENSUS_1851,P89_falls_within
PLACE_QC176028,CD_QC_Outaouais,CENSUS_1851,P89_falls_within
PLACE_QC039038,CD_QC_Outaouais,CENSUS_1851,P89_falls_within
PLACE_QC067001_1851,CD_QC_Outaouais,CENSUS_1851,P89_falls_within
PLACE_QC134005,CD_QC_Yamaska,CENSUS_1851,P89_falls_within
PLACE_QC060003_1851,CD_QC_Yamaska,CENSUS_1851,P89_falls_within
PLACE_QC083003,CD_QC_Yamaska,CENSUS_1851,P89_falls_within
PLACE_QC060006,CD_QC_Yamaska,CENSUS_1851,P89_falls_within
PLACE_QC060005_1851,CD_QC_Yamaska,CENSUS_1851,P89_falls_within
PLACE_QC075999,CD_QC_Montmorenci,CENSUS_1851,P89_falls_within
PLACE_QC050999,CD_QC_Berthier,CENSUS_1851,P89_falls_within
PLACE_QC169009,CD_QC_Bonaventure,CENSUS_1851,P89_falls_within
PLACE_QC052014,CD_QC_Two_Mountains,CENSUS_1851,P89_falls_within
PLACE_QC059005_1851,CD_QC_Leinster,CENSUS_1851,P89_falls_within
PLACE_QC065010,CD_QC_Montréal,CENSUS_1851,P89_falls_within
PLACE_QC148009,CD_QC_Montmorenci,CENSUS_1851,P89_falls_within
PLACE_QC070003_1851,CD_QC_Richelieu,CENSUS_1851,P89_falls_within
PLACE_QC071006,CD_QC_Rimouski,CENSUS_1851,P89_falls_within
PLACE_QC079002_1851,CD_QC_Terrebonne,CENSUS_1851,P89_falls_within
PLACE_QC069004,CD_QC_Québec,CENSUS_1851,P89_falls_within
PLACE_QC180999,CD_QC_Québec,CENSUS_1851,P89_falls_within
PLACE_QC079013_1851,CD_QC_Terrebonne,CENSUS_1851,P89_falls_within
PLACE_QC059999,CD_QC_Leinster,CENSUS_1851,P89_falls_within
PLACE_QC091003,CD_QC_Outaouais,CENSUS_1851,P89_falls_within
PLACE_QC068999,CD_QC_Portneuf,CENSUS_1851,P89_falls_within
PLACE_QC076014,CD_QC_Sherbrooke,CENSUS_1851,P89_falls_within
PLACE_QC076022,CD_QC_Sherbrooke,CENSUS_1851,P89_falls_within
PLACE_QC048005,CD_QC_Shefford,CENSUS_1851,P89_falls_within
PLACE_QC082001,CD_QC_Verchères,CENSUS_1851,P89_falls_within
PLACE_QC074999,CD_QC_Saguenay,CENSUS_1851,P89_falls_within
PLACE_QC074016_1851,CD_QC_Saguenay,CENSUS_1851,P89_falls_within
PLACE_QC054023,CD_QC_Dorchester,CENSUS_1851,P89_falls_within
PLACE_QC055018_1851,CD_QC_Drummond,CENSUS_1851,P89_falls_within
PLACE_QC093001,CD_QC_Outaouais,CENSUS_1851,P89_falls_within
PLACE_QC067012,CD_QC_Outaouais,CENSUS_1851,P89_falls_within
PLACE_QC071002_1851,CD_QC_Rimouski,CENSUS_1851,P89_falls_within
PLACE_QC103005,CD_QC_Berthier,CENSUS_1851,P89_falls_within
PLACE_QC050004,CD_QC_Berthier,CENSUS_1851,P89_falls_within
PLACE_QC052007_1851,CD_QC_Chambly,CENSUS_1851,P89_falls_within
PLACE_QC053999,CD_QC_Champlain,CENSUS_1851,P89_falls_within
PLACE_QC073999,CD_QC_St._Maurice,CENSUS_1851,P89_falls_within
PLACE_QC074014,CD_QC_Saguenay,CENSUS_1851,P89_falls_within
PLACE_QC053007,CD_QC_Champlain,CENSUS_1851,P89_falls_within
PLACE_QC065009_1851,CD_QC_Montréal,CENSUS_1851,P89_falls_within
PLACE_QC026999,CD_QC_Kamouraska,CENSUS_1851,P89_falls_within
PLACE_QC026012,CD_QC_Kamouraska,CENSUS_1851,P89_falls_within
PLACE_QC067008_1851,CD_QC_Outaouais,CENSUS_1851,P89_falls_within
PLACE_QC054002_1851,CD_QC_Dorchester,CENSUS_1851,P89_falls_within
PLACE_QC042010,CD_QC_Québec,CENSUS_1851,P89_falls_within
PLACE_QC073015,CD_QC_St._Maurice,CENSUS_1851,P89_falls_within
PLACE_QC091010,CD_QC_Outaouais,CENSUS_1851,P89_falls_within
PLACE_QC091013,CD_QC_Outaouais,CENSUS_1851,P89_falls_within
PLACE_QC080014_1851,CD_QC_Two_Mountains,CENSUS_1851,P89_falls_within
PLACE_QC080016_1851,CD_QC_Two_Mountains,CENSUS_1851,P89_falls_within
PLACE_QC079005,CD_QC_Terrebonne,CENSUS_1851,P89_falls_within
PLACE_QC055012,CD_QC_Drummond,CENSUS_1851,P89_falls_within
PLACE_QC054020_1851,CD_QC_Dorchester,CENSUS_1851,P89_falls_within
PLACE_QC054021_1851,CD_QC_Dorchester,CENSUS_1851,P89_falls_within
PLACE_QC005010,CD_QC_Megantic,CENSUS_1851,P89_falls_within
PLACE_QC005004,CD_QC_Megantic,CENSUS_1851,P89_falls_within
PLACE_QC005002,CD_QC_Megantic,CENSUS_1851,P89_falls_within
PLACE_QC050012,CD_QC_Berthier,CENSUS_1851,P89_falls_within
PLACE_QC074008,CD_QC_Saguenay,CENSUS_1851,P89_falls_within
PLACE_QC074021_1851,CD_QC_Saguenay,CENSUS_1851,P89_falls_within
PLACE_QC074018_1851,CD_QC_Saguenay,CENSUS_1851,P89_falls_within
PLACE_QC074020_1851,CD_QC_Saguenay,CENSUS_1851,P89_falls_within
PLACE_QC074019_1851,CD_QC_Saguenay,CENSUS_1851,P89_falls_within
PLACE_QC074025_1851,CD_QC_Saguenay,CENSUS_1851,P89_falls_within
PLACE_QC074026_1851,CD_QC_Saguenay,CENSUS_1851,P89_falls_within
PLACE_QC074027_1851,CD_QC_Saguenay,CENSUS_1851,P89_falls_within
PLACE_QC055007_1851,CD_QC_Drummond,CENSUS_1851,P89_falls_within
PLACE_QC056001,CD_QC_Gaspé,CENSUS_1851,P89_falls_within
PLACE_QC023004,CD_QC_L’Islet,CENSUS_1851,P89_falls_within
PLACE_QC058011,CD_QC_Kamouraska,CENSUS_1851,P89_falls_within
PLACE_QC026009,CD_QC_Kamouraska,CENSUS_1851,P89_falls_within
PLACE_QC058009_1851,CD_QC_Kamouraska,CENSUS_1851,P89_falls_within
PLACE_QC058002_1851,CD_QC_Kamouraska,CENSUS_1851,P89_falls_within
PLACE_QC059016_1851,CD_QC_Leinster,CENSUS_1851,P89_falls_within
PLACE_QC060014_1851,CD_QC_L’Islet,CENSUS_1851,P89_falls_within
PLACE_QC060013,CD_QC_L’Islet,CENSUS_1851,P89_falls_within
PLACE_QC060012_1851,CD_QC_L’Islet,CENSUS_1851,P89_falls_within
PLACE_QC060008_1851,CD_QC_L’Islet,CENSUS_1851,P89_falls_within
PLACE_QC066002,CD_QC_Nicolet,CENSUS_1851,P89_falls_within
PLACE_QC040010,CD_QC_Outaouais,CENSUS_1851,P89_falls_within
PLACE_QC042004,CD_QC_Québec,CENSUS_1851,P89_falls_within
PLACE_QC045005,CD_QC_Rimouski,CENSUS_1851,P89_falls_within
PLACE_QC057012,CD_QC_Huntingdon,CENSUS_1851,P89_falls_within
PLACE_QC076019_1851,CD_QC_Sherbrooke,CENSUS_1851,P89_falls_within
PLACE_QC076006,CD_QC_Sherbrooke,CENSUS_1851,P89_falls_within
PLACE_QC080012,CD_QC_Two_Mountains,CENSUS_1851,P89_falls_within
PLACE_QC048002_1851,CD_QC_Beauharnois,CENSUS_1851,P89_falls_within
PLACE_QC048004_1851,CD_QC_Beauharnois,CENSUS_1851,P89_falls_within
PLACE_QC048006_1851,CD_QC_Beauharnois,CENSUS_1851,P89_falls_within
PLACE_QC055017,CD_QC_Drummond,CENSUS_1851,P89_falls_within
PLACE_QC078012,CD_QC_St._Hyacinthe,CENSUS_1851,P89_falls_within
PLACE_QC049008_1851,CD_QC_Bellechasse,CENSUS_1851,P89_falls_within
PLACE_QC052008,CD_QC_Chambly,CENSUS_1851,P89_falls_within
PLACE_QC052009,CD_QC_Chambly,CENSUS_1851,P89_falls_within
PLACE_QC052006_1851,CD_QC_Chambly,CENSUS_1851,P89_falls_within
PLACE_QC052003,CD_QC_Chambly,CENSUS_1851,P89_falls_within
PLACE_QC057017,CD_QC_Huntingdon,CENSUS_1851,P89_falls_within
PLACE_QC057016,CD_QC_Huntingdon,CENSUS_1851,P89_falls_within
PLACE_QC057015,CD_QC_Huntingdon,CENSUS_1851,P89_falls_within
PLACE_QC052012,CD_QC_Chambly,CENSUS_1851,P89_falls_within
PLACE_QC052010_1851,CD_QC_Chambly,CENSUS_1851,P89_falls_within
PLACE_QC054008_1851,CD_QC_Dorchester,CENSUS_1851,P89_falls_within
PLACE_QC054022,CD_QC_Dorchester,CENSUS_1851,P89_falls_within
PLACE_QC054999_1851,CD_QC_Dorchester,CENSUS_1851,P89_falls_within
PLACE_QC060010,CD_QC_L’Islet,CENSUS_1851,P89_falls_within
PLACE_QC060011_1851,CD_QC_L’Islet,CENSUS_1851,P89_falls_within
PLACE_QC061001_1851,CD_QC_Lotbinière,CENSUS_1851,P89_falls_within
PLACE_QC066003,CD_QC_Nicolet,CENSUS_1851,P89_falls_within
PLACE_QC067017_1851,CD_QC_Outaouais,CENSUS_1851,P89_falls_within
PLACE_QC067013,CD_QC_Outaouais,CENSUS_1851,P89_falls_within
PLACE_QC068012_1851,CD_QC_Portneuf,CENSUS_1851,P89_falls_within
PLACE_QC069009,CD_QC_Québec,CENSUS_1851,P89_falls_within
PLACE_QC068013,CD_QC_Portneuf,CENSUS_1851,P89_falls_within
PLACE_QC068004,CD_QC_Portneuf,CENSUS_1851,P89_falls_within
PLACE_QC069012,CD_QC_Québec,CENSUS_1851,P89_falls_within
PLACE_QC069011,CD_QC_Québec,CENSUS_1851,P89_falls_within
PLACE_QC070009,CD_QC_Richelieu,CENSUS_1851,P89_falls_within
PLACE_QC071021,CD_QC_Rimouski,CENSUS_1851,P89_falls_within
PLACE_QC071014_1851,CD_QC_Rimouski,CENSUS_1851,P89_falls_within
PLACE_QC071015,CD_QC_Rimouski,CENSUS_1851,P89_falls_within
PLACE_QC078007,CD_QC_St._Hyacinthe,CENSUS_1851,P89_falls_within
PLACE_QC078005,CD_QC_St._Hyacinthe,CENSUS_1851,P89_falls_within
PLACE_QC074015,CD_QC_Saguenay,CENSUS_1851,P89_falls_within
PLACE_QC074013,CD_QC_Saguenay,CENSUS_1851,P89_falls_within
PLACE_QC074012,CD_QC_Saguenay,CENSUS_1851,P89_falls_within
PLACE_QC074017,CD_QC_Saguenay,CENSUS_1851,P89_falls_within
PLACE_QC076007,CD_QC_Sherbrooke,CENSUS_1851,P89_falls_within
PLACE_QC076003,CD_QC_Sherbrooke,CENSUS_1851,P89_falls_within
PLACE_QC076009,CD_QC_Sherbrooke,CENSUS_1851,P89_falls_within
PLACE_QC079006_1851,CD_QC_Terrebonne,CENSUS_1851,P89_falls_within
PLACE_QC083006,CD_QC_Yamaska,CENSUS_1851,P89_falls_within
PLACE_QC058006_1851,CD_QC_Kamouraska,CENSUS_1851,P89_falls_within
PLACE_QC074028,CD_QC_Saguenay,CENSUS_1851,P89_falls_within
PLACE_QC048013,CD_QC_Beauharnois,CENSUS_1851,P89_falls_within
PLACE_QC093002,CD_QC_Outaouais,CENSUS_1851,P89_falls_within
PLACE_QC056006,CD_QC_Gaspé,CENSUS_1851,P89_falls_within
PLACE_QC056007_1851,CD_QC_Gaspé,CENSUS_1851,P89_falls_within
PLACE_QC069010,CD_QC_Québec,CENSUS_1851,P89_falls_within
PLACE_QC065999_1851,CD_QC_Montréal,CENSUS_1851,P89_falls_within
PLACE_QC178999,"CD_QC_Montréal,_cité",CENSUS_1851,P89_falls_within
PLACE_QC073014,CD_QC_St._Maurice,CENSUS_1851,P89_falls_within
PLACE_QC053009,CD_QC_Champlain,CENSUS_1851,P89_falls_within
