raw_cd_id,year,chain_place_id
CD_AB_Calgary,1911,CD_AB_Calgary
CD_AB_Division_No._1,1921,CD_AB_Division_No._1
CD_AB_Division_No._10,1921,CD_AB_Division_No._10
CD_AB_Division_No._11,1921,CD_AB_Division_No._11
CD_AB_Division_No._12,1921,CD_AB_Division_No._12
CD_AB_Division_No._13,1921,CD_AB_Division_No._13
CD_AB_Division_No._14,1921,CD_AB_Division_No._14
CD_AB_Division_No._15,1921,CD_AB_Division_No._15
CD_AB_Division_No._16,1921,CD_AB_Division_No._16
CD_AB_Division_No._17,1921,CD_AB_Division_No._17
CD_AB_Division_No._2,1921,CD_AB_Division_No._2
CD_AB_Division_No._3,1921,CD_AB_Division_No._3
CD_AB_Division_No._4,1921,CD_AB_Division_No._4
CD_AB_Division_No._5,1921,CD_AB_Division_No._5
CD_AB_Division_No._6,1921,CD_AB_Division_No._6
CD_AB_Division_No._7,1921,CD_AB_Division_No._7
CD_AB_Division_No._8,1921,CD_AB_Division_No._8
CD_AB_Division_No._9,1921,CD_AB_Division_No._9
CD_AB_Edmonton,1911,CD_AB_Edmonton
CD_AB_Macleod,1911,CD_AB_Macleod
CD_AB_Medicine_Hat,1911,CD_AB_Medicine_Hat
CD_AB_Red_Deer,1911,CD_AB_Red_Deer
CD_AB_Strathcona,1911,CD_AB_Strathcona
CD_AB_Victoria,1911,CD_AB_Victoria
CD_BC_British_Colombia,1871,CD_BC_British_Colombia
CD_BC_Burrard,1901,CD_BC_Burrard
CD_BC_Burrard,1921,CD_BC_Burrard_1921
CD_BC_Burrard_1921,1921,CD_BC_Burrard_1921_1921
CD_BC_Cariboo,1881,CD_BC_Cariboo
CD_BC_Cariboo,1891,CD_BC_Cariboo
CD_BC_Cariboo,1921,CD_BC_Cariboo_1921
CD_BC_Cariboo_1921,1921,CD_BC_Cariboo_1921_1921
CD_BC_Comox-Alberni,1921,CD_BC_Comox-Alberni
CD_BC_Comox-Atlin,1911,CD_BC_Comox-Atlin
CD_BC_Fraser_Valley,1921,CD_BC_Fraser_Valley
CD_BC_Kootenay,1911,CD_BC_Kootenay
CD_BC_Kootenay_East,1921,CD_BC_Kootenay_East
CD_BC_Kootenay_West,1921,CD_BC_Kootenay_West
CD_BC_Nanaimo,1911,CD_BC_Nanaimo
CD_BC_Nanaimo,1921,CD_BC_Nanaimo
CD_BC_New_Westminster,1881,CD_BC_New_Westminster
CD_BC_New_Westminster,1891,CD_BC_New_Westminster
CD_BC_New_Westminster,1901,CD_BC_New_Westminster
CD_BC_New_Westminster,1911,CD_BC_New_Westminster
CD_BC_New_Westminster,1921,CD_BC_New_Westminster
CD_BC_Skeena,1921,CD_BC_Skeena
CD_BC_Vancouver,1881,CD_BC_Vancouver
CD_BC_Vancouver,1891,CD_BC_Vancouver
CD_BC_Vancouver,1901,CD_BC_Vancouver
CD_BC_Vancouver_Centre,1921,CD_BC_Vancouver_Centre
CD_BC_Vancouver_City,1911,CD_BC_Vancouver_City
CD_BC_Vancouver_South,1921,CD_BC_Vancouver_South
CD_BC_Victoria,1881,CD_BC_Victoria
CD_BC_Victoria,1891,CD_BC_Victoria
CD_BC_Victoria,1901,CD_BC_Victoria_1901
CD_BC_Victoria_,1901,CD_BC_Victoria_City
CD_BC_Victoria_1901,1901,CD_BC_Victoria_1901_1901
CD_BC_Victoria_City,1901,CD_BC_Victoria_City
CD_BC_Victoria_City,1911,CD_BC_Victoria_City
CD_BC_Victoria_City,1921,CD_BC_Victoria_City
CD_BC_Yale,1881,CD_BC_Yale
CD_BC_Yale,1891,CD_BC_Yale
CD_BC_Yale,1921,CD_BC_Yale_1921
CD_BC_Yale_&_Cariboo,1901,CD_BC_Yale_&_Cariboo
CD_BC_Yale_&_Cariboo,1911,CD_BC_Yale_&_Cariboo
CD_BC_Yale_1921,1921,CD_BC_Yale_1921_1921
CD_MB_Brandon,1901,CD_MB_Brandon
CD_MB_Brandon,1911,CD_MB_Brandon
CD_MB_Dauphin,1911,CD_MB_Dauphin
CD_MB_Division_No._1,1921,CD_MB_Division_No._1
CD_MB_Division_No._10,1921,CD_MB_Division_No._10
CD_MB_Division_No._11,1921,CD_MB_Division_No._11
CD_MB_Division_No._12,1921,CD_MB_Division_No._12
CD_MB_Division_No._13,1921,CD_MB_Division_No._13
CD_MB_Division_No._14,1921,CD_MB_Division_No._14
CD_MB_Division_No._15,1921,CD_MB_Division_No._15
CD_MB_Division_No._16,1921,CD_MB_Division_No._16
CD_MB_Division_No._2,1921,CD_MB_Division_No._2
CD_MB_Division_No._3,1921,CD_MB_Division_No._3
CD_MB_Division_No._4,1921,CD_MB_Division_No._4
CD_MB_Division_No._5,1921,CD_MB_Division_No._5
CD_MB_Division_No._6,1921,CD_MB_Division_No._6
CD_MB_Division_No._7,1921,CD_MB_Division_No._7
CD_MB_Division_No._8,1921,CD_MB_Division_No._8
CD_MB_Division_No._9,1921,CD_MB_Division_No._9
CD_MB_Extension,1881,CD_MB_Extension
CD_MB_Lisgar,1881,CD_MB_Lisgar
CD_MB_Lisgar,1891,CD_MB_Lisgar
CD_MB_Lisgar,1901,CD_MB_Lisgar
CD_MB_Lisgar,1911,CD_MB_Lisgar
CD_MB_Macdonald,1901,CD_MB_Macdonald
CD_MB_Macdonald,1911,CD_MB_Macdonald
CD_MB_Manitoba,1871,CD_MB_Manitoba
CD_MB_Marquette,1881,CD_MB_Marquette
CD_MB_Marquette,1891,CD_MB_Marquette
CD_MB_Marquette,1901,CD_MB_Marquette
CD_MB_Marquette,1911,CD_MB_Marquette
CD_MB_Portage_La_Prairie,1911,CD_MB_Portage_La_Prairie
CD_MB_Provencher,1881,CD_MB_Provencher
CD_MB_Provencher,1891,CD_MB_Provencher_1891_1891
CD_MB_Provencher,1901,CD_MB_Provencher
CD_MB_Provencher,1911,CD_MB_Provencher
CD_MB_Provencher_,1881,CD_MB_Provencher_1881
CD_MB_Provencher_,1891,CD_MB_Provencher_1891
CD_MB_Provencher_1881,1881,CD_MB_Provencher_1881_1881
CD_MB_Provencher_1891,1891,CD_MB_Provencher_1891_1891_1891
CD_MB_Provencher_1891_1891,1891,CD_MB_Provencher_1891_1891_1891_1891
CD_MB_Selkirk,1881,CD_MB_Selkirk
CD_MB_Selkirk,1891,CD_MB_Selkirk
CD_MB_Selkirk,1901,CD_MB_Selkirk
CD_MB_Selkirk,1911,CD_MB_Selkirk
CD_MB_Souris,1911,CD_MB_Souris
"CD_MB_Winnipeg,_City—Cité",1891,CD_MB_Winnipeg_City
"CD_MB_Winnipeg,_City—Cité",1901,CD_MB_Winnipeg_City
CD_MB_Winnipeg_City,1891,CD_MB_Winnipeg_City_1891
CD_MB_Winnipeg_City,1901,CD_MB_Winnipeg_City_1901
CD_MB_Winnipeg_City,1911,CD_MB_Winnipeg_City
CD_NB_Albert,1871,CD_NB_Albert
CD_NB_Albert,1881,CD_NB_Albert
CD_NB_Albert,1891,CD_NB_Albert
CD_NB_Albert,1901,CD_NB_Albert
CD_NB_Albert,1921,CD_NB_Albert_1921
CD_NB_Albert_1921,1921,CD_NB_Albert_1921_1921
CD_NB_Carleton,1871,CD_NB_Carleton
CD_NB_Carleton,1881,CD_NB_Carleton
CD_NB_Carleton,1891,CD_NB_Carleton
CD_NB_Carleton,1901,CD_NB_Carleton
CD_NB_Carleton,1911,CD_NB_Carleton
CD_NB_Carleton,1921,CD_NB_Carleton
CD_NB_Charlotte,1871,CD_NB_Charlotte
CD_NB_Charlotte,1881,CD_NB_Charlotte
CD_NB_Charlotte,1891,CD_NB_Charlotte
CD_NB_Charlotte,1901,CD_NB_Charlotte
CD_NB_Charlotte,1911,CD_NB_Charlotte
CD_NB_Charlotte,1921,CD_NB_Charlotte
CD_NB_Gloucester,1871,CD_NB_Gloucester
CD_NB_Gloucester,1881,CD_NB_Gloucester
CD_NB_Gloucester,1891,CD_NB_Gloucester
CD_NB_Gloucester,1901,CD_NB_Gloucester
CD_NB_Gloucester,1911,CD_NB_Gloucester
CD_NB_Gloucester,1921,CD_NB_Gloucester
CD_NB_Kent,1871,CD_NB_Kent
CD_NB_Kent,1881,CD_NB_Kent
CD_NB_Kent,1891,CD_NB_Kent
CD_NB_Kent,1901,CD_NB_Kent
CD_NB_Kent,1911,CD_NB_Kent
CD_NB_Kent,1921,CD_NB_Kent
CD_NB_King's,1871,CD_NB_King's
CD_NB_King's,1881,CD_NB_King's
CD_NB_King's,1891,CD_NB_King's_1891
CD_NB_King's,1901,CD_NB_King's_1901
CD_NB_Kings,1901,CD_NB_King's
CD_NB_Kings,1921,CD_NB_Kings
CD_NB_Kings_&_Albert,1911,CD_NB_Kings_&_Albert
CD_NB_King’s,1891,CD_NB_King's
CD_NB_Madawaska,1921,CD_NB_Madawaska
CD_NB_New_Brunswick,1851,CD_NB_New_Brunswick
CD_NB_New_Brunswick,1861,CD_NB_New_Brunswick
CD_NB_Northumberland,1871,CD_NB_Northumberland
CD_NB_Northumberland,1881,CD_NB_Northumberland
CD_NB_Northumberland,1891,CD_NB_Northumberland
CD_NB_Northumberland,1901,CD_NB_Northumberland
CD_NB_Northumberland,1911,CD_NB_Northumberland
CD_NB_Northumberland,1921,CD_NB_Northumberland
CD_NB_Queen's,1871,CD_NB_Queen's
CD_NB_Queen's,1881,CD_NB_Queen's
CD_NB_Queen's,1891,CD_NB_Queen's
CD_NB_Queens,1921,CD_NB_Queens
CD_NB_Restigouche,1871,CD_NB_Restigouche
CD_NB_Restigouche,1881,CD_NB_Restigouche
CD_NB_Restigouche,1891,CD_NB_Restigouche
CD_NB_Restigouche,1901,CD_NB_Restigouche
CD_NB_Restigouche,1911,CD_NB_Restigouche
CD_NB_Restigouche,1921,CD_NB_Restigouche
"CD_NB_St-John,_County—Comté",1891,CD_NB_St._John
CD_NB_St._John,1871,CD_NB_St._John
CD_NB_St._John,1881,CD_NB_St._John
CD_NB_St._John,1891,CD_NB_St._John
CD_NB_St._John,1901,CD_NB_St._John
CD_NB_St._John,1911,CD_NB_St._John
CD_NB_St._John,1921,CD_NB_St._John
"CD_NB_St._John,_(City-Ville)",1881,CD_NB_St._John_City
"CD_NB_St._John,_(County-Comté)",1881,CD_NB_St._John
"CD_NB_St._John,_City_&_Co—Cité_et_comté",1901,CD_NB_St._John
CD_NB_St._John_City,1881,CD_NB_St._John_City_1881
CD_NB_St._John_City_&_County,1911,CD_NB_St._John
CD_NB_Sunbury,1871,CD_NB_Sunbury
CD_NB_Sunbury,1881,CD_NB_Sunbury
CD_NB_Sunbury,1891,CD_NB_Sunbury
CD_NB_Sunbury,1921,CD_NB_Sunbury_1921
CD_NB_Sunbury_&_Queens,1901,CD_NB_Sunbury_&_Queens
CD_NB_Sunbury_&_Queens,1911,CD_NB_Sunbury_&_Queens
CD_NB_Sunbury_1921,1921,CD_NB_Sunbury_1921_1921
CD_NB_Victoria,1871,CD_NB_Victoria
CD_NB_Victoria,1881,CD_NB_Victoria
CD_NB_Victoria,1891,CD_NB_Victoria
CD_NB_Victoria,1901,CD_NB_Victoria
CD_NB_Victoria,1911,CD_NB_Victoria
CD_NB_Victoria,1921,CD_NB_Victoria_1921
CD_NB_Victoria_&_Madawaska,1901,CD_NB_Victoria
CD_NB_Victoria_&_Madawaska,1911,CD_NB_Victoria
CD_NB_Victoria_1921,1921,CD_NB_Victoria_1921_1921
CD_NB_Westmoreland,1881,CD_NB_Westmorland
CD_NB_Westmoreland,1891,CD_NB_Westmorland
CD_NB_Westmorland,1871,CD_NB_Westmorland
CD_NB_Westmorland,1881,CD_NB_Westmorland
CD_NB_Westmorland,1891,CD_NB_Westmorland
CD_NB_Westmorland,1901,CD_NB_Westmorland
CD_NB_Westmorland,1911,CD_NB_Westmorland
CD_NB_Westmorland,1921,CD_NB_Westmorland
CD_NB_York,1871,CD_NB_York
CD_NB_York,1881,CD_NB_York
CD_NB_York,1891,CD_NB_York
CD_NB_York,1901,CD_NB_York
CD_NB_York,1911,CD_NB_York
CD_NB_York,1921,CD_NB_York
CD_NL_Labrador,1891,CD_NL_Labrador
CD_NL_Labrador,1901,CD_NL_Labrador
CD_NL_Labrador,1911,CD_NL_Labrador
CD_NL_Labrador,1921,CD_NL_Labrador
CD_NL_Newfoundland,1851,CD_NL_Newfoundland
CD_NL_Newfoundland,1861,CD_NL_Newfoundland
CD_NL_Newfoundland,1871,CD_NL_Newfoundland
CD_NL_Newfoundland,1881,CD_NL_Newfoundland
CD_NL_Newfoundland,1891,CD_NL_Newfoundland
CD_NL_Newfoundland,1901,CD_NL_Newfoundland
CD_NL_Newfoundland,1911,CD_NL_Newfoundland
CD_NL_Newfoundland,1921,CD_NL_Newfoundland
CD_NS_Annapolis,1871,CD_NS_Annapolis
CD_NS_Annapolis,1881,CD_NS_Annapolis
CD_NS_Annapolis,1891,CD_NS_Annapolis
CD_NS_Annapolis,1901,CD_NS_Annapolis
CD_NS_Annapolis,1911,CD_NS_Annapolis
CD_NS_Annapolis,1921,CD_NS_Annapolis
CD_NS_Antigonish,1871,CD_NS_Antigonish
CD_NS_Antigonish,1881,CD_NS_Antigonish
CD_NS_Antigonish,1891,CD_NS_Antigonish
CD_NS_Antigonish,1901,CD_NS_Antigonish
CD_NS_Antigonish,1911,CD_NS_Antigonish
CD_NS_Antigonish,1921,CD_NS_Antigonish
CD_NS_Cap_Breton,1891,CD_NS_Cape_Breton
CD_NS_Cape_Breton,1871,CD_NS_Cape_Breton
CD_NS_Cape_Breton,1881,CD_NS_Cape_Breton
CD_NS_Cape_Breton,1891,CD_NS_Cape_Breton
CD_NS_Cape_Breton,1901,CD_NS_Cape_Breton
CD_NS_Cape_Breton,1921,CD_NS_Cape_Breton
CD_NS_Cape_Breton_N._&_Victoria,1911,CD_NS_Cape_Breton_N._&_Victoria
CD_NS_Cape_Breton_S.,1911,CD_NS_Cape_Breton_South
CD_NS_Cape_Breton_South,1911,CD_NS_Cape_Breton_South_1911
CD_NS_Colchester,1871,CD_NS_Colchester
CD_NS_Colchester,1881,CD_NS_Colchester
CD_NS_Colchester,1891,CD_NS_Colchester
CD_NS_Colchester,1901,CD_NS_Colchester
CD_NS_Colchester,1911,CD_NS_Colchester
CD_NS_Colchester,1921,CD_NS_Colchester
CD_NS_Cumberland,1871,CD_NS_Cumberland
CD_NS_Cumberland,1881,CD_NS_Cumberland
CD_NS_Cumberland,1891,CD_NS_Cumberland
CD_NS_Cumberland,1901,CD_NS_Cumberland
CD_NS_Cumberland,1911,CD_NS_Cumberland
CD_NS_Cumberland,1921,CD_NS_Cumberland
CD_NS_Digby,1871,CD_NS_Digby
CD_NS_Digby,1881,CD_NS_Digby
CD_NS_Digby,1891,CD_NS_Digby
CD_NS_Digby,1901,CD_NS_Digby
CD_NS_Digby,1911,CD_NS_Digby
CD_NS_Digby,1921,CD_NS_Digby
CD_NS_Guysborough,1871,CD_NS_Guysborough
CD_NS_Guysborough,1881,CD_NS_Guysborough
CD_NS_Guysborough,1891,CD_NS_Guysborough
CD_NS_Guysborough,1901,CD_NS_Guysborough
CD_NS_Guysborough,1911,CD_NS_Guysborough
CD_NS_Guysborough,1921,CD_NS_Guysborough
CD_NS_Halifax,1921,CD_NS_Halifax_City
"CD_NS_Halifax,_City_&_Co—Cité_et_comté",1901,CD_NS_Halifax_City
"CD_NS_Halifax,_City—Cité",1891,CD_NS_Halifax_City
"CD_NS_Halifax,_East",1871,CD_NS_Halifax_East
"CD_NS_Halifax,_West",1871,CD_NS_Halifax_West
CD_NS_Halifax_(City-Ville),1881,CD_NS_Halifax_City
CD_NS_Halifax_(County-Comté),1881,CD_NS_Halifax_City
CD_NS_Halifax_City,1881,CD_NS_Halifax_City_1881
CD_NS_Halifax_City,1891,CD_NS_Halifax_City_1891
CD_NS_Halifax_City,1901,CD_NS_Halifax_City_1901
CD_NS_Halifax_City,1911,CD_NS_Halifax_City_1901
CD_NS_Halifax_City,1921,CD_NS_Halifax_City_1901
CD_NS_Halifax_City_&_County,1911,CD_NS_Halifax_City
CD_NS_Halifax_East,1871,CD_NS_Halifax_East_1871
CD_NS_Halifax_West,1871,CD_NS_Halifax_West_1871
CD_NS_Hants,1871,CD_NS_Hants
CD_NS_Hants,1881,CD_NS_Hants
CD_NS_Hants,1891,CD_NS_Hants
CD_NS_Hants,1901,CD_NS_Hants
CD_NS_Hants,1911,CD_NS_Hants
CD_NS_Hants,1921,CD_NS_Hants
CD_NS_Inverness,1871,CD_NS_Inverness
CD_NS_Inverness,1881,CD_NS_Inverness
CD_NS_Inverness,1891,CD_NS_Inverness
CD_NS_Inverness,1901,CD_NS_Inverness
CD_NS_Inverness,1911,CD_NS_Inverness
CD_NS_Inverness,1921,CD_NS_Inverness
CD_NS_King's,1871,CD_NS_Kings
CD_NS_King's,1881,CD_NS_Kings
CD_NS_Kings,1871,CD_NS_Kings
CD_NS_Kings,1881,CD_NS_Kings
CD_NS_Kings,1891,CD_NS_Kings
CD_NS_Kings,1901,CD_NS_Kings
CD_NS_Kings,1911,CD_NS_Kings
CD_NS_Kings,1921,CD_NS_Kings
CD_NS_King’s,1891,CD_NS_Kings
CD_NS_Lunenburg,1871,CD_NS_Lunenburg
CD_NS_Lunenburg,1881,CD_NS_Lunenburg
CD_NS_Lunenburg,1891,CD_NS_Lunenburg
CD_NS_Lunenburg,1901,CD_NS_Lunenburg
CD_NS_Lunenburg,1911,CD_NS_Lunenburg
CD_NS_Lunenburg,1921,CD_NS_Lunenburg
CD_NS_Nova_Scotia,1851,CD_NS_Nova_Scotia
CD_NS_Nova_Scotia,1861,CD_NS_Nova_Scotia
CD_NS_Pictou,1871,CD_NS_Pictou
CD_NS_Pictou,1881,CD_NS_Pictou
CD_NS_Pictou,1891,CD_NS_Pictou
CD_NS_Pictou,1901,CD_NS_Pictou
CD_NS_Pictou,1911,CD_NS_Pictou
CD_NS_Pictou,1921,CD_NS_Pictou
CD_NS_Queen's,1891,CD_NS_Queens
CD_NS_Queens,1871,CD_NS_Queens
CD_NS_Queens,1881,CD_NS_Queens
CD_NS_Queens,1891,CD_NS_Queens
CD_NS_Queens,1921,CD_NS_Queens_1921
CD_NS_Queens_1921,1921,CD_NS_Queens_1921_1921
CD_NS_Richmond,1871,CD_NS_Richmond
CD_NS_Richmond,1881,CD_NS_Richmond
CD_NS_Richmond,1891,CD_NS_Richmond
CD_NS_Richmond,1901,CD_NS_Richmond
CD_NS_Richmond,1911,CD_NS_Richmond
CD_NS_Richmond,1921,CD_NS_Richmond
CD_NS_Shelburne,1871,CD_NS_Shelburne
CD_NS_Shelburne,1881,CD_NS_Shelburne
CD_NS_Shelburne,1891,CD_NS_Shelburne
CD_NS_Shelburne,1921,CD_NS_Shelburne_1921
CD_NS_Shelburne_&_Queens,1901,CD_NS_Shelburne_&_Queens
CD_NS_Shelburne_&_Queens,1911,CD_NS_Shelburne_&_Queens
CD_NS_Shelburne_1921,1921,CD_NS_Shelburne_1921_1921
CD_NS_Victoria,1871,CD_NS_Victoria
CD_NS_Victoria,1881,CD_NS_Victoria
CD_NS_Victoria,1891,CD_NS_Victoria
CD_NS_Victoria,1901,CD_NS_Victoria
CD_NS_Victoria,1921,CD_NS_Victoria_1921
CD_NS_Victoria_1921,1921,CD_NS_Victoria_1921_1921
CD_NS_Yarmouth,1871,CD_NS_Yarmouth
CD_NS_Yarmouth,1881,CD_NS_Yarmouth
CD_NS_Yarmouth,1891,CD_NS_Yarmouth
CD_NS_Yarmouth,1901,CD_NS_Yarmouth
CD_NS_Yarmouth,1911,CD_NS_Yarmouth
CD_NS_Yarmouth,1921,CD_NS_Yarmouth
CD_NT_Alberta,1891,CD_NT_Alberta
CD_NT_Alberta,1901,CD_NT_Alberta
"CD_NT_Assiniboia,_East—Est",1901,CD_NT_Assiniboia_East
"CD_NT_Assiniboia,_West—Ouest",1901,CD_NT_Assiniboia_West
CD_NT_Assiniboia_East,1891,CD_NT_Assiniboia_East_1891
CD_NT_Assiniboia_East,1901,CD_NT_Assiniboia_East_1901
CD_NT_Assiniboia_East-Est,1891,CD_NT_Assiniboia_East
CD_NT_Assiniboia_West,1891,CD_NT_Assiniboia_West_1891
CD_NT_Assiniboia_West,1901,CD_NT_Assiniboia_West_1901
CD_NT_Assiniboia_West-Ouest,1891,CD_NT_Assiniboia_West
CD_NT_Northwest_Territories,1911,CD_NT_Northwest_Territories
CD_NT_Northwest_Territories,1921,CD_NT_Northwest_Territories
CD_NT_Saskatchewan,1891,CD_NT_Saskatchewan
CD_NT_Saskatchewan,1901,CD_NT_Saskatchewan
CD_NT_The_Territories,1851,CD_NT_The_Territories
CD_NT_The_Territories,1861,CD_NT_The_Territories
CD_NT_The_Territories,1871,CD_NT_The_Territories
CD_NT_The_Territories,1881,CD_NT_The_Territories
CD_NT_The_Unorganized_Territories,1891,CD_NT_The_Unorganized_Territories
CD_NT_Unorganized_Territories,1901,CD_NT_Unorganized_Territories
CD_NT_Unorganized_Territories—Territoires_non-organisés,1901,CD_NT_Unorganized_Territories—Territoires_non-organisés
CD_ON_Addington,1851,CD_ON_Addington
CD_ON_Addington,1871,CD_ON_Addington_1871
CD_ON_Addington,1881,CD_ON_Addington_1871
CD_ON_Addington,1891,CD_ON_Addington_1871
CD_ON_Addington,1901,CD_ON_Addington_1871
CD_ON_Addington,1921,CD_ON_Addington_1921
CD_ON_Addington_1871,1871,CD_ON_Addington_1871_1871
CD_ON_Addington_1871,1881,CD_ON_Addington_1881
CD_ON_Addington_1871,1891,CD_ON_Addington_1891
CD_ON_Addington_1871,1901,CD_ON_Addington_1901
CD_ON_Addington_1921,1921,CD_ON_Addington_1921_1921
CD_ON_Algoma,1861,CD_ON_Algoma
CD_ON_Algoma,1881,CD_ON_Algoma
CD_ON_Algoma,1891,CD_ON_Algoma
CD_ON_Algoma,1901,CD_ON_Algoma
CD_ON_Algoma,1921,CD_ON_Algoma
"CD_ON_Algoma,_Centre",1871,CD_ON_Algoma_Centre
"CD_ON_Algoma,_East—Est",1871,CD_ON_Algoma_East
"CD_ON_Algoma,_West—Ouest",1871,CD_ON_Algoma_West
CD_ON_Algoma_Centre,1871,CD_ON_Algoma_Centre_1871
CD_ON_Algoma_E,1911,CD_ON_Algoma_East_1911
CD_ON_Algoma_East,1871,CD_ON_Algoma_East_1871
CD_ON_Algoma_East_1911,1911,CD_ON_Algoma_East_1911_1911
CD_ON_Algoma_W-O,1911,CD_ON_Algoma_West_1911
CD_ON_Algoma_West,1871,CD_ON_Algoma_West_1871
CD_ON_Algoma_West_1911,1911,CD_ON_Algoma_West_1911_1911
CD_ON_Bothwell,1871,CD_ON_Bothwell
CD_ON_Bothwell,1881,CD_ON_Bothwell
CD_ON_Bothwell,1891,CD_ON_Bothwell
CD_ON_Bothwell,1901,CD_ON_Bothwell
CD_ON_Brant,1851,CD_ON_Brant
CD_ON_Brant,1861,CD_ON_Brant_1861
CD_ON_Brant,1911,CD_ON_Brant_1911
CD_ON_Brant,1921,CD_ON_Brant_1911
"CD_ON_Brant,_North_or_East—Nord_ou_East",1871,"CD_ON_Brant,_North_or_East—Nord_ou_East_1871"
"CD_ON_Brant,_North_or_East—Nord_ou_Est",1871,"CD_ON_Brant,_North_or_East—Nord_ou_East"
"CD_ON_Brant,_North—Nord",1881,CD_ON_Brant_North
"CD_ON_Brant,_North—Nord",1891,CD_ON_Brant_North_1891
"CD_ON_Brant,_South_or_West—Sud_ou_Ouest",1871,"CD_ON_Brant,_South_or_West—Sud_ou_West"
"CD_ON_Brant,_South_or_West—Sud_ou_West",1871,"CD_ON_Brant,_South_or_West—Sud_ou_West_1871"
"CD_ON_Brant,_South—Sud",1881,CD_ON_Brant_South
"CD_ON_Brant,_South—Sud",1891,CD_ON_Brant_South_1891
"CD_ON_Brant,_South—Sud",1901,CD_ON_Brant_South_1891
CD_ON_Brant_,1861,CD_ON_Brant_1861_1861
CD_ON_Brant_1861,1861,CD_ON_Brant_1861_1861_1861
CD_ON_Brant_1861_1861,1861,CD_ON_Brant_1861_1861_1861_1861
CD_ON_Brant_1911,1911,CD_ON_Brant_1911_1911
CD_ON_Brant_1911,1921,CD_ON_Brant_1921
CD_ON_Brant_North,1881,CD_ON_Brant_North_1881
CD_ON_Brant_North,1891,CD_ON_Brant_North_1891_1891
CD_ON_Brant_South,1881,CD_ON_Brant_South_1881
CD_ON_Brant_South,1891,CD_ON_Brant_South_1891_1891
CD_ON_Brant_South,1901,CD_ON_Brant_South_1901
CD_ON_Brantford,1911,CD_ON_Brantford
CD_ON_Brockville,1871,CD_ON_Brockville
CD_ON_Brockville,1881,CD_ON_Brockville
CD_ON_Brockville,1891,CD_ON_Brockville
CD_ON_Brockville,1901,CD_ON_Brockville
CD_ON_Brockville,1911,CD_ON_Brockville
CD_ON_Bruce,1851,CD_ON_Bruce
CD_ON_Bruce,1861,CD_ON_Bruce
CD_ON_Bruce,1921,CD_ON_Bruce_1921
"CD_ON_Bruce,_East—Est",1891,CD_ON_Bruce_East
"CD_ON_Bruce,_East—Est",1901,CD_ON_Bruce_East
"CD_ON_Bruce,_North—Nord",1871,CD_ON_Bruce_North
"CD_ON_Bruce,_North—Nord",1881,CD_ON_Bruce_North
"CD_ON_Bruce,_North—Nord",1891,CD_ON_Bruce_North
"CD_ON_Bruce,_North—Nord",1901,CD_ON_Bruce_North
"CD_ON_Bruce,_South—Sud",1871,CD_ON_Bruce_South
"CD_ON_Bruce,_South—Sud",1881,CD_ON_Bruce_South
"CD_ON_Bruce,_West—Ouest",1891,CD_ON_Bruce_West
"CD_ON_Bruce,_West—Ouest",1901,CD_ON_Bruce_West
CD_ON_Bruce_1921,1921,CD_ON_Bruce_1921_1921
CD_ON_Bruce_East,1891,CD_ON_Bruce_East_1891
CD_ON_Bruce_East,1901,CD_ON_Bruce_East_1901
CD_ON_Bruce_N,1911,CD_ON_Bruce_North_1911
CD_ON_Bruce_North,1871,CD_ON_Bruce_North_1871
CD_ON_Bruce_North,1881,CD_ON_Bruce_North_1881
CD_ON_Bruce_North,1891,CD_ON_Bruce_North_1891
CD_ON_Bruce_North,1901,CD_ON_Bruce_North_1901
CD_ON_Bruce_North,1911,CD_ON_Bruce_North_1911_1911
CD_ON_Bruce_S,1911,CD_ON_Bruce_South_1911
CD_ON_Bruce_South,1871,CD_ON_Bruce_South_1871
CD_ON_Bruce_South,1881,CD_ON_Bruce_South_1881
CD_ON_Bruce_South_1911,1911,CD_ON_Bruce_South_1911_1911
CD_ON_Bruce_West,1891,CD_ON_Bruce_West_1891
CD_ON_Bruce_West,1901,CD_ON_Bruce_West_1901
CD_ON_Bytown,1851,CD_ON_Bytown
CD_ON_Cardwell,1871,CD_ON_Cardwell
CD_ON_Cardwell,1881,CD_ON_Cardwell
CD_ON_Cardwell,1891,CD_ON_Cardwell
CD_ON_Cardwell,1901,CD_ON_Cardwell
CD_ON_Carleton,1851,CD_ON_Carleton
CD_ON_Carleton,1861,CD_ON_Carleton
CD_ON_Carleton,1871,CD_ON_Carleton
CD_ON_Carleton,1881,CD_ON_Carleton
CD_ON_Carleton,1891,CD_ON_Carleton
CD_ON_Carleton,1901,CD_ON_Carleton
CD_ON_Carleton,1911,CD_ON_Carleton
CD_ON_Carleton,1921,CD_ON_Carleton
CD_ON_Cornwall,1871,CD_ON_Cornwall
CD_ON_Cornwall,1881,CD_ON_Cornwall
CD_ON_Cornwall_&_Stormont,1891,CD_ON_Stormont_1891
CD_ON_Cornwall_&_Stormont,1901,CD_ON_Stormont_1891
CD_ON_Dover,1871,CD_ON_Kent_1871
CD_ON_Dufferin,1911,CD_ON_Dufferin
CD_ON_Dufferin,1921,CD_ON_Dufferin
CD_ON_Dundas,1851,CD_ON_Dundas
CD_ON_Dundas,1861,CD_ON_Dundas
CD_ON_Dundas,1871,CD_ON_Dundas
CD_ON_Dundas,1881,CD_ON_Dundas
CD_ON_Dundas,1891,CD_ON_Dundas
CD_ON_Dundas,1901,CD_ON_Dundas
CD_ON_Dundas,1911,CD_ON_Dundas
CD_ON_Dundas,1921,CD_ON_Dundas
CD_ON_Durham,1851,CD_ON_Durham
CD_ON_Durham,1861,CD_ON_Durham_1861
CD_ON_Durham,1911,CD_ON_Durham
CD_ON_Durham,1921,CD_ON_Durham
"CD_ON_Durham,_East—Est",1871,CD_ON_Durham_East
"CD_ON_Durham,_East—Est",1881,CD_ON_Durham_East
"CD_ON_Durham,_East—Est",1891,CD_ON_Durham_East
"CD_ON_Durham,_East—Est",1901,CD_ON_Durham_East
"CD_ON_Durham,_West—Ouest",1871,CD_ON_Durham_West
"CD_ON_Durham,_West—Ouest",1881,CD_ON_Durham_West
"CD_ON_Durham,_West—Ouest",1891,CD_ON_Durham_West
"CD_ON_Durham,_West—Ouest",1901,CD_ON_Durham_West
CD_ON_Durham_,1861,CD_ON_Durham
CD_ON_Durham_East,1871,CD_ON_Durham_East_1871
CD_ON_Durham_East,1881,CD_ON_Durham_East_1881
CD_ON_Durham_East,1891,CD_ON_Durham_East_1891
CD_ON_Durham_East,1901,CD_ON_Durham_East_1901
CD_ON_Durham_West,1871,CD_ON_Durham_West_1871
CD_ON_Durham_West,1881,CD_ON_Durham_West_1881
CD_ON_Durham_West,1891,CD_ON_Durham_West_1891
CD_ON_Durham_West,1901,CD_ON_Durham_West_1901
CD_ON_Elgin,1851,CD_ON_Elgin
CD_ON_Elgin,1861,CD_ON_Elgin
CD_ON_Elgin,1921,CD_ON_Elgin
"CD_ON_Elgin,_East—Est",1871,CD_ON_Elgin_East
"CD_ON_Elgin,_East—Est",1881,CD_ON_Elgin_East
"CD_ON_Elgin,_East—Est",1891,CD_ON_Elgin_East
"CD_ON_Elgin,_East—Est",1901,CD_ON_Elgin_East
"CD_ON_Elgin,_West—Ouest",1871,CD_ON_Elgin_West
"CD_ON_Elgin,_West—Ouest",1881,CD_ON_Elgin_West
"CD_ON_Elgin,_West—Ouest",1891,CD_ON_Elgin_West
"CD_ON_Elgin,_West—Ouest",1901,CD_ON_Elgin_West
CD_ON_Elgin_E,1911,CD_ON_Elgin_East
CD_ON_Elgin_East,1871,CD_ON_Elgin_East_1871
CD_ON_Elgin_East,1881,CD_ON_Elgin_East_1881
CD_ON_Elgin_East,1891,CD_ON_Elgin_East_1891
CD_ON_Elgin_East,1901,CD_ON_Elgin_East_1901
CD_ON_Elgin_East,1911,CD_ON_Elgin_East_1911
CD_ON_Elgin_W-O,1911,CD_ON_Elgin_West
CD_ON_Elgin_West,1871,CD_ON_Elgin_West_1871
CD_ON_Elgin_West,1881,CD_ON_Elgin_West_1881
CD_ON_Elgin_West,1891,CD_ON_Elgin_West_1891
CD_ON_Elgin_West,1901,CD_ON_Elgin_West_1901
CD_ON_Elgin_West,1911,CD_ON_Elgin_West_1911
CD_ON_Essex,1851,CD_ON_Essex
CD_ON_Essex,1861,CD_ON_Essex
CD_ON_Essex,1871,CD_ON_Essex
CD_ON_Essex,1881,CD_ON_Essex
CD_ON_Essex,1921,CD_ON_Essex
"CD_ON_Essex,_North—Nord",1891,CD_ON_Essex_North
"CD_ON_Essex,_North—Nord",1901,CD_ON_Essex_North
"CD_ON_Essex,_South—Sud",1891,CD_ON_Essex_South
"CD_ON_Essex,_South—Sud",1901,CD_ON_Essex_South
CD_ON_Essex_N,1911,CD_ON_Essex_North
CD_ON_Essex_North,1891,CD_ON_Essex_North_1891
CD_ON_Essex_North,1901,CD_ON_Essex_North_1901
CD_ON_Essex_North,1911,CD_ON_Essex_North_1911
CD_ON_Essex_S,1911,CD_ON_Essex_South
CD_ON_Essex_South,1891,CD_ON_Essex_South_1891
CD_ON_Essex_South,1901,CD_ON_Essex_South_1901
CD_ON_Essex_South,1911,CD_ON_Essex_South_1911
CD_ON_Frontenac,1851,CD_ON_Frontenac
CD_ON_Frontenac,1861,CD_ON_Frontenac
CD_ON_Frontenac,1871,CD_ON_Frontenac
CD_ON_Frontenac,1881,CD_ON_Frontenac
CD_ON_Frontenac,1891,CD_ON_Frontenac
CD_ON_Frontenac,1901,CD_ON_Frontenac
CD_ON_Frontenac,1911,CD_ON_Frontenac
CD_ON_Frontenac,1921,CD_ON_Frontenac
CD_ON_Glengarry,1851,CD_ON_Glengarry
CD_ON_Glengarry,1861,CD_ON_Glengarry
CD_ON_Glengarry,1871,CD_ON_Glengarry
CD_ON_Glengarry,1881,CD_ON_Glengarry
CD_ON_Glengarry,1891,CD_ON_Glengarry
CD_ON_Glengarry,1901,CD_ON_Glengarry
CD_ON_Glengarry,1911,CD_ON_Glengarry
CD_ON_Glengarry,1921,CD_ON_Glengarry
CD_ON_Glengary,1851,CD_ON_Glengarry
CD_ON_Glengary_,1861,CD_ON_Glengarry
CD_ON_Grenville,1851,CD_ON_Grenville
CD_ON_Grenville,1861,CD_ON_Grenville_1861
CD_ON_Grenville,1911,CD_ON_Grenville
CD_ON_Grenville,1921,CD_ON_Grenville
"CD_ON_Grenville,_South—Sud",1871,CD_ON_Grenville_South
"CD_ON_Grenville,_South—Sud",1881,CD_ON_Grenville_South
"CD_ON_Grenville,_South—Sud",1891,CD_ON_Grenville_South
"CD_ON_Grenville,_South—Sud",1901,CD_ON_Grenville_South
CD_ON_Grenville_,1861,CD_ON_Grenville
CD_ON_Grenville_South,1871,CD_ON_Grenville_South_1871
CD_ON_Grenville_South,1881,CD_ON_Grenville_South_1881
CD_ON_Grenville_South,1891,CD_ON_Grenville_South_1891
CD_ON_Grenville_South,1901,CD_ON_Grenville_South_1901
CD_ON_Grey,1851,CD_ON_Grey
CD_ON_Grey,1861,CD_ON_Grey
CD_ON_Grey,1921,CD_ON_Grey_1921
"CD_ON_Grey,_East—Est",1881,CD_ON_Grey_East
"CD_ON_Grey,_East—Est",1891,CD_ON_Grey_East
"CD_ON_Grey,_East—Est",1901,CD_ON_Grey_East
"CD_ON_Grey,_North—Nord",1871,CD_ON_Grey_North
"CD_ON_Grey,_North—Nord",1881,CD_ON_Grey_North
"CD_ON_Grey,_North—Nord",1891,CD_ON_Grey_North
"CD_ON_Grey,_North—Nord",1901,CD_ON_Grey_North
"CD_ON_Grey,_South—Sud",1871,CD_ON_Grey_South
"CD_ON_Grey,_South—Sud",1881,CD_ON_Grey_South
"CD_ON_Grey,_South—Sud",1891,CD_ON_Grey_South
"CD_ON_Grey,_South—Sud",1901,CD_ON_Grey_South
CD_ON_Grey_E,1911,CD_ON_Grey_East_1911
CD_ON_Grey_East,1881,CD_ON_Grey_East_1881
CD_ON_Grey_East,1891,CD_ON_Grey_East_1891
CD_ON_Grey_East,1901,CD_ON_Grey_East_1901
CD_ON_Grey_East,1911,CD_ON_Grey_East_1911_1911
CD_ON_Grey_N,1911,CD_ON_Grey_North_1911
CD_ON_Grey_North,1871,CD_ON_Grey_North_1871
CD_ON_Grey_North,1881,CD_ON_Grey_North_1881
CD_ON_Grey_North,1891,CD_ON_Grey_North_1891
CD_ON_Grey_North,1901,CD_ON_Grey_North_1901
CD_ON_Grey_North,1911,CD_ON_Grey_North_1911_1911
CD_ON_Grey_S,1911,CD_ON_Grey_South_1911
CD_ON_Grey_South,1871,CD_ON_Grey_South_1871
CD_ON_Grey_South,1881,CD_ON_Grey_South_1881
CD_ON_Grey_South,1891,CD_ON_Grey_South_1891
CD_ON_Grey_South,1901,CD_ON_Grey_South_1901
CD_ON_Grey_South,1911,CD_ON_Grey_South_1911_1911
CD_ON_Haldimand,1851,CD_ON_Haldimand
CD_ON_Haldimand,1861,CD_ON_Haldimand
CD_ON_Haldimand,1871,CD_ON_Haldimand
CD_ON_Haldimand,1881,CD_ON_Haldimand
CD_ON_Haldimand,1891,CD_ON_Haldimand
CD_ON_Haldimand,1911,CD_ON_Haldimand_1911
CD_ON_Haldimand,1921,CD_ON_Haldimand_1911
CD_ON_Haldimand_&_Monok,1901,CD_ON_Haldimand_&_Monok
CD_ON_Haldimand_1911,1911,CD_ON_Haldimand_1911_1911
CD_ON_Haldimand_1911,1921,CD_ON_Haldimand_1921
CD_ON_Haliburton,1921,CD_ON_Haliburton
CD_ON_Halton,1851,CD_ON_Halton
CD_ON_Halton,1861,CD_ON_Halton
CD_ON_Halton,1871,CD_ON_Halton
CD_ON_Halton,1881,CD_ON_Halton
CD_ON_Halton,1891,CD_ON_Halton
CD_ON_Halton,1901,CD_ON_Halton
CD_ON_Halton,1911,CD_ON_Halton
CD_ON_Halton,1921,CD_ON_Halton
CD_ON_Hamilton,1851,CD_ON_Hamilton
CD_ON_Hamilton,1861,CD_ON_Hamilton
CD_ON_Hamilton,1871,CD_ON_Hamilton
"CD_ON_Hamilton,_City—Cité",1881,CD_ON_Hamilton_City
"CD_ON_Hamilton,_City—Cité",1891,CD_ON_Hamilton_City
"CD_ON_Hamilton,_City—Cité",1901,CD_ON_Hamilton_City
CD_ON_Hamilton_City,1881,CD_ON_Hamilton_City_1881
CD_ON_Hamilton_City,1891,CD_ON_Hamilton_City_1891
CD_ON_Hamilton_City,1901,CD_ON_Hamilton_City_1901
CD_ON_Hamilton_E,1911,CD_ON_Hamilton_East
CD_ON_Hamilton_East,1911,CD_ON_Hamilton_East_1911
CD_ON_Hamilton_W-O,1911,CD_ON_Hamilton_West
CD_ON_Hamilton_West,1911,CD_ON_Hamilton_West_1911
CD_ON_Hastings,1851,CD_ON_Hastings
CD_ON_Hastings,1861,CD_ON_Hastings
CD_ON_Hastings,1921,CD_ON_Hastings_1921
"CD_ON_Hastings,_East—Est",1871,CD_ON_Hastings_East
"CD_ON_Hastings,_East—Est",1881,CD_ON_Hastings_East
"CD_ON_Hastings,_East—Est",1891,CD_ON_Hastings_East
"CD_ON_Hastings,_East—Est",1901,CD_ON_Hastings_East
"CD_ON_Hastings,_North—Nord",1871,CD_ON_Hastings_North
"CD_ON_Hastings,_North—Nord",1881,CD_ON_Hastings_North
"CD_ON_Hastings,_North—Nord",1891,CD_ON_Hastings_North
"CD_ON_Hastings,_North—Nord",1901,CD_ON_Hastings_North
"CD_ON_Hastings,_West—Ouest",1871,CD_ON_Hastings_West
"CD_ON_Hastings,_West—Ouest",1881,CD_ON_Hastings_West
"CD_ON_Hastings,_West—Ouest",1891,CD_ON_Hastings_West
"CD_ON_Hastings,_West—Ouest",1901,CD_ON_Hastings_West
CD_ON_Hastings_1921,1921,CD_ON_Hastings_1921_1921
CD_ON_Hastings_E,1911,CD_ON_Hastings_East
CD_ON_Hastings_East,1871,CD_ON_Hastings_East_1871
CD_ON_Hastings_East,1881,CD_ON_Hastings_East_1881
CD_ON_Hastings_East,1891,CD_ON_Hastings_East_1891
CD_ON_Hastings_East,1901,CD_ON_Hastings_East_1901
CD_ON_Hastings_East,1911,CD_ON_Hastings_East_1911
CD_ON_Hastings_North,1871,CD_ON_Hastings_North_1871
CD_ON_Hastings_North,1881,CD_ON_Hastings_North_1881
CD_ON_Hastings_North,1891,CD_ON_Hastings_North_1891
CD_ON_Hastings_North,1901,CD_ON_Hastings_North_1901
CD_ON_Hastings_W-O,1911,CD_ON_Hastings_West
CD_ON_Hastings_West,1871,CD_ON_Hastings_West_1871
CD_ON_Hastings_West,1881,CD_ON_Hastings_West_1881
CD_ON_Hastings_West,1891,CD_ON_Hastings_West_1891
CD_ON_Hastings_West,1901,CD_ON_Hastings_West_1901
CD_ON_Hastings_West,1911,CD_ON_Hastings_West_1911
CD_ON_Huron,1851,CD_ON_Huron
CD_ON_Huron,1861,CD_ON_Huron
CD_ON_Huron,1921,CD_ON_Huron_1921
"CD_ON_Huron,_Centre",1881,CD_ON_Huron_Centre
"CD_ON_Huron,_East—Est",1891,CD_ON_Huron_East
"CD_ON_Huron,_East—Est",1901,CD_ON_Huron_East
"CD_ON_Huron,_North—Nord",1871,CD_ON_Huron_North
"CD_ON_Huron,_North—Nord",1881,CD_ON_Huron_North
"CD_ON_Huron,_South—Sud",1871,CD_ON_Huron_South
"CD_ON_Huron,_South—Sud",1881,CD_ON_Huron_South
"CD_ON_Huron,_South—Sud",1891,CD_ON_Huron_South_1891
"CD_ON_Huron,_South—Sud",1901,CD_ON_Huron_South_1891
"CD_ON_Huron,_West—Ouest",1891,CD_ON_Huron_West
"CD_ON_Huron,_West—Ouest",1901,CD_ON_Huron_West
CD_ON_Huron_1921,1921,CD_ON_Huron_1921_1921
CD_ON_Huron_Centre,1881,CD_ON_Huron_Centre_1881
CD_ON_Huron_E,1911,CD_ON_Huron_East
CD_ON_Huron_East,1891,CD_ON_Huron_East_1891
CD_ON_Huron_East,1901,CD_ON_Huron_East_1901
CD_ON_Huron_East,1911,CD_ON_Huron_East_1911
CD_ON_Huron_North,1871,CD_ON_Huron_North_1871
CD_ON_Huron_North,1881,CD_ON_Huron_North_1881
CD_ON_Huron_S,1911,CD_ON_Huron_South
CD_ON_Huron_South,1871,CD_ON_Huron_South_1871
CD_ON_Huron_South,1881,CD_ON_Huron_South_1881
CD_ON_Huron_South,1891,CD_ON_Huron_South_1891_1891
CD_ON_Huron_South,1901,CD_ON_Huron_South_1901
CD_ON_Huron_South,1911,CD_ON_Huron_South_1911_1911
CD_ON_Huron_W-O,1911,CD_ON_Huron_West_1911
CD_ON_Huron_West,1891,CD_ON_Huron_West_1891
CD_ON_Huron_West,1901,CD_ON_Huron_West_1901
CD_ON_Huron_West,1911,CD_ON_Huron_West_1911_1911
CD_ON_Kenora,1921,CD_ON_Kenora
CD_ON_Kent,1851,CD_ON_Kent
CD_ON_Kent,1861,CD_ON_Kent
CD_ON_Kent,1881,CD_ON_Kent_1871
CD_ON_Kent,1891,CD_ON_Kent_1871
CD_ON_Kent,1901,CD_ON_Kent_1871
CD_ON_Kent,1921,CD_ON_Kent
CD_ON_Kent_1871,1871,CD_ON_Kent
CD_ON_Kent_1871,1881,CD_ON_Kent_1881
CD_ON_Kent_1871,1891,CD_ON_Kent_1891
CD_ON_Kent_1871,1901,CD_ON_Kent_1901
CD_ON_Kent_1871,1911,CD_ON_Kent
CD_ON_Kent_E,1911,CD_ON_Kent_East
CD_ON_Kent_East,1911,CD_ON_Kent_East_1911
CD_ON_Kent_W-O,1911,CD_ON_Kent_1871
CD_ON_Kingston,1861,CD_ON_Kingston
CD_ON_Kingston,1871,CD_ON_Kingston
CD_ON_Kingston,1911,CD_ON_Kingston
"CD_ON_Kingston,_City",1851,CD_ON_Kingston_City
"CD_ON_Kingston,_City—Cite",1881,CD_ON_Kingston_City_1881_1901
"CD_ON_Kingston,_City—Cite",1891,CD_ON_Kingston_City_1881_1901
"CD_ON_Kingston,_City—Cite",1901,CD_ON_Kingston_City_1881_1901
"CD_ON_Kingston,_City—Cité",1881,CD_ON_Kingston_City_1881
"CD_ON_Kingston,_City—Cité",1891,CD_ON_Kingston_City_1881
"CD_ON_Kingston,_City—Cité",1901,CD_ON_Kingston_City_1881
CD_ON_Kingston_City,1851,CD_ON_Kingston_City_1851
CD_ON_Kingston_City_1881,1881,CD_ON_Kingston_City_1881_1881
CD_ON_Kingston_City_1881,1891,CD_ON_Kingston_City_1891
CD_ON_Kingston_City_1881,1901,CD_ON_Kingston_City_1901_1901
CD_ON_Kingston_City_1881_1901,1881,CD_ON_Kingston_City_1881_1881_1881
CD_ON_Kingston_City_1881_1901,1891,CD_ON_Kingston_City_1891_1891
CD_ON_Kingston_City_1881_1901,1901,CD_ON_Kingston_City_1901
CD_ON_Lambton,1851,CD_ON_Lambton
CD_ON_Lambton,1861,CD_ON_Lambton
CD_ON_Lambton,1871,CD_ON_Lambton
CD_ON_Lambton,1881,CD_ON_Lambton
CD_ON_Lambton,1921,CD_ON_Lambton
"CD_ON_Lambton,_East—Est",1891,CD_ON_Lambton_East
"CD_ON_Lambton,_East—Est",1901,CD_ON_Lambton_East
"CD_ON_Lambton,_West—Ouest",1891,CD_ON_Lambton_West
"CD_ON_Lambton,_West—Ouest",1901,CD_ON_Lambton_West
CD_ON_Lambton_East,1891,CD_ON_Lambton_East_1891
CD_ON_Lambton_East,1901,CD_ON_Lambton_East_1901
CD_ON_Lambton_East,1911,CD_ON_Lambton_East
CD_ON_Lambton_W-O,1911,CD_ON_Lambton_West
CD_ON_Lambton_West,1891,CD_ON_Lambton_West_1891
CD_ON_Lambton_West,1901,CD_ON_Lambton_West_1901
CD_ON_Lambton_West,1911,CD_ON_Lambton_West_1911
CD_ON_Lanark,1851,CD_ON_Lanark
CD_ON_Lanark,1861,CD_ON_Lanark
CD_ON_Lanark,1921,CD_ON_Lanark
"CD_ON_Lanark,_North—Nord",1871,CD_ON_Lanark_North
"CD_ON_Lanark,_North—Nord",1881,CD_ON_Lanark_North
"CD_ON_Lanark,_North—Nord",1891,CD_ON_Lanark_North
"CD_ON_Lanark,_North—Nord",1901,CD_ON_Lanark_North
"CD_ON_Lanark,_South—Sud",1871,CD_ON_Lanark_South
"CD_ON_Lanark,_South—Sud",1881,CD_ON_Lanark_South
"CD_ON_Lanark,_South—Sud",1891,CD_ON_Lanark_South
"CD_ON_Lanark,_South—Sud",1901,CD_ON_Lanark_South
CD_ON_Lanark_N,1911,CD_ON_Lanark_North
CD_ON_Lanark_North,1871,CD_ON_Lanark_North_1871
CD_ON_Lanark_North,1881,CD_ON_Lanark_North_1881
CD_ON_Lanark_North,1891,CD_ON_Lanark_North_1891
CD_ON_Lanark_North,1901,CD_ON_Lanark_North_1901
CD_ON_Lanark_North,1911,CD_ON_Lanark_North_1911
CD_ON_Lanark_S,1911,CD_ON_Lanark_South
CD_ON_Lanark_South,1871,CD_ON_Lanark_South_1871
CD_ON_Lanark_South,1881,CD_ON_Lanark_South_1881
CD_ON_Lanark_South,1891,CD_ON_Lanark_South_1891
CD_ON_Lanark_South,1901,CD_ON_Lanark_South_1901
CD_ON_Lanark_South,1911,CD_ON_Lanark_South_1911
CD_ON_Leeds,1851,CD_ON_Leeds
CD_ON_Leeds,1861,CD_ON_Leeds
CD_ON_Leeds,1911,CD_ON_Leeds_1911
CD_ON_Leeds,1921,CD_ON_Leeds_1911
"CD_ON_Leeds,_South—Sud",1871,CD_ON_Leeds_South
"CD_ON_Leeds,_South—Sud",1881,CD_ON_Leeds_South
"CD_ON_Leeds,_South—Sud",1891,CD_ON_Leeds_South
"CD_ON_Leeds,_South—Sud",1901,CD_ON_Leeds_South
"CD_ON_Leeds_&_Grenville,_North—Nord",1871,CD_ON_Leeds_&_Grenville_North
"CD_ON_Leeds_&_Grenville,_North—Nord",1881,CD_ON_Leeds_&_Grenville_North
"CD_ON_Leeds_&_Grenville,_North—Nord",1891,CD_ON_Leeds_&_Grenville_North
"CD_ON_Leeds_&_Grenville,_North—Nord",1901,CD_ON_Leeds_&_Grenville_North
CD_ON_Leeds_&_Grenville_North,1871,CD_ON_Leeds_&_Grenville_North_1871
CD_ON_Leeds_&_Grenville_North,1881,CD_ON_Leeds_&_Grenville_North_1881
CD_ON_Leeds_&_Grenville_North,1891,CD_ON_Leeds_&_Grenville_North_1891
CD_ON_Leeds_&_Grenville_North,1901,CD_ON_Leeds_&_Grenville_North_1901
CD_ON_Leeds_1911,1911,CD_ON_Leeds_1911_1911
CD_ON_Leeds_1911,1921,CD_ON_Leeds_1921
CD_ON_Leeds_South,1871,CD_ON_Leeds_South_1871
CD_ON_Leeds_South,1881,CD_ON_Leeds_South_1881
CD_ON_Leeds_South,1891,CD_ON_Leeds_South_1891
CD_ON_Leeds_South,1901,CD_ON_Leeds_South_1901
CD_ON_Lennox,1851,CD_ON_Lennox
CD_ON_Lennox,1871,CD_ON_Lennox_1871
CD_ON_Lennox,1881,CD_ON_Lennox_1871
CD_ON_Lennox,1891,CD_ON_Lennox_1871
CD_ON_Lennox,1901,CD_ON_Lennox_1871
CD_ON_Lennox,1921,CD_ON_Lennox_1921
CD_ON_Lennox_&_Addington,1911,CD_ON_Lennox_&_Addington
CD_ON_Lennox_1871,1871,CD_ON_Lennox_1871_1871
CD_ON_Lennox_1871,1881,CD_ON_Lennox_1881
CD_ON_Lennox_1871,1891,CD_ON_Lennox_1891
CD_ON_Lennox_1871,1901,CD_ON_Lennox_1901
CD_ON_Lennox_1921,1921,CD_ON_Lennox_1921_1921
CD_ON_Lennox_and_Addington,1861,CD_ON_Lennox_and_Addington_1861
CD_ON_Lennox_and_Addington_,1861,CD_ON_Lennox_and_Addington
CD_ON_Lincoln,1851,CD_ON_Lincoln
CD_ON_Lincoln,1861,CD_ON_Lincoln
CD_ON_Lincoln,1871,CD_ON_Lincoln
CD_ON_Lincoln,1881,CD_ON_Lincoln
CD_ON_Lincoln,1911,CD_ON_Lincoln
CD_ON_Lincoln,1921,CD_ON_Lincoln
CD_ON_Lincoln_&_Niagara,1891,CD_ON_Lincoln_&_Niagara
CD_ON_Lincoln_&_Niagara,1901,CD_ON_Lincoln_&_Niagara
CD_ON_London,1851,CD_ON_London_City
CD_ON_London,1861,CD_ON_London_City
CD_ON_London,1871,CD_ON_London_City
CD_ON_London,1911,CD_ON_London
"CD_ON_London,_City—Cité",1881,CD_ON_London_City
"CD_ON_London,_City—Cité",1891,CD_ON_London_City
"CD_ON_London,_City—Cité",1901,CD_ON_London_City
CD_ON_London_City,1851,CD_ON_London_City_1851
CD_ON_London_City,1861,CD_ON_London_City_1851
CD_ON_London_City,1871,CD_ON_London_City_1851
CD_ON_London_City,1881,CD_ON_London_City_1881
CD_ON_London_City,1891,CD_ON_London_City_1891
CD_ON_London_City,1901,CD_ON_London_City_1901
CD_ON_Manitoulin,1871,CD_ON_Manitoulin
CD_ON_Manitoulin,1921,CD_ON_Manitoulin_1921
CD_ON_Manitoulin_1921,1921,CD_ON_Manitoulin_1921_1921
CD_ON_Middlesex,1851,CD_ON_Middlesex
CD_ON_Middlesex,1861,CD_ON_Middlesex
CD_ON_Middlesex,1921,CD_ON_Middlesex_1921
"CD_ON_Middlesex,_East—Est",1871,CD_ON_Middlesex_East
"CD_ON_Middlesex,_East—Est",1881,CD_ON_Middlesex_East
"CD_ON_Middlesex,_East—Est",1891,CD_ON_Middlesex_East_1891
"CD_ON_Middlesex,_East—Est",1901,CD_ON_Middlesex_East_1891
"CD_ON_Middlesex,_North—Nord",1871,CD_ON_Middlesex_North
"CD_ON_Middlesex,_North—Nord",1881,CD_ON_Middlesex_North
"CD_ON_Middlesex,_North—Nord",1891,CD_ON_Middlesex_North_1891
"CD_ON_Middlesex,_North—Nord",1901,CD_ON_Middlesex_North_1891
"CD_ON_Middlesex,_South—Sud",1891,CD_ON_Middlesex_South
"CD_ON_Middlesex,_South—Sud",1901,CD_ON_Middlesex_South
"CD_ON_Middlesex,_West—Ouest",1871,CD_ON_Middlesex_West
"CD_ON_Middlesex,_West—Ouest",1881,CD_ON_Middlesex_West
"CD_ON_Middlesex,_West—Ouest",1891,CD_ON_Middlesex_West_1891
"CD_ON_Middlesex,_West—Ouest",1901,CD_ON_Middlesex_West_1891
CD_ON_Middlesex_E,1911,CD_ON_Middlesex_East
CD_ON_Middlesex_East,1871,CD_ON_Middlesex_East_1871
CD_ON_Middlesex_East,1881,CD_ON_Middlesex_East_1881
CD_ON_Middlesex_East,1891,CD_ON_Middlesex_East_1891_1891
CD_ON_Middlesex_East,1901,CD_ON_Middlesex_East_1901
CD_ON_Middlesex_East,1911,CD_ON_Middlesex_East_1911_1911
CD_ON_Middlesex_N,1911,CD_ON_Middlesex_North
CD_ON_Middlesex_North,1871,CD_ON_Middlesex_North_1871
CD_ON_Middlesex_North,1881,CD_ON_Middlesex_North_1881
CD_ON_Middlesex_North,1891,CD_ON_Middlesex_North_1891_1891
CD_ON_Middlesex_North,1901,CD_ON_Middlesex_North_1901
CD_ON_Middlesex_North,1911,CD_ON_Middlesex_North_1911_1911
CD_ON_Middlesex_South,1891,CD_ON_Middlesex_South_1891
CD_ON_Middlesex_South,1901,CD_ON_Middlesex_South_1901
CD_ON_Middlesex_W-O,1911,CD_ON_Middlesex_West
CD_ON_Middlesex_West,1871,CD_ON_Middlesex_West_1871
CD_ON_Middlesex_West,1881,CD_ON_Middlesex_West_1881
CD_ON_Middlesex_West,1891,CD_ON_Middlesex_West_1891_1891
CD_ON_Middlesex_West,1901,CD_ON_Middlesex_West_1901
CD_ON_Middlesex_West,1911,CD_ON_Middlesex_West_1911_1911
CD_ON_Monck,1871,CD_ON_Monck
CD_ON_Monck,1881,CD_ON_Monck
CD_ON_Monck,1891,CD_ON_Monck
CD_ON_Muskoka,1871,CD_ON_Muskoka
CD_ON_Muskoka,1881,CD_ON_Muskoka
CD_ON_Muskoka,1911,CD_ON_Muskoka_1911
CD_ON_Muskoka,1921,CD_ON_Muskoka_1911
CD_ON_Muskoka_&_Parry_Sound,1891,CD_ON_Muskoka_&_Parry_Sound
CD_ON_Muskoka_&_Parry_Sound,1901,CD_ON_Muskoka_&_Parry_Sound
CD_ON_Muskoka_1911,1911,CD_ON_Muskoka_1911_1911
CD_ON_Muskoka_1911,1921,CD_ON_Muskoka_1921
CD_ON_Niagara,1871,CD_ON_Niagara
CD_ON_Niagara,1881,CD_ON_Niagara
CD_ON_Nipissing,1861,CD_ON_Nipissing
CD_ON_Nipissing,1891,CD_ON_Nipissing_1891
CD_ON_Nipissing,1901,CD_ON_Nipissing_1891
CD_ON_Nipissing,1911,CD_ON_Nipissing_1891
CD_ON_Nipissing,1921,CD_ON_Nipissing_1891
"CD_ON_Nipissing,_North—Nord",1871,CD_ON_Nipissing_North
"CD_ON_Nipissing,_South—Sud",1871,CD_ON_Nipissing_South
CD_ON_Nipissing_1891,1891,CD_ON_Nipissing_1891_1891
CD_ON_Nipissing_1891,1901,CD_ON_Nipissing_1901
CD_ON_Nipissing_1891,1911,CD_ON_Nipissing_1911
CD_ON_Nipissing_1891,1921,CD_ON_Nipissing_1921
CD_ON_Nipissing_North,1871,CD_ON_Nipissing_North_1871
CD_ON_Nipissing_South,1871,CD_ON_Nipissing_South_1871
CD_ON_Norfolk,1851,CD_ON_Norfolk
CD_ON_Norfolk,1861,CD_ON_Norfolk
CD_ON_Norfolk,1911,CD_ON_Norfolk
CD_ON_Norfolk,1921,CD_ON_Norfolk
"CD_ON_Norfolk,_North—Nord",1871,CD_ON_Norfolk_North
"CD_ON_Norfolk,_North—Nord",1881,CD_ON_Norfolk_North
"CD_ON_Norfolk,_North—Nord",1891,CD_ON_Norfolk_North
"CD_ON_Norfolk,_North—Nord",1901,CD_ON_Norfolk_North
"CD_ON_Norfolk,_South—Sud",1871,CD_ON_Norfolk_South
"CD_ON_Norfolk,_South—Sud",1881,CD_ON_Norfolk_South
"CD_ON_Norfolk,_South—Sud",1891,CD_ON_Norfolk_South
"CD_ON_Norfolk,_South—Sud",1901,CD_ON_Norfolk_South
CD_ON_Norfolk_North,1871,CD_ON_Norfolk_North_1871
CD_ON_Norfolk_North,1881,CD_ON_Norfolk_North_1881
CD_ON_Norfolk_North,1891,CD_ON_Norfolk_North_1891
CD_ON_Norfolk_North,1901,CD_ON_Norfolk_North_1901
CD_ON_Norfolk_South,1871,CD_ON_Norfolk_South_1871
CD_ON_Norfolk_South,1881,CD_ON_Norfolk_South_1881
CD_ON_Norfolk_South,1891,CD_ON_Norfolk_South_1891
CD_ON_Norfolk_South,1901,CD_ON_Norfolk_South_1901
CD_ON_Northumber_Land_E,1911,CD_ON_Northumberland_East
CD_ON_Northumber_Land_W-O,1911,CD_ON_Northumberland_West
CD_ON_Northumberland,1851,CD_ON_Northumberland
CD_ON_Northumberland,1861,CD_ON_Northumberland
CD_ON_Northumberland,1921,CD_ON_Northumberland
"CD_ON_Northumberland,_East—Est",1871,CD_ON_Northumberland_East
"CD_ON_Northumberland,_East—Est",1881,CD_ON_Northumberland_East
"CD_ON_Northumberland,_East—Est",1891,CD_ON_Northumberland_East
"CD_ON_Northumberland,_East—Est",1901,CD_ON_Northumberland_East
"CD_ON_Northumberland,_West—Ouest",1871,CD_ON_Northumberland_West
"CD_ON_Northumberland,_West—Ouest",1881,CD_ON_Northumberland_West
"CD_ON_Northumberland,_West—Ouest",1891,CD_ON_Northumberland_West
"CD_ON_Northumberland,_West—Ouest",1901,CD_ON_Northumberland_West
CD_ON_Northumberland_East,1871,CD_ON_Northumberland_East_1871
CD_ON_Northumberland_East,1881,CD_ON_Northumberland_East_1881
CD_ON_Northumberland_East,1891,CD_ON_Northumberland_East_1891
CD_ON_Northumberland_East,1901,CD_ON_Northumberland_East_1901
CD_ON_Northumberland_East,1911,CD_ON_Northumberland_East_1911
CD_ON_Northumberland_West,1871,CD_ON_Northumberland_West_1871
CD_ON_Northumberland_West,1881,CD_ON_Northumberland_West_1881
CD_ON_Northumberland_West,1891,CD_ON_Northumberland_West_1891
CD_ON_Northumberland_West,1901,CD_ON_Northumberland_West_1901
CD_ON_Northumberland_West,1911,CD_ON_Northumberland_West_1911
CD_ON_Ontario,1851,CD_ON_Ontario
CD_ON_Ontario,1861,CD_ON_Ontario
CD_ON_Ontario,1921,CD_ON_Ontario_1921
"CD_ON_Ontario,_North—Nord",1871,CD_ON_Ontario_North
"CD_ON_Ontario,_North—Nord",1881,CD_ON_Ontario_North
"CD_ON_Ontario,_North—Nord",1891,CD_ON_Ontario_North_1891
"CD_ON_Ontario,_North—Nord",1901,CD_ON_Ontario_North_1891
"CD_ON_Ontario,_South—Sud",1871,CD_ON_Ontario_South
"CD_ON_Ontario,_South—Sud",1881,CD_ON_Ontario_South
"CD_ON_Ontario,_South—Sud",1891,CD_ON_Ontario_South_1891
"CD_ON_Ontario,_South—Sud",1901,CD_ON_Ontario_South_1891
"CD_ON_Ontario,_West—Ouest",1891,CD_ON_Ontario_West
"CD_ON_Ontario,_West—Ouest",1901,CD_ON_Ontario_West
CD_ON_Ontario_N,1911,CD_ON_Ontario_North_1911
CD_ON_Ontario_North,1871,CD_ON_Ontario_North_1871
CD_ON_Ontario_North,1881,CD_ON_Ontario_North_1881
CD_ON_Ontario_North,1891,CD_ON_Ontario_North_1891_1891
CD_ON_Ontario_North,1901,CD_ON_Ontario_North_1901
CD_ON_Ontario_North,1911,CD_ON_Ontario_North_1911_1911
CD_ON_Ontario_S,1911,CD_ON_Ontario_South_1891
CD_ON_Ontario_South,1871,CD_ON_Ontario_South_1871
CD_ON_Ontario_South,1881,CD_ON_Ontario_South_1881
CD_ON_Ontario_South,1891,CD_ON_Ontario_South_1891_1891
CD_ON_Ontario_South,1901,CD_ON_Ontario_South_1901
CD_ON_Ontario_South,1911,CD_ON_Ontario_South_1911
CD_ON_Ontario_West,1891,CD_ON_Ontario_West_1891
CD_ON_Ontario_West,1901,CD_ON_Ontario_West_1901
CD_ON_Ottawa,1861,CD_ON_Ottawa
"CD_ON_Ottawa,_City—Cité",1871,CD_ON_Ottawa_City
"CD_ON_Ottawa,_City—Cité",1881,CD_ON_Ottawa_City
"CD_ON_Ottawa,_City—Cité",1891,CD_ON_Ottawa_City
"CD_ON_Ottawa,_City—Cité",1901,CD_ON_Ottawa_City
CD_ON_Ottawa_City,1871,CD_ON_Ottawa_City_1871
CD_ON_Ottawa_City,1881,CD_ON_Ottawa_City_1881
CD_ON_Ottawa_City,1891,CD_ON_Ottawa_City_1891
CD_ON_Ottawa_City,1901,CD_ON_Ottawa_City_1901
CD_ON_Ottawa_City,1911,CD_ON_Ottawa_City_1911
CD_ON_Ottawa_City-Cité_Pt,1911,CD_ON_Ottawa_City
CD_ON_Oxford,1851,CD_ON_Oxford
CD_ON_Oxford,1861,CD_ON_Oxford
CD_ON_Oxford,1921,CD_ON_Oxford_1921
"CD_ON_Oxford,_North—Nord",1871,CD_ON_Oxford_North
"CD_ON_Oxford,_North—Nord",1881,CD_ON_Oxford_North
"CD_ON_Oxford,_North—Nord",1891,CD_ON_Oxford_North_1891
"CD_ON_Oxford,_North—Nord",1901,CD_ON_Oxford_North_1891
"CD_ON_Oxford,_South—Sud",1871,CD_ON_Oxford_South
"CD_ON_Oxford,_South—Sud",1881,CD_ON_Oxford_South
"CD_ON_Oxford,_South—Sud",1891,CD_ON_Oxford_South_1891
"CD_ON_Oxford,_South—Sud",1901,CD_ON_Oxford_South_1891
CD_ON_Oxford_N,1911,CD_ON_Oxford_North_1911
CD_ON_Oxford_North,1871,CD_ON_Oxford_North_1871
CD_ON_Oxford_North,1881,CD_ON_Oxford_North_1881
CD_ON_Oxford_North,1891,CD_ON_Oxford_North_1891_1891
CD_ON_Oxford_North,1901,CD_ON_Oxford_North_1901
CD_ON_Oxford_North,1911,CD_ON_Oxford_North_1911_1911
CD_ON_Oxford_S,1911,CD_ON_Oxford_South_1911
CD_ON_Oxford_South,1871,CD_ON_Oxford_South_1871
CD_ON_Oxford_South,1881,CD_ON_Oxford_South_1881
CD_ON_Oxford_South,1891,CD_ON_Oxford_South_1891_1891
CD_ON_Oxford_South,1901,CD_ON_Oxford_South_1901
CD_ON_Oxford_South,1911,CD_ON_Oxford_South_1911_1911
CD_ON_Parry_Sound,1871,CD_ON_Parry_Sound
CD_ON_Parry_Sound,1911,CD_ON_Parry_Sound_1911
CD_ON_Parry_Sound,1921,CD_ON_Parry_Sound_1911
CD_ON_Parry_Sound_1911,1911,CD_ON_Parry_Sound_1911_1911
CD_ON_Parry_Sound_1911,1921,CD_ON_Parry_Sound_1921
CD_ON_Peel,1851,CD_ON_Peel
CD_ON_Peel,1861,CD_ON_Peel
CD_ON_Peel,1871,CD_ON_Peel
CD_ON_Peel,1881,CD_ON_Peel
CD_ON_Peel,1891,CD_ON_Peel
CD_ON_Peel,1901,CD_ON_Peel
CD_ON_Peel,1911,CD_ON_Peel
CD_ON_Peel,1921,CD_ON_Peel
CD_ON_Perth,1851,CD_ON_Perth
CD_ON_Perth,1861,CD_ON_Perth
CD_ON_Perth,1921,CD_ON_Perth_1921
"CD_ON_Perth,_North—Nord",1871,CD_ON_Perth_North
"CD_ON_Perth,_North—Nord",1881,CD_ON_Perth_North
"CD_ON_Perth,_North—Nord",1891,CD_ON_Perth_North
"CD_ON_Perth,_North—Nord",1901,CD_ON_Perth_North
"CD_ON_Perth,_South—Sud",1871,CD_ON_Perth_South
"CD_ON_Perth,_South—Sud",1881,CD_ON_Perth_South
"CD_ON_Perth,_South—Sud",1891,CD_ON_Perth_South_1891
"CD_ON_Perth,_South—Sud",1901,CD_ON_Perth_South_1891
CD_ON_Perth_N,1911,CD_ON_Perth_North_1911
CD_ON_Perth_North,1871,CD_ON_Perth_North_1871
CD_ON_Perth_North,1881,CD_ON_Perth_North_1881
CD_ON_Perth_North,1891,CD_ON_Perth_North_1891
CD_ON_Perth_North,1901,CD_ON_Perth_North_1901
CD_ON_Perth_North,1911,CD_ON_Perth_North_1911_1911
CD_ON_Perth_S,1911,CD_ON_Perth_South_1911
CD_ON_Perth_South,1871,CD_ON_Perth_South_1871
CD_ON_Perth_South,1881,CD_ON_Perth_South_1881
CD_ON_Perth_South,1891,CD_ON_Perth_South_1891_1891
CD_ON_Perth_South,1901,CD_ON_Perth_South_1901
CD_ON_Perth_South,1911,CD_ON_Perth_South_1911_1911
CD_ON_Peterboro,1851,CD_ON_Peterboro
CD_ON_Peterborough,1861,CD_ON_Peterborough
CD_ON_Peterborough,1921,CD_ON_Peterborough
"CD_ON_Peterborough,_East—Est",1871,CD_ON_Peterborough_East
"CD_ON_Peterborough,_East—Est",1881,CD_ON_Peterborough_East
"CD_ON_Peterborough,_East—Est",1891,CD_ON_Peterborough_East_1891
"CD_ON_Peterborough,_East—Est",1901,CD_ON_Peterborough_East_1891
"CD_ON_Peterborough,_West—Ouest",1871,CD_ON_Peterborough_West
"CD_ON_Peterborough,_West—Ouest",1881,CD_ON_Peterborough_West
"CD_ON_Peterborough,_West—Ouest",1891,CD_ON_Peterborough_West
"CD_ON_Peterborough,_West—Ouest",1901,CD_ON_Peterborough_West
CD_ON_Peterborough_E,1911,CD_ON_Peterborough_East_1891
CD_ON_Peterborough_East,1871,CD_ON_Peterborough_East_1871
CD_ON_Peterborough_East,1881,CD_ON_Peterborough_East_1881
CD_ON_Peterborough_East,1891,CD_ON_Peterborough_East_1891_1891
CD_ON_Peterborough_East,1901,CD_ON_Peterborough_East_1901
CD_ON_Peterborough_East,1911,CD_ON_Peterborough_East_1911
CD_ON_Peterborough_W-O,1911,CD_ON_Peterborough_West
CD_ON_Peterborough_West,1871,CD_ON_Peterborough_West_1871
CD_ON_Peterborough_West,1881,CD_ON_Peterborough_West_1881
CD_ON_Peterborough_West,1891,CD_ON_Peterborough_West_1891
CD_ON_Peterborough_West,1901,CD_ON_Peterborough_West_1901
CD_ON_Peterborough_West,1911,CD_ON_Peterborough_West_1911
CD_ON_Prescott,1851,CD_ON_Prescott
CD_ON_Prescott,1861,CD_ON_Prescott
CD_ON_Prescott,1871,CD_ON_Prescott
CD_ON_Prescott,1881,CD_ON_Prescott
CD_ON_Prescott,1891,CD_ON_Prescott
CD_ON_Prescott,1901,CD_ON_Prescott
CD_ON_Prescott,1911,CD_ON_Prescott
CD_ON_Prescott,1921,CD_ON_Prescott
CD_ON_Prince_Edward,1851,CD_ON_Prince_Edward
CD_ON_Prince_Edward,1861,CD_ON_Prince_Edward
CD_ON_Prince_Edward,1871,CD_ON_Prince_Edward
CD_ON_Prince_Edward,1881,CD_ON_Prince_Edward
CD_ON_Prince_Edward,1891,CD_ON_Prince_Edward
CD_ON_Prince_Edward,1901,CD_ON_Prince_Edward
CD_ON_Prince_Edward,1911,CD_ON_Prince_Edward
CD_ON_Prince_Edward,1921,CD_ON_Prince_Edward
CD_ON_Rainy_River,1921,CD_ON_Rainy_River
CD_ON_Renfew,1861,CD_ON_Renfrew
CD_ON_Renfrew,1851,CD_ON_Renfrew
CD_ON_Renfrew,1861,CD_ON_Renfrew
CD_ON_Renfrew,1921,CD_ON_Renfrew
"CD_ON_Renfrew,_North—Nord",1871,CD_ON_Renfrew_North
"CD_ON_Renfrew,_North—Nord",1881,CD_ON_Renfrew_North
"CD_ON_Renfrew,_North—Nord",1891,CD_ON_Renfrew_North
"CD_ON_Renfrew,_North—Nord",1901,CD_ON_Renfrew_North
"CD_ON_Renfrew,_South—Sud",1871,CD_ON_Renfrew_South
"CD_ON_Renfrew,_South—Sud",1881,CD_ON_Renfrew_South
"CD_ON_Renfrew,_South—Sud",1891,CD_ON_Renfrew_South
"CD_ON_Renfrew,_South—Sud",1901,CD_ON_Renfrew_South
CD_ON_Renfrew_N,1911,CD_ON_Renfrew_North
CD_ON_Renfrew_North,1871,CD_ON_Renfrew_North_1871
CD_ON_Renfrew_North,1881,CD_ON_Renfrew_North_1881
CD_ON_Renfrew_North,1891,CD_ON_Renfrew_North_1891
CD_ON_Renfrew_North,1901,CD_ON_Renfrew_North_1901
CD_ON_Renfrew_North,1911,CD_ON_Renfrew_North_1911
CD_ON_Renfrew_S,1911,CD_ON_Renfrew_South
CD_ON_Renfrew_South,1871,CD_ON_Renfrew_South_1871
CD_ON_Renfrew_South,1881,CD_ON_Renfrew_South_1881
CD_ON_Renfrew_South,1891,CD_ON_Renfrew_South_1891
CD_ON_Renfrew_South,1901,CD_ON_Renfrew_South_1901
CD_ON_Renfrew_South,1911,CD_ON_Renfrew_South_1911
CD_ON_Russell,1851,CD_ON_Russell
CD_ON_Russell,1861,CD_ON_Russell
CD_ON_Russell,1871,CD_ON_Russell
CD_ON_Russell,1881,CD_ON_Russell
CD_ON_Russell,1891,CD_ON_Russell
CD_ON_Russell,1901,CD_ON_Russell
CD_ON_Russell,1911,CD_ON_Russell
CD_ON_Russell,1921,CD_ON_Russell
CD_ON_Simcoe,1851,CD_ON_Simcoe
CD_ON_Simcoe,1861,CD_ON_Simcoe
CD_ON_Simcoe,1921,CD_ON_Simcoe_1921
"CD_ON_Simcoe,_East—Est",1891,CD_ON_Simcoe_East
"CD_ON_Simcoe,_East—Est",1901,CD_ON_Simcoe_East
"CD_ON_Simcoe,_North—Nord",1871,CD_ON_Simcoe_North
"CD_ON_Simcoe,_North—Nord",1881,CD_ON_Simcoe_North
"CD_ON_Simcoe,_North—Nord",1891,CD_ON_Simcoe_North
"CD_ON_Simcoe,_North—Nord",1901,CD_ON_Simcoe_North
"CD_ON_Simcoe,_South—Sud",1871,CD_ON_Simcoe_South
"CD_ON_Simcoe,_South—Sud",1881,CD_ON_Simcoe_South
"CD_ON_Simcoe,_South—Sud",1891,CD_ON_Simcoe_South
"CD_ON_Simcoe,_South—Sud",1901,CD_ON_Simcoe_South
CD_ON_Simcoe_E,1911,CD_ON_Simcoe_East
CD_ON_Simcoe_East,1891,CD_ON_Simcoe_East_1891
CD_ON_Simcoe_East,1901,CD_ON_Simcoe_East_1901
CD_ON_Simcoe_East,1911,CD_ON_Simcoe_East_1911
CD_ON_Simcoe_N,1911,CD_ON_Simcoe_North
CD_ON_Simcoe_North,1871,CD_ON_Simcoe_North_1871
CD_ON_Simcoe_North,1881,CD_ON_Simcoe_North_1881
CD_ON_Simcoe_North,1891,CD_ON_Simcoe_North_1891
CD_ON_Simcoe_North,1901,CD_ON_Simcoe_North_1901
CD_ON_Simcoe_North,1911,CD_ON_Simcoe_North_1911
CD_ON_Simcoe_S,1911,CD_ON_Simcoe_South_1911
CD_ON_Simcoe_South,1871,CD_ON_Simcoe_South_1871
CD_ON_Simcoe_South,1881,CD_ON_Simcoe_South_1881
CD_ON_Simcoe_South,1891,CD_ON_Simcoe_South_1891
CD_ON_Simcoe_South,1901,CD_ON_Simcoe_South_1901
CD_ON_Simcoe_South,1911,CD_ON_Simcoe_South_1911_1911
CD_ON_Stormont,1851,CD_ON_Stormont
CD_ON_Stormont,1861,CD_ON_Stormont
CD_ON_Stormont,1871,CD_ON_Stormont
CD_ON_Stormont,1881,CD_ON_Stormont
CD_ON_Stormont,1911,CD_ON_Stormont_1891
CD_ON_Stormont,1921,CD_ON_Stormont_1891
CD_ON_Stormont_1891,1891,CD_ON_Stormont
CD_ON_Stormont_1891,1901,CD_ON_Stormont
CD_ON_Stormont_1891,1911,CD_ON_Stormont_1911
CD_ON_Stormont_1891,1921,CD_ON_Stormont_1921
CD_ON_Sudbury,1921,CD_ON_Sudbury
CD_ON_Thunder_Bay,1921,CD_ON_Thunder_Bay
CD_ON_Thunder_Bay_&_Rainy_River,1911,CD_ON_Thunder_Bay_&_Rainy_River
CD_ON_Timiskaming,1921,CD_ON_Timiskaming
CD_ON_Toronto,1861,CD_ON_Toronto
"CD_ON_Toronto,_Centre,_City—Cité",1901,CD_ON_Toronto_Centre_City
"CD_ON_Toronto,_City",1851,CD_ON_Toronto_City
"CD_ON_Toronto,_City—Cité",1881,CD_ON_Toronto_City_1881
"CD_ON_Toronto,_City—Cité",1891,CD_ON_Toronto_City_1881
"CD_ON_Toronto,_East—Est",1871,CD_ON_Toronto_East
"CD_ON_Toronto,_East—Est,_City—Cité",1901,CD_ON_Toronto_East_City
"CD_ON_Toronto,_West—Ouest",1871,CD_ON_Toronto_West
"CD_ON_Toronto,_West—Ouest,_City—Cité",1901,CD_ON_Toronto_West_City
CD_ON_Toronto_Centre,1911,CD_ON_Toronto_Centre
CD_ON_Toronto_Centre_City,1901,CD_ON_Toronto_Centre_City_1901
CD_ON_Toronto_City,1851,CD_ON_Toronto_City_1851
CD_ON_Toronto_City_1881,1881,CD_ON_Toronto_City_1881_1881
CD_ON_Toronto_City_1881,1891,CD_ON_Toronto_City_1891
CD_ON_Toronto_E,1911,CD_ON_Toronto_East_1911
CD_ON_Toronto_East,1871,CD_ON_Toronto_East_1871
CD_ON_Toronto_East_1911,1911,CD_ON_Toronto_East_1911_1911
CD_ON_Toronto_East_City,1901,CD_ON_Toronto_East_City_1901
CD_ON_Toronto_N,1911,CD_ON_Toronto_North
CD_ON_Toronto_North,1911,CD_ON_Toronto_North_1911
CD_ON_Toronto_S,1911,CD_ON_Toronto_South
CD_ON_Toronto_South,1911,CD_ON_Toronto_South_1911
CD_ON_Toronto_W-O,1911,CD_ON_Toronto_West_1911
CD_ON_Toronto_West,1871,CD_ON_Toronto_West_1871
CD_ON_Toronto_West_1911,1911,CD_ON_Toronto_West_1911_1911
CD_ON_Toronto_West_City,1901,CD_ON_Toronto_West_City_1901
CD_ON_Victoria,1851,CD_ON_Victoria
CD_ON_Victoria,1861,CD_ON_Victoria
CD_ON_Victoria,1911,CD_ON_Victoria
CD_ON_Victoria,1921,CD_ON_Victoria
"CD_ON_Victoria,_North—Nord",1871,CD_ON_Victoria_North
"CD_ON_Victoria,_North—Nord",1881,CD_ON_Victoria_North
"CD_ON_Victoria,_North—Nord",1891,CD_ON_Victoria_North
"CD_ON_Victoria,_North—Nord",1901,CD_ON_Victoria_North
"CD_ON_Victoria,_South—Sud",1871,CD_ON_Victoria_South
"CD_ON_Victoria,_South—Sud",1881,CD_ON_Victoria_South
"CD_ON_Victoria,_South—Sud",1891,CD_ON_Victoria_South
"CD_ON_Victoria,_South—Sud",1901,CD_ON_Victoria_South
CD_ON_Victoria_North,1871,CD_ON_Victoria_North_1871
CD_ON_Victoria_North,1881,CD_ON_Victoria_North_1881
CD_ON_Victoria_North,1891,CD_ON_Victoria_North_1891
CD_ON_Victoria_North,1901,CD_ON_Victoria_North_1901
CD_ON_Victoria_South,1871,CD_ON_Victoria_South_1871
CD_ON_Victoria_South,1881,CD_ON_Victoria_South_1881
CD_ON_Victoria_South,1891,CD_ON_Victoria_South_1891
CD_ON_Victoria_South,1901,CD_ON_Victoria_South_1901
CD_ON_Waterloo,1851,CD_ON_Waterloo
CD_ON_Waterloo,1861,CD_ON_Waterloo
CD_ON_Waterloo,1921,CD_ON_Waterloo
"CD_ON_Waterloo,_North—Nord",1871,CD_ON_Waterloo_North
"CD_ON_Waterloo,_North—Nord",1881,CD_ON_Waterloo_North
"CD_ON_Waterloo,_North—Nord",1891,CD_ON_Waterloo_North
"CD_ON_Waterloo,_North—Nord",1901,CD_ON_Waterloo_North
"CD_ON_Waterloo,_South—Sud",1871,CD_ON_Waterloo_South
"CD_ON_Waterloo,_South—Sud",1881,CD_ON_Waterloo_South
"CD_ON_Waterloo,_South—Sud",1891,CD_ON_Waterloo_South
"CD_ON_Waterloo,_South—Sud",1901,CD_ON_Waterloo_South
CD_ON_Waterloo_N,1911,CD_ON_Waterloo_North
CD_ON_Waterloo_North,1871,CD_ON_Waterloo_North_1871
CD_ON_Waterloo_North,1881,CD_ON_Waterloo_North_1881
CD_ON_Waterloo_North,1891,CD_ON_Waterloo_North_1891
CD_ON_Waterloo_North,1901,CD_ON_Waterloo_North_1901
CD_ON_Waterloo_North,1911,CD_ON_Waterloo_North_1911
CD_ON_Waterloo_S,1911,CD_ON_Waterloo_South
CD_ON_Waterloo_South,1871,CD_ON_Waterloo_South_1871
CD_ON_Waterloo_South,1881,CD_ON_Waterloo_South_1881
CD_ON_Waterloo_South,1891,CD_ON_Waterloo_South_1891
CD_ON_Waterloo_South,1901,CD_ON_Waterloo_South_1901
CD_ON_Waterloo_South,1911,CD_ON_Waterloo_South_1911
CD_ON_Welland,1851,CD_ON_Welland
CD_ON_Welland,1861,CD_ON_Welland
CD_ON_Welland,1871,CD_ON_Welland
CD_ON_Welland,1881,CD_ON_Welland
CD_ON_Welland,1891,CD_ON_Welland
CD_ON_Welland,1901,CD_ON_Welland
CD_ON_Welland,1911,CD_ON_Welland
CD_ON_Welland,1921,CD_ON_Welland
CD_ON_Wellington,1851,CD_ON_Wellington
CD_ON_Wellington,1861,CD_ON_Wellington
CD_ON_Wellington,1921,CD_ON_Wellington_1921
"CD_ON_Wellington,_Centre",1871,CD_ON_Wellington_Centre
"CD_ON_Wellington,_Centre",1881,CD_ON_Wellington_Centre_1881
"CD_ON_Wellington,_Centre",1891,CD_ON_Wellington_Centre_1881
"CD_ON_Wellington,_Centre",1901,CD_ON_Wellington_Centre_1881
"CD_ON_Wellington,_North—Nord",1871,CD_ON_Wellington_North
"CD_ON_Wellington,_North—Nord",1881,CD_ON_Wellington_North
"CD_ON_Wellington,_North—Nord",1891,CD_ON_Wellington_North_1891
"CD_ON_Wellington,_North—Nord",1901,CD_ON_Wellington_North_1891
"CD_ON_Wellington,_South—Sud",1871,CD_ON_Wellington_South
"CD_ON_Wellington,_South—Sud",1881,CD_ON_Wellington_South
"CD_ON_Wellington,_South—Sud",1891,CD_ON_Wellington_South
"CD_ON_Wellington,_South—Sud",1901,CD_ON_Wellington_South
CD_ON_Wellington_1921,1921,CD_ON_Wellington_1921_1921
CD_ON_Wellington_Centre,1871,CD_ON_Wellington_Centre_1871
CD_ON_Wellington_Centre,1881,CD_ON_Wellington_Centre_1881_1881
CD_ON_Wellington_Centre,1891,CD_ON_Wellington_Centre_1891
CD_ON_Wellington_Centre,1901,CD_ON_Wellington_Centre_1901
CD_ON_Wellington_N,1911,CD_ON_Wellington_North
CD_ON_Wellington_North,1871,CD_ON_Wellington_North_1871
CD_ON_Wellington_North,1881,CD_ON_Wellington_North_1881
CD_ON_Wellington_North,1891,CD_ON_Wellington_North_1891_1891
CD_ON_Wellington_North,1901,CD_ON_Wellington_North_1901
CD_ON_Wellington_North,1911,CD_ON_Wellington_North_1911_1911
CD_ON_Wellington_S,1911,CD_ON_Wellington_South
CD_ON_Wellington_South,1871,CD_ON_Wellington_South_1871
CD_ON_Wellington_South,1881,CD_ON_Wellington_South_1881
CD_ON_Wellington_South,1891,CD_ON_Wellington_South_1891
CD_ON_Wellington_South,1901,CD_ON_Wellington_South_1901
CD_ON_Wellington_South,1911,CD_ON_Wellington_South_1911
CD_ON_Wentworth,1851,CD_ON_Wentworth
CD_ON_Wentworth,1861,CD_ON_Wentworth
CD_ON_Wentworth,1911,CD_ON_Wentworth_1911
CD_ON_Wentworth,1921,CD_ON_Wentworth_1911
"CD_ON_Wentworth,_North—Nord",1871,CD_ON_Wentworth_North
"CD_ON_Wentworth,_North—Nord",1881,CD_ON_Wentworth_North
"CD_ON_Wentworth,_North—Nord",1891,CD_ON_Wentworth_North
"CD_ON_Wentworth,_South—Sud",1871,CD_ON_Wentworth_South
"CD_ON_Wentworth,_South—Sud",1881,CD_ON_Wentworth_South
"CD_ON_Wentworth,_South—Sud",1891,CD_ON_Wentworth_South_1891
"CD_ON_Wentworth,_South—Sud",1901,CD_ON_Wentworth_South_1891
"CD_ON_Wentworth_&_Brant,_North—Nord",1901,CD_ON_Wentworth_&_Brant_North
CD_ON_Wentworth_&_Brant_North,1901,CD_ON_Wentworth_&_Brant_North_1901
CD_ON_Wentworth_1911,1911,CD_ON_Wentworth_1911_1911
CD_ON_Wentworth_1911,1921,CD_ON_Wentworth_1921
CD_ON_Wentworth_North,1871,CD_ON_Wentworth_North_1871
CD_ON_Wentworth_North,1881,CD_ON_Wentworth_North_1881
CD_ON_Wentworth_North,1891,CD_ON_Wentworth_North_1891
CD_ON_Wentworth_South,1871,CD_ON_Wentworth_South_1871
CD_ON_Wentworth_South,1881,CD_ON_Wentworth_South_1881
CD_ON_Wentworth_South,1891,CD_ON_Wentworth_South_1891_1891
CD_ON_Wentworth_South,1901,CD_ON_Wentworth_South_1901
CD_ON_York,1851,CD_ON_York
CD_ON_York,1861,CD_ON_York
CD_ON_York,1921,CD_ON_York_1921
"CD_ON_York,_East—Est",1871,CD_ON_York_East
"CD_ON_York,_East—Est",1881,CD_ON_York_East
"CD_ON_York,_East—Est",1891,CD_ON_York_East
"CD_ON_York,_East—Est",1901,CD_ON_York_East
"CD_ON_York,_North—Nord",1871,CD_ON_York_North
"CD_ON_York,_North—Nord",1881,CD_ON_York_North
"CD_ON_York,_North—Nord",1891,CD_ON_York_North_1891
"CD_ON_York,_North—Nord",1901,CD_ON_York_North_1891
"CD_ON_York,_West—Ouest",1871,CD_ON_York_West
"CD_ON_York,_West—Ouest",1881,CD_ON_York_West
"CD_ON_York,_West—Ouest",1891,CD_ON_York_West
"CD_ON_York,_West—Ouest",1901,CD_ON_York_West
CD_ON_York_1921,1921,CD_ON_York_1921_1921
CD_ON_York_Centre,1911,CD_ON_York_Centre
CD_ON_York_East,1871,CD_ON_York_East_1871
CD_ON_York_East,1881,CD_ON_York_East_1881
CD_ON_York_East,1891,CD_ON_York_East_1891
CD_ON_York_East,1901,CD_ON_York_East_1901
CD_ON_York_N,1911,CD_ON_York_North_1911
CD_ON_York_North,1871,CD_ON_York_North_1871
CD_ON_York_North,1881,CD_ON_York_North_1881
CD_ON_York_North,1891,CD_ON_York_North_1891_1891
CD_ON_York_North,1901,CD_ON_York_North_1901
CD_ON_York_North,1911,CD_ON_York_North_1911_1911
CD_ON_York_S,1911,CD_ON_York_South
CD_ON_York_South,1911,CD_ON_York_South_1911
CD_ON_York_West,1871,CD_ON_York_West_1871
CD_ON_York_West,1881,CD_ON_York_West_1881
CD_ON_York_West,1891,CD_ON_York_West_1891
CD_ON_York_West,1901,CD_ON_York_West_1901
CD_PE_King's,1871,CD_PE_King's
CD_PE_King's,1881,CD_PE_King's
CD_PE_King's,1891,CD_PE_King's_1891
CD_PE_Kings,1901,CD_PE_Kings
CD_PE_Kings,1911,CD_PE_Kings
CD_PE_Kings,1921,CD_PE_Kings
CD_PE_King’s,1891,CD_PE_King's
CD_PE_Prince,1871,CD_PE_Prince
CD_PE_Prince,1881,CD_PE_Prince
CD_PE_Prince,1891,CD_PE_Prince
CD_PE_Prince,1911,CD_PE_Prince
CD_PE_Prince,1921,CD_PE_Prince
"CD_PE_Prince,_East-Est",1901,CD_PE_Prince_East
"CD_PE_Prince,_West-Ouest",1901,CD_PE_Prince_West
CD_PE_Prince_East,1901,CD_PE_Prince_East_1901
CD_PE_Prince_Edward_Island,1851,CD_PE_Prince_Edward_Island
CD_PE_Prince_Edward_Island,1861,CD_PE_Prince_Edward_Island
CD_PE_Prince_West,1901,CD_PE_Prince_West_1901
CD_PE_Queen's,1871,CD_PE_Queen's
CD_PE_Queen's,1881,CD_PE_Queen's
CD_PE_Queen's,1891,CD_PE_Queen's_1891
CD_PE_Queens,1911,CD_PE_Queens
CD_PE_Queens,1921,CD_PE_Queens
"CD_PE_Queens,_East-Est",1901,CD_PE_Queens_East
"CD_PE_Queens,_West—Ouest",1901,CD_PE_Queens_West
CD_PE_Queens_East,1901,CD_PE_Queens_East_1901
CD_PE_Queens_West,1901,CD_PE_Queens_West_1901
CD_PE_Queen’s,1891,CD_PE_Queen's
CD_QC_Argenteuil,1861,CD_QC_Argenteuil
CD_QC_Argenteuil,1871,CD_QC_Argenteuil
CD_QC_Argenteuil,1881,CD_QC_Argenteuil
CD_QC_Argenteuil,1891,CD_QC_Argenteuil
CD_QC_Argenteuil,1901,CD_QC_Argenteuil
CD_QC_Argenteuil,1911,CD_QC_Argenteuil
CD_QC_Argenteuil,1921,CD_QC_Argenteuil
CD_QC_Arthabaska,1861,CD_QC_Arthabaska
CD_QC_Arthabaska,1871,CD_QC_Arthabaska
CD_QC_Arthabaska,1921,CD_QC_Arthabaska_1921
CD_QC_Arthabaska_1921,1921,CD_QC_Arthabaska_1921_1921
CD_QC_Bagot,1861,CD_QC_Bagot
CD_QC_Bagot,1871,CD_QC_Bagot
CD_QC_Bagot,1881,CD_QC_Bagot
CD_QC_Bagot,1891,CD_QC_Bagot_1891
CD_QC_Bagot,1901,CD_QC_Bagot_1901
CD_QC_Bagot,1911,CD_QC_Bagot_1901
CD_QC_Bagot,1921,CD_QC_Bagot_1901
CD_QC_Bagot_,1891,CD_QC_Bagot
CD_QC_Beauce,1861,CD_QC_Beauce
CD_QC_Beauce,1881,CD_QC_Beauce
CD_QC_Beauce,1891,CD_QC_Beauce
CD_QC_Beauce,1901,CD_QC_Beauce
CD_QC_Beauce,1911,CD_QC_Beauce
CD_QC_Beauce,1921,CD_QC_Beauce
CD_QC_Beauce_East,1871,CD_QC_Beauce_East_1871
CD_QC_Beauce_Est,1871,CD_QC_Beauce_East
CD_QC_Beauce_Ouest,1871,CD_QC_Beauce_West
CD_QC_Beauce_West,1871,CD_QC_Beauce_West_1871
CD_QC_Beauharnois,1851,CD_QC_Beauharnois
CD_QC_Beauharnois,1861,CD_QC_Beauharnois
CD_QC_Beauharnois,1871,CD_QC_Beauharnois
CD_QC_Beauharnois,1881,CD_QC_Beauharnois
CD_QC_Beauharnois,1891,CD_QC_Beauharnois
CD_QC_Beauharnois,1901,CD_QC_Beauharnois
CD_QC_Beauharnois,1911,CD_QC_Beauharnois
CD_QC_Beauharnois,1921,CD_QC_Beauharnois
CD_QC_Bellechasse,1851,CD_QC_Bellechasse
CD_QC_Bellechasse,1861,CD_QC_Bellechasse
CD_QC_Bellechasse,1881,CD_QC_Bellechasse
CD_QC_Bellechasse,1891,CD_QC_Bellechasse
CD_QC_Bellechasse,1901,CD_QC_Bellechasse
CD_QC_Bellechasse,1911,CD_QC_Bellechasse
CD_QC_Bellechasse,1921,CD_QC_Bellechasse
CD_QC_Bellechasse_Nord,1871,CD_QC_Bellechasse_North
CD_QC_Bellechasse_North,1871,CD_QC_Bellechasse_North_1871
CD_QC_Bellechasse_South,1871,CD_QC_Bellechasse_South_1871
CD_QC_Bellechasse_Sud,1871,CD_QC_Bellechasse_South
CD_QC_Berthier,1851,CD_QC_Berthier
CD_QC_Berthier,1861,CD_QC_Berthier
CD_QC_Berthier,1871,CD_QC_Berthier
CD_QC_Berthier,1881,CD_QC_Berthier
CD_QC_Berthier,1891,CD_QC_Berthier
CD_QC_Berthier,1901,CD_QC_Berthier
CD_QC_Berthier,1911,CD_QC_Berthier
CD_QC_Berthier,1921,CD_QC_Berthier
CD_QC_Bonaventure,1851,CD_QC_Bonaventure
CD_QC_Bonaventure,1861,CD_QC_Bonaventure
CD_QC_Bonaventure,1871,CD_QC_Bonaventure
CD_QC_Bonaventure,1881,CD_QC_Bonaventure
CD_QC_Bonaventure,1891,CD_QC_Bonaventure
CD_QC_Bonaventure,1901,CD_QC_Bonaventure
CD_QC_Bonaventure,1911,CD_QC_Bonaventure
CD_QC_Bonaventure,1921,CD_QC_Bonaventure
CD_QC_Brome,1861,CD_QC_Brome
CD_QC_Brome,1871,CD_QC_Brome
CD_QC_Brome,1881,CD_QC_Brome
CD_QC_Brome,1891,CD_QC_Brome
CD_QC_Brome,1901,CD_QC_Brome
CD_QC_Brome,1911,CD_QC_Brome
CD_QC_Brome,1921,CD_QC_Brome
CD_QC_Chambly,1851,CD_QC_Chambly
CD_QC_Chambly,1861,CD_QC_Chambly
CD_QC_Chambly,1871,CD_QC_Chambly
CD_QC_Chambly,1881,CD_QC_Chambly
CD_QC_Chambly,1891,CD_QC_Chambly
CD_QC_Chambly,1921,CD_QC_Chambly_1921
CD_QC_Chambly_&_Verchères,1901,CD_QC_Chambly_&_Verchères
CD_QC_Chambly_&_Verchères,1911,CD_QC_Chambly_&_Verchères
CD_QC_Chambly_1921,1921,CD_QC_Chambly_1921_1921
CD_QC_Champlain,1851,CD_QC_Champlain
CD_QC_Champlain,1861,CD_QC_Champlain
CD_QC_Champlain,1881,CD_QC_Champlain
CD_QC_Champlain,1891,CD_QC_Champlain_1891_1891
CD_QC_Champlain,1901,CD_QC_Champlain
CD_QC_Champlain,1911,CD_QC_Champlain
CD_QC_Champlain,1921,CD_QC_Champlain
CD_QC_Champlain_,1891,CD_QC_Champlain_1891
CD_QC_Champlain_1891,1891,CD_QC_Champlain_1891_1891_1891
CD_QC_Champlain_1891_1891,1891,CD_QC_Champlain_1891_1891_1891_1891
CD_QC_Champlain_Nord,1871,CD_QC_Champlain_North
CD_QC_Champlain_North,1871,CD_QC_Champlain_North_1871
CD_QC_Champlain_South,1871,CD_QC_Champlain_South_1871
CD_QC_Champlain_Sud,1871,CD_QC_Champlain_South
CD_QC_Charlevoix,1861,CD_QC_Charlevoix
CD_QC_Charlevoix,1871,CD_QC_Charlevoix
CD_QC_Charlevoix,1881,CD_QC_Charlevoix
CD_QC_Charlevoix,1891,CD_QC_Charlevoix
CD_QC_Charlevoix,1901,CD_QC_Charlevoix
CD_QC_Charlevoix,1911,CD_QC_Charlevoix
CD_QC_Charlevoix,1921,CD_QC_Charlevoix
CD_QC_Chateauguay,1861,CD_QC_Chateauguay
CD_QC_Chateauguay,1871,CD_QC_Chateauguay
CD_QC_Chateauguay,1881,CD_QC_Chateauguay
CD_QC_Chateauguay,1891,CD_QC_Chateauguay
CD_QC_Chateauguay,1901,CD_QC_Chateauguay
CD_QC_Chateauguay,1911,CD_QC_Chateauguay_1911
CD_QC_Chateauguay,1921,CD_QC_Chateauguay_1921
CD_QC_Chicoutimi,1861,CD_QC_Chicoutimi
CD_QC_Chicoutimi,1871,CD_QC_Chicoutimi
CD_QC_Chicoutimi,1921,CD_QC_Chicoutimi_1921
CD_QC_Chicoutimi_&_Saguenay,1881,CD_QC_Chicoutimi_&_Saguenay
CD_QC_Chicoutimi_&_Saguenay,1891,CD_QC_Chicoutimi_&_Saguenay
CD_QC_Chicoutimi_&_Saguenay,1901,CD_QC_Chicoutimi_&_Saguenay
CD_QC_Chicoutimi_&_Saguenay,1911,CD_QC_Chicoutimi_&_Saguenay
CD_QC_Chicoutimi_1921,1921,CD_QC_Chicoutimi_1921_1921
CD_QC_Chicoutimi_and_Saguenay,1891,CD_QC_Chicoutimi_&_Saguenay
CD_QC_Châteauguay,1911,CD_QC_Chateauguay
CD_QC_Châteauguay,1921,CD_QC_Chateauguay
CD_QC_City_of_Montreal,1851,CD_QC_City_of_Montreal
CD_QC_City_of_Montreal,1861,CD_QC_City_of_Montreal
CD_QC_City_of_Quebec,1851,CD_QC_City_of_Quebec
CD_QC_City_of_Quebec,1861,CD_QC_City_of_Quebec
CD_QC_City_of_Three_Rivers,1861,CD_QC_City_of_Three_Rivers
CD_QC_Compton,1861,CD_QC_Compton
CD_QC_Compton,1871,CD_QC_Compton
CD_QC_Compton,1881,CD_QC_Compton
CD_QC_Compton,1891,CD_QC_Compton
CD_QC_Compton,1901,CD_QC_Compton
CD_QC_Compton,1911,CD_QC_Compton
CD_QC_Compton,1921,CD_QC_Compton
CD_QC_Deux-Montagnes,1851,CD_QC_Deux-Montagnes
CD_QC_Deux-Montagnes,1861,CD_QC_Deux-Montagnes
CD_QC_Deux-Montagnes,1871,CD_QC_Deux-Montagnes
CD_QC_Deux-Montagnes,1881,CD_QC_Deux-Montagnes
CD_QC_Deux-Montagnes,1891,CD_QC_Deux-Montagnes
CD_QC_Deux-Montagnes,1901,CD_QC_Deux-Montagnes
CD_QC_Deux-Montagnes,1911,CD_QC_Deux-Montagnes
CD_QC_Deux-Montagnes,1921,CD_QC_Deux-Montagnes_1921
CD_QC_Deux_Montagnes,1921,CD_QC_Deux-Montagnes
CD_QC_Dorchester,1851,CD_QC_Dorchester
CD_QC_Dorchester,1861,CD_QC_Dorchester
CD_QC_Dorchester,1881,CD_QC_Dorchester
CD_QC_Dorchester,1891,CD_QC_Dorchester
CD_QC_Dorchester,1901,CD_QC_Dorchester
CD_QC_Dorchester,1911,CD_QC_Dorchester
CD_QC_Dorchester,1921,CD_QC_Dorchester
CD_QC_Dorchester_East,1871,CD_QC_Dorchester_East_1871
CD_QC_Dorchester_Est,1871,CD_QC_Dorchester_East
CD_QC_Dorchester_Ouest,1871,CD_QC_Dorchester_West
CD_QC_Dorchester_West,1871,CD_QC_Dorchester_West_1871
CD_QC_Drummond,1851,CD_QC_Drummond
CD_QC_Drummond,1861,CD_QC_Drummond
CD_QC_Drummond,1871,CD_QC_Drummond
CD_QC_Drummond,1921,CD_QC_Drummond_1921
CD_QC_Drummond_&_Arthabaska,1881,CD_QC_Drummond_&_Arthabaska
CD_QC_Drummond_&_Arthabaska,1891,CD_QC_Drummond_&_Arthabaska_1891
CD_QC_Drummond_&_Arthabaska,1901,CD_QC_Drummond_&_Arthabaska
CD_QC_Drummond_&_Arthabaska,1911,CD_QC_Drummond_&_Arthabaska
CD_QC_Drummond_&_Arthabaska_,1891,CD_QC_Drummond_&_Arthabaska
CD_QC_Drummond_1921,1921,CD_QC_Drummond_1921_1921
CD_QC_Frontenac,1921,CD_QC_Frontenac
CD_QC_Gaspé,1851,CD_QC_Gaspé
CD_QC_Gaspé,1861,CD_QC_Gaspé
CD_QC_Gaspé,1881,CD_QC_Gaspé
CD_QC_Gaspé,1891,CD_QC_Gaspé
CD_QC_Gaspé,1901,CD_QC_Gaspé
CD_QC_Gaspé,1911,CD_QC_Gaspé
CD_QC_Gaspé,1921,CD_QC_Gaspé
CD_QC_Gaspé_Centre,1871,CD_QC_Gaspé_Centre
CD_QC_Gaspé_Ouest,1871,CD_QC_Gaspé_West
CD_QC_Gaspé_South,1871,CD_QC_Gaspé_South_1871
CD_QC_Gaspé_Sud,1871,CD_QC_Gaspé_South
CD_QC_Gaspé_West,1871,CD_QC_Gaspé_West_1871
CD_QC_Hochalaga,1891,CD_QC_Hochelaga
CD_QC_Hochelaga,1861,CD_QC_Hochelaga
CD_QC_Hochelaga,1871,CD_QC_Hochelaga
CD_QC_Hochelaga,1881,CD_QC_Hochelaga
CD_QC_Hochelaga,1891,CD_QC_Hochelaga
CD_QC_Hochelaga,1901,CD_QC_Hochelaga
CD_QC_Hochelaga,1911,CD_QC_Hochelaga
CD_QC_Hull,1921,CD_QC_Hull
CD_QC_Huntingdon,1851,CD_QC_Huntingdon
CD_QC_Huntingdon,1861,CD_QC_Huntingdon
CD_QC_Huntingdon,1881,CD_QC_Huntingdon
CD_QC_Huntingdon,1891,CD_QC_Huntingdon
CD_QC_Huntingdon,1901,CD_QC_Huntingdon
CD_QC_Huntingdon,1911,CD_QC_Huntingdon
CD_QC_Huntingdon,1921,CD_QC_Huntingdon
CD_QC_Huntingdon_East,1871,CD_QC_Huntingdon_East_1871
CD_QC_Huntingdon_Est,1871,CD_QC_Huntingdon_East
CD_QC_Huntingdon_Ouest,1871,CD_QC_Huntingdon_West
CD_QC_Huntingdon_West,1871,CD_QC_Huntingdon_West_1871
CD_QC_Iberville,1861,CD_QC_Iberville
CD_QC_Iberville,1871,CD_QC_Iberville
CD_QC_Iberville,1881,CD_QC_Iberville
CD_QC_Iberville,1891,CD_QC_Iberville
CD_QC_Iberville,1921,CD_QC_Iberville_1921
CD_QC_Iberville_1921,1921,CD_QC_Iberville_1921_1921
CD_QC_Isles_de_la_Magdeleine,1871,CD_QC_Isles_de_la_Magdeleine
CD_QC_Jacques-Cartier,1881,CD_QC_Jacques_Cartier
CD_QC_Jacques-Cartier,1891,CD_QC_Jacques-Cartier_1891
CD_QC_Jacques-Cartier,1901,CD_QC_Jacques_Cartier
CD_QC_Jacques-Cartier,1911,CD_QC_Jacques_Cartier
CD_QC_Jacques-Cartier_,1891,CD_QC_Jacques-Cartier
CD_QC_Jacques-Cartier_1891,1891,CD_QC_Jacques-Cartier_1891_1891
CD_QC_Jacques_Cartier,1861,CD_QC_Jacques_Cartier
CD_QC_Jacques_Cartier,1871,CD_QC_Jacques_Cartier
CD_QC_Jacques_Cartier,1881,CD_QC_Jacques_Cartier_1881
CD_QC_Jacques_Cartier,1901,CD_QC_Jacques_Cartier_1901
CD_QC_Jacques_Cartier,1911,CD_QC_Jacques_Cartier_1911
CD_QC_Joliette,1861,CD_QC_Joliette
CD_QC_Joliette,1871,CD_QC_Joliette
CD_QC_Joliette,1881,CD_QC_Joliette
CD_QC_Joliette,1891,CD_QC_Joliette
CD_QC_Joliette,1901,CD_QC_Joliette
CD_QC_Joliette,1911,CD_QC_Joliette
CD_QC_Joliette,1921,CD_QC_Joliette
CD_QC_Kamouraska,1851,CD_QC_Kamouraska
CD_QC_Kamouraska,1861,CD_QC_Kamouraska
CD_QC_Kamouraska,1871,CD_QC_Kamouraska
CD_QC_Kamouraska,1881,CD_QC_Kamouraska
CD_QC_Kamouraska,1891,CD_QC_Kamouraska
CD_QC_Kamouraska,1901,CD_QC_Kamouraska
CD_QC_Kamouraska,1911,CD_QC_Kamouraska
CD_QC_Kamouraska,1921,CD_QC_Kamouraska
CD_QC_L'Assomption,1861,CD_QC_L'Assomption
CD_QC_L'Assomption,1871,CD_QC_L'Assomption
CD_QC_L'Assomption,1881,CD_QC_L'Assomption
CD_QC_L'Assomption,1891,CD_QC_L'Assomption_1891
CD_QC_L'Assomption,1901,CD_QC_L'Assomption_1901
CD_QC_L'Assomption,1911,CD_QC_L'Assomption
CD_QC_L'Assomption,1921,CD_QC_L'Assomption
CD_QC_L'IsIet,1921,CD_QC_L'Islet
CD_QC_L'Islet,1851,CD_QC_L'Islet_1851
CD_QC_L'Islet,1861,CD_QC_L'Islet
CD_QC_L'Islet,1871,CD_QC_L'Islet
CD_QC_L'Islet,1881,CD_QC_L'Islet
CD_QC_L'Islet,1891,CD_QC_L'Islet_1891
CD_QC_L'Islet,1901,CD_QC_L'Islet_1901
CD_QC_L'Islet,1911,CD_QC_L'Islet
CD_QC_L'Islet,1921,CD_QC_L'Islet
CD_QC_Labelle,1901,CD_QC_Labelle
CD_QC_Labelle,1911,CD_QC_Labelle
CD_QC_Labelle,1921,CD_QC_Labelle
CD_QC_Labrador,1871,CD_QC_Labrador
CD_QC_Lac_St._Jean,1921,CD_QC_Lac_St._Jean
CD_QC_Laprairie,1861,CD_QC_Laprairie
CD_QC_Laprairie,1871,CD_QC_Laprairie
CD_QC_Laprairie,1881,CD_QC_Laprairie
CD_QC_Laprairie,1891,CD_QC_Laprairie
CD_QC_Laprairie,1921,CD_QC_Laprairie_1921
CD_QC_Laprairie_&_Napierville,1901,CD_QC_Laprairie_&_Napierville
CD_QC_Laprairie_&_Napierville,1911,CD_QC_Laprairie_&_Napierville
CD_QC_Laprairie_1921,1921,CD_QC_Laprairie_1921_1921
CD_QC_Laval,1861,CD_QC_Laval
CD_QC_Laval,1871,CD_QC_Laval
CD_QC_Laval,1881,CD_QC_Laval
CD_QC_Laval,1891,CD_QC_Laval
CD_QC_Laval,1901,CD_QC_Laval
CD_QC_Laval,1911,CD_QC_Laval
CD_QC_Leinster,1851,CD_QC_Leinster
CD_QC_Lotbiniere,1861,CD_QC_Lotbinière
CD_QC_Lotbiniere,1871,CD_QC_Lotbinière
CD_QC_Lotbinière,1851,CD_QC_Lotbinière
CD_QC_Lotbinière,1861,CD_QC_Lotbinière_1861
CD_QC_Lotbinière,1871,CD_QC_Lotbinière_1871
CD_QC_Lotbinière,1881,CD_QC_Lotbinière
CD_QC_Lotbinière,1891,CD_QC_Lotbinière
CD_QC_Lotbinière,1901,CD_QC_Lotbinière
CD_QC_Lotbinière,1911,CD_QC_Lotbinière
CD_QC_Lotbinière,1921,CD_QC_Lotbinière
CD_QC_Lévis,1861,CD_QC_Lévis
CD_QC_Lévis,1881,CD_QC_Lévis
CD_QC_Lévis,1891,CD_QC_Lévis
CD_QC_Lévis,1901,CD_QC_Lévis
CD_QC_Lévis,1911,CD_QC_Lévis
CD_QC_Lévis,1921,CD_QC_Lévis
CD_QC_Lévis_(Comté),1871,CD_QC_Lévis_(Comté)
CD_QC_Lévis_(Ville),1871,CD_QC_Lévis_(Ville)
CD_QC_L’Assomption,1891,CD_QC_L'Assomption
CD_QC_L’Assomption,1901,CD_QC_L'Assomption
CD_QC_L’Islet,1851,CD_QC_L'Islet
CD_QC_L’Islet,1891,CD_QC_L'Islet
CD_QC_L’Islet,1901,CD_QC_L'Islet
CD_QC_Maisonneuve,1901,CD_QC_Maisonneuve
CD_QC_Maisonneuve,1911,CD_QC_Maisonneuve
CD_QC_Maskinonge,1861,CD_QC_Maskinongé
CD_QC_Maskinonge,1871,CD_QC_Maskinongé
CD_QC_Maskinongé,1861,CD_QC_Maskinongé_1861
CD_QC_Maskinongé,1871,CD_QC_Maskinongé_1871
CD_QC_Maskinongé,1881,CD_QC_Maskinongé
CD_QC_Maskinongé,1891,CD_QC_Maskinongé
CD_QC_Maskinongé,1901,CD_QC_Maskinongé
CD_QC_Maskinongé,1911,CD_QC_Maskinongé
CD_QC_Maskinongé,1921,CD_QC_Maskinongé
CD_QC_Matane,1921,CD_QC_Matane
CD_QC_Megantic,1851,CD_QC_Megantic
CD_QC_Megantic,1861,CD_QC_Mégantic
CD_QC_Megantic,1871,CD_QC_Mégantic
CD_QC_Megantic,1881,CD_QC_Mégantic
CD_QC_Missisquoi,1851,CD_QC_Missisquoi
CD_QC_Missisquoi,1861,CD_QC_Missisquoi
CD_QC_Missisquoi,1871,CD_QC_Missisquoi
CD_QC_Missisquoi,1881,CD_QC_Missisquoi
CD_QC_Missisquoi,1891,CD_QC_Missisquoi
CD_QC_Missisquoi,1901,CD_QC_Missisquoi
CD_QC_Missisquoi,1911,CD_QC_Missisquoi
CD_QC_Missisquoi,1921,CD_QC_Missisquoi
CD_QC_Montcalm,1861,CD_QC_Montcalm
CD_QC_Montcalm,1871,CD_QC_Montcalm
CD_QC_Montcalm,1881,CD_QC_Montcalm
CD_QC_Montcalm,1891,CD_QC_Montcalm
CD_QC_Montcalm,1901,CD_QC_Montcalm
CD_QC_Montcalm,1911,CD_QC_Montcalm
CD_QC_Montcalm,1921,CD_QC_Montcalm
CD_QC_Montmagny,1861,CD_QC_Montmagny
CD_QC_Montmagny,1871,CD_QC_Montmagny
CD_QC_Montmagny,1881,CD_QC_Montmagny
CD_QC_Montmagny,1891,CD_QC_Montmagny
CD_QC_Montmagny,1901,CD_QC_Montmagny
CD_QC_Montmagny,1911,CD_QC_Montmagny
CD_QC_Montmagny,1921,CD_QC_Montmagny
CD_QC_Montmorenci,1851,CD_QC_Montmorency
CD_QC_Montmorency,1851,CD_QC_Montmorency
CD_QC_Montmorency,1861,CD_QC_Montmorency
CD_QC_Montmorency,1871,CD_QC_Montmorency
CD_QC_Montmorency,1881,CD_QC_Montmorency
CD_QC_Montmorency,1891,CD_QC_Montmorency
CD_QC_Montmorency,1901,CD_QC_Montmorency
CD_QC_Montmorency,1911,CD_QC_Montmorency
CD_QC_Montmorency,1921,CD_QC_Montmorency
"CD_QC_Montreal,_St._Antoine,_City—Cité",1901,"CD_QC_Montréal,_St._Antoine"
"CD_QC_Montreal,_St._Jacques,_City—Cité",1901,"CD_QC_Montréal,_St._Jacques"
"CD_QC_Montreal,_St._Laurent,_City—Cité",1901,"CD_QC_Montréal,_St._Laurent"
"CD_QC_Montreal,_Ste._Anne,_City—Cité",1901,"CD_QC_Montréal,_Ste._Anne"
"CD_QC_Montreal,_Ste._Marie,_City—Cité",1901,"CD_QC_Montréal,_Ste._Marie"
CD_QC_Montreal_Centre,1871,CD_QC_Montreal_Centre
CD_QC_Montreal_East,1871,CD_QC_Montreal_East_1871
CD_QC_Montreal_Est,1871,CD_QC_Montreal_East
CD_QC_Montreal_Ouest,1871,CD_QC_Montreal_West
CD_QC_Montreal_West,1871,CD_QC_Montreal_West_1871
CD_QC_Montréal,1851,CD_QC_Montréal
CD_QC_Montréal,1891,CD_QC_Montréal_1881
CD_QC_Montréal,1901,CD_QC_Montréal_1881
"CD_QC_Montréal,_(City-Ville)",1881,CD_QC_Montréal_1881
"CD_QC_Montréal,_St._Antoine",1901,"CD_QC_Montréal,_St._Antoine"
"CD_QC_Montréal,_St._Antoine",1911,"CD_QC_Montréal,_St._Antoine"
"CD_QC_Montréal,_St._Jacques",1901,"CD_QC_Montréal,_St._Jacques"
"CD_QC_Montréal,_St._Jacques",1911,"CD_QC_Montréal,_St._Jacques"
"CD_QC_Montréal,_St._Laurent",1901,"CD_QC_Montréal,_St._Laurent"
"CD_QC_Montréal,_St._Laurent",1911,"CD_QC_Montréal,_St._Laurent"
"CD_QC_Montréal,_Ste._Anne",1901,"CD_QC_Montréal,_Ste._Anne"
"CD_QC_Montréal,_Ste._Anne",1911,"CD_QC_Montréal,_Ste._Anne"
"CD_QC_Montréal,_Ste._Marie",1901,"CD_QC_Montréal,_Ste._Marie"
"CD_QC_Montréal,_Ste._Marie",1911,"CD_QC_Montréal,_Ste._Marie"
"CD_QC_Montréal,_cité",1851,CD_QC_City_of_Montreal
CD_QC_Montréal_&_Jésus_Islands—Iles,1921,CD_QC_Montréal_&_Jésus_Islands—Iles
CD_QC_Montréal_1881,1881,CD_QC_Montréal_1881_1881
CD_QC_Montréal_1881,1891,CD_QC_Montréal_1891
CD_QC_Montréal_1881,1901,CD_QC_Montréal_1901
CD_QC_Mégantic,1861,CD_QC_Mégantic_1861
CD_QC_Mégantic,1871,CD_QC_Mégantic_1871
CD_QC_Mégantic,1881,CD_QC_Mégantic_1881
CD_QC_Mégantic,1891,CD_QC_Mégantic
CD_QC_Mégantic,1901,CD_QC_Mégantic
CD_QC_Mégantic,1911,CD_QC_Mégantic
CD_QC_Mégantic,1921,CD_QC_Mégantic
CD_QC_Mégantic_1861,1861,CD_QC_Mégantic_1861_1861
CD_QC_Napierville,1861,CD_QC_Napierville
CD_QC_Napierville,1871,CD_QC_Napierville
CD_QC_Napierville,1881,CD_QC_Napierville
CD_QC_Napierville,1891,CD_QC_Napierville
CD_QC_Napierville,1921,CD_QC_Napierville_1921
CD_QC_Napierville_1921,1921,CD_QC_Napierville_1921_1921
CD_QC_Nicolet,1851,CD_QC_Nicolet
CD_QC_Nicolet,1861,CD_QC_Nicolet
CD_QC_Nicolet,1871,CD_QC_Nicolet
CD_QC_Nicolet,1881,CD_QC_Nicolet
CD_QC_Nicolet,1891,CD_QC_Nicolet
CD_QC_Nicolet,1901,CD_QC_Nicolet
CD_QC_Nicolet,1911,CD_QC_Nicolet
CD_QC_Nicolet,1921,CD_QC_Nicolet
CD_QC_Ottaoua_Centre,1871,CD_QC_Ottaoua_Centre
CD_QC_Ottaoua_East,1871,CD_QC_Ottaoua_East_1871
CD_QC_Ottaoua_Est,1871,CD_QC_Ottaoua_East
CD_QC_Ottawa,1881,CD_QC_Ottawa_County
"CD_QC_Ottawa,_County—Comté",1891,CD_QC_Ottawa_County
CD_QC_Ottawa_County,1881,CD_QC_Ottawa_County_1881
CD_QC_Ottawa_County,1891,CD_QC_Ottawa_County_1891
CD_QC_Ottawa_Ouest,1871,CD_QC_Ottawa_West
CD_QC_Ottawa_West,1871,CD_QC_Ottawa_West_1871
CD_QC_Outaouais,1851,CD_QC_Outaouais
CD_QC_Outaouais,1861,CD_QC_Outaouais
CD_QC_Pontiac,1861,CD_QC_Pontiac
CD_QC_Pontiac,1881,CD_QC_Pontiac
CD_QC_Pontiac,1891,CD_QC_Pontiac
CD_QC_Pontiac,1901,CD_QC_Pontiac
CD_QC_Pontiac,1911,CD_QC_Pontiac
CD_QC_Pontiac,1921,CD_QC_Pontiac
CD_QC_Pontiac_Nord,1871,CD_QC_Pontiac_North
CD_QC_Pontiac_North,1871,CD_QC_Pontiac_North_1871
CD_QC_Pontiac_South,1871,CD_QC_Pontiac_South_1871
CD_QC_Pontiac_Sud,1871,CD_QC_Pontiac_South
CD_QC_Portneuf,1851,CD_QC_Portneuf
CD_QC_Portneuf,1861,CD_QC_Portneuf
CD_QC_Portneuf,1871,CD_QC_Portneuf
CD_QC_Portneuf,1881,CD_QC_Portneuf
CD_QC_Portneuf,1891,CD_QC_Portneuf
CD_QC_Portneuf,1901,CD_QC_Portneuf
CD_QC_Portneuf,1911,CD_QC_Portneuf
CD_QC_Portneuf,1921,CD_QC_Portneuf
"CD_QC_Quebec,_(City-Ville)",1881,CD_QC_Quebec_City
"CD_QC_Quebec,_(County-Comté)",1881,CD_QC_Quebec_County
"CD_QC_Quebec,_Centre,_City—Cité",1901,CD_QC_Québec_Centre
"CD_QC_Quebec,_City—Cité",1891,CD_QC_Quebec_City
"CD_QC_Quebec,_County—Comté",1891,CD_QC_Quebec_County
"CD_QC_Quebec,_County—Comté",1901,CD_QC_Quebec_County
"CD_QC_Quebec,_East-Est,_City—Cité",1901,CD_QC_Québec_East
"CD_QC_Quebec,_West-Ouest,_City—Cité",1901,CD_QC_Québec_West
CD_QC_Quebec_(Comté),1861,CD_QC_Quebec_County
CD_QC_Quebec_(Comté),1871,CD_QC_Quebec_County
CD_QC_Quebec_Centre,1871,CD_QC_Quebec_Centre
CD_QC_Quebec_City,1881,CD_QC_Quebec_City_1881
CD_QC_Quebec_City,1891,CD_QC_Quebec_City_1891
CD_QC_Quebec_County,1851,CD_QC_Quebec_County_1851
CD_QC_Quebec_County,1861,CD_QC_Quebec_County_1851
CD_QC_Quebec_County,1871,CD_QC_Quebec_County_1851
CD_QC_Quebec_County,1881,CD_QC_Quebec_County_1881
CD_QC_Quebec_County,1891,CD_QC_Quebec_County_1891
CD_QC_Quebec_County,1901,CD_QC_Quebec_County_1901
CD_QC_Quebec_County,1911,CD_QC_Quebec_County_1911
CD_QC_Quebec_County,1921,CD_QC_Quebec_County_1921
CD_QC_Quebec_East,1871,CD_QC_Quebec_East_1871
CD_QC_Quebec_Est,1871,CD_QC_Quebec_East
CD_QC_Quebec_Ouest,1871,CD_QC_Quebec_West
CD_QC_Quebec_West,1871,CD_QC_Quebec_West_1871
CD_QC_Québec,1851,CD_QC_Quebec_County
CD_QC_Québec,1921,CD_QC_Quebec_County
"CD_QC_Québec,_cité",1851,CD_QC_City_of_Quebec
CD_QC_Québec_Centre,1901,CD_QC_Québec_Centre
CD_QC_Québec_Centre,1911,CD_QC_Québec_Centre
CD_QC_Québec_County,1911,CD_QC_Quebec_County
CD_QC_Québec_East,1901,CD_QC_Québec_East_1901
CD_QC_Québec_East,1911,CD_QC_Québec_East_1911
CD_QC_Québec_Est,1911,CD_QC_Québec_East
CD_QC_Québec_W-O,1911,CD_QC_Québec_West
CD_QC_Québec_West,1901,CD_QC_Québec_West_1901
CD_QC_Québec_West,1911,CD_QC_Québec_West_1911
CD_QC_Richelieu,1851,CD_QC_Richelieu
CD_QC_Richelieu,1861,CD_QC_Richelieu
CD_QC_Richelieu,1871,CD_QC_Richelieu
CD_QC_Richelieu,1881,CD_QC_Richelieu
CD_QC_Richelieu,1891,CD_QC_Richelieu
CD_QC_Richelieu,1901,CD_QC_Richelieu
CD_QC_Richelieu,1911,CD_QC_Richelieu
CD_QC_Richelieu,1921,CD_QC_Richelieu
CD_QC_Richmond,1861,CD_QC_Richmond
CD_QC_Richmond,1871,CD_QC_Richmond
CD_QC_Richmond,1921,CD_QC_Richmond_1921
CD_QC_Richmond_&_Wolfe,1881,CD_QC_Richmond_&_Wolfe
CD_QC_Richmond_&_Wolfe,1891,CD_QC_Richmond_&_Wolfe
CD_QC_Richmond_&_Wolfe,1901,CD_QC_Richmond_&_Wolfe
CD_QC_Richmond_&_Wolfe,1911,CD_QC_Richmond_&_Wolfe
CD_QC_Richmond_1921,1921,CD_QC_Richmond_1921_1921
CD_QC_Rimouski,1851,CD_QC_Rimouski
CD_QC_Rimouski,1861,CD_QC_Rimouski
CD_QC_Rimouski,1881,CD_QC_Rimouski
CD_QC_Rimouski,1891,CD_QC_Rimouski
CD_QC_Rimouski,1901,CD_QC_Rimouski
CD_QC_Rimouski,1911,CD_QC_Rimouski
CD_QC_Rimouski,1921,CD_QC_Rimouski
CD_QC_Rimouski_East,1871,CD_QC_Rimouski_East_1871
CD_QC_Rimouski_Est,1871,CD_QC_Rimouski_East
CD_QC_Rimouski_Ouest,1871,CD_QC_Rimouski_West
CD_QC_Rimouski_West,1871,CD_QC_Rimouski_West_1871
CD_QC_Rouville,1851,CD_QC_Rouville
CD_QC_Rouville,1861,CD_QC_Rouville
CD_QC_Rouville,1871,CD_QC_Rouville
CD_QC_Rouville,1881,CD_QC_Rouville
CD_QC_Rouville,1891,CD_QC_Rouville
CD_QC_Rouville,1901,CD_QC_Rouville
CD_QC_Rouville,1911,CD_QC_Rouville
CD_QC_Rouville,1921,CD_QC_Rouville
CD_QC_Saguenay,1851,CD_QC_Saguenay
CD_QC_Saguenay,1861,CD_QC_Saguenay
CD_QC_Saguenay,1871,CD_QC_Saguenay
CD_QC_Saguenay,1921,CD_QC_Saguenay_1921
CD_QC_Saguenay_1921,1921,CD_QC_Saguenay_1921_1921
CD_QC_Saint_Maurice_Nord,1871,CD_QC_Saint_Maurice_North
CD_QC_Saint_Maurice_North,1871,CD_QC_Saint_Maurice_North_1871
CD_QC_Saint_Maurice_South,1871,CD_QC_Saint_Maurice_South_1871
CD_QC_Saint_Maurice_Sud,1871,CD_QC_Saint_Maurice_South
CD_QC_Shefford,1851,CD_QC_Shefford
CD_QC_Shefford,1861,CD_QC_Shefford
CD_QC_Shefford,1871,CD_QC_Shefford
CD_QC_Shefford,1881,CD_QC_Shefford
CD_QC_Shefford,1891,CD_QC_Shefford
CD_QC_Shefford,1901,CD_QC_Shefford
CD_QC_Shefford,1911,CD_QC_Shefford
CD_QC_Shefford,1921,CD_QC_Shefford
CD_QC_Sherbrooke,1851,CD_QC_Sherbrooke
CD_QC_Sherbrooke,1871,CD_QC_Sherbrooke_1861
CD_QC_Sherbrooke,1881,CD_QC_Sherbrooke_1861
CD_QC_Sherbrooke,1891,CD_QC_Sherbrooke_1861
CD_QC_Sherbrooke,1901,CD_QC_Sherbrooke_1861
CD_QC_Sherbrooke,1911,CD_QC_Sherbrooke_1861
CD_QC_Sherbrooke,1921,CD_QC_Sherbrooke_1861
CD_QC_Sherbrooke_1861,1861,CD_QC_Sherbrooke
CD_QC_Sherbrooke_1861,1871,CD_QC_Sherbrooke_1871
CD_QC_Sherbrooke_1861,1881,CD_QC_Sherbrooke_1881
CD_QC_Sherbrooke_1861,1891,CD_QC_Sherbrooke_1891
CD_QC_Sherbrooke_1861,1901,CD_QC_Sherbrooke_1901
CD_QC_Sherbrooke_1861,1911,CD_QC_Sherbrooke_1911
CD_QC_Sherbrooke_1861,1921,CD_QC_Sherbrooke_1921
CD_QC_Soulanges,1861,CD_QC_Soulanges
CD_QC_Soulanges,1871,CD_QC_Soulanges
CD_QC_Soulanges,1881,CD_QC_Soulanges
CD_QC_Soulanges,1891,CD_QC_Soulanges
CD_QC_Soulanges,1901,CD_QC_Soulanges
CD_QC_Soulanges,1911,CD_QC_Soulanges
CD_QC_Soulanges,1921,CD_QC_Soulanges
CD_QC_St._Hyacinthe,1851,CD_QC_St._Hyacinthe
CD_QC_St._Hyacinthe,1861,CD_QC_St._Hyacinthe
CD_QC_St._Hyacinthe,1871,CD_QC_St._Hyacinthe
CD_QC_St._Hyacinthe,1881,CD_QC_St._Hyacinthe
CD_QC_St._Hyacinthe,1891,CD_QC_St._Hyacinthe
CD_QC_St._Hyacinthe,1901,CD_QC_St._Hyacinthe
CD_QC_St._Hyacinthe,1911,CD_QC_St._Hyacinthe
CD_QC_St._Hyacinthe,1921,CD_QC_St._Hyacinthe
CD_QC_St._Jean,1861,CD_QC_St._Jean
CD_QC_St._Jean,1871,CD_QC_St._Jean
CD_QC_St._Jean,1881,CD_QC_St._Jean
CD_QC_St._Jean,1891,CD_QC_St._Jean
CD_QC_St._Jean,1921,CD_QC_St._Jean_1921
CD_QC_St._Jean_&_Iberville,1901,CD_QC_St._Jean_&_Iberville
CD_QC_St._Jean_&_Iberville,1911,CD_QC_St._Jean_&_Iberville
CD_QC_St._Jean_1921,1921,CD_QC_St._Jean_1921_1921
CD_QC_St._Johns,1861,CD_QC_St._Jean
CD_QC_St._Maurice,1851,CD_QC_St._Maurice
CD_QC_St._Maurice,1861,CD_QC_St._Maurice
CD_QC_St._Maurice,1881,CD_QC_Trois-Rivières_&_St._Maurice
CD_QC_St._Maurice,1891,CD_QC_Trois-Rivières_&_St._Maurice
CD_QC_St._Maurice,1921,CD_QC_St._Maurice_1921
CD_QC_St._Maurice_1921,1921,CD_QC_St._Maurice_1921_1921
CD_QC_Stanstead,1851,CD_QC_Stanstead
CD_QC_Stanstead,1861,CD_QC_Stanstead
CD_QC_Stanstead,1871,CD_QC_Stanstead
CD_QC_Stanstead,1881,CD_QC_Stanstead
CD_QC_Stanstead,1891,CD_QC_Stanstead
CD_QC_Stanstead,1901,CD_QC_Stanstead
CD_QC_Stanstead,1911,CD_QC_Stanstead
CD_QC_Stanstead,1921,CD_QC_Stanstead
CD_QC_Temiscouata,1861,CD_QC_Temiscouata
CD_QC_Temiscouata,1871,CD_QC_Temiscouata
CD_QC_Temiscouata,1881,CD_QC_Temiscouata
CD_QC_Temiscouata,1891,CD_QC_Temiscouata_1891
CD_QC_Temiscouata,1901,CD_QC_Temiscouata
CD_QC_Temiscouata,1911,CD_QC_Temiscouata_1911
CD_QC_Temiscouata,1921,CD_QC_Temiscouata_1921
CD_QC_Terrebonne,1851,CD_QC_Terrebonne
CD_QC_Terrebonne,1861,CD_QC_Terrebonne
CD_QC_Terrebonne,1871,CD_QC_Terrebonne
CD_QC_Terrebonne,1881,CD_QC_Terrebonne
CD_QC_Terrebonne,1891,CD_QC_Terrebonne
CD_QC_Terrebonne,1901,CD_QC_Terrebonne
CD_QC_Terrebonne,1911,CD_QC_Terrebonne
CD_QC_Terrebonne,1921,CD_QC_Terrebonne
CD_QC_Town_of_Sherbrooke,1861,CD_QC_Sherbrooke_1861
CD_QC_Trois-Rivières,1871,CD_QC_Trois-Rivières_1871
CD_QC_Trois-Rivières,1881,CD_QC_Trois-Rivières
CD_QC_Trois-Rivières,1891,CD_QC_Trois-Rivières
CD_QC_Trois-Rivières_&_St._Maurice,1881,CD_QC_Trois-Rivières_&_St._Maurice
CD_QC_Trois-Rivières_&_St._Maurice,1891,CD_QC_Trois-Rivières_&_St._Maurice
CD_QC_Trois-Rivières_&_St._Maurice,1901,CD_QC_Trois-Rivières_&_St._Maurice
CD_QC_Trois-Rivières_&_St._Maurice,1911,CD_QC_Trois-Rivières_&_St._Maurice
CD_QC_Trois_Rivieres,1871,CD_QC_Trois-Rivières
CD_QC_Two_Mountains,1851,CD_QC_Deux-Montagnes
CD_QC_Two_Mountains,1861,CD_QC_Deux-Montagnes
CD_QC_Témiscamingue,1921,CD_QC_Témiscamingue
CD_QC_Témiscouata,1891,CD_QC_Temiscouata
CD_QC_Témiscouata,1911,CD_QC_Temiscouata
CD_QC_Témiscouata,1921,CD_QC_Temiscouata
"CD_QC_Unorganized_Districts_-_Abitibi,_Ashuanipi,_Mistassini",1901,"CD_QC_Unorganized_Districts_-_Abitibi,_Ashuanipi,_Mistassini"
CD_QC_Unorganized_parts_-_Parties_non_organisées,1911,CD_QC_Unorganized_parts_-_Parties_non_organisées
CD_QC_Vaudreuil,1851,CD_QC_Vaudreuil
CD_QC_Vaudreuil,1861,CD_QC_Vaudreuil
CD_QC_Vaudreuil,1871,CD_QC_Vaudreuil
CD_QC_Vaudreuil,1881,CD_QC_Vaudreuil
CD_QC_Vaudreuil,1891,CD_QC_Vaudreuil
CD_QC_Vaudreuil,1901,CD_QC_Vaudreuil
CD_QC_Vaudreuil,1911,CD_QC_Vaudreuil
CD_QC_Vaudreuil,1921,CD_QC_Vaudreuil
CD_QC_Vercheres,1861,CD_QC_Verchères
CD_QC_Vercheres,1871,CD_QC_Verchères
CD_QC_Verchères,1851,CD_QC_Verchères
CD_QC_Verchères,1861,CD_QC_Verchères_1861
CD_QC_Verchères,1871,CD_QC_Verchères_1871
CD_QC_Verchères,1881,CD_QC_Verchères
CD_QC_Verchères,1891,CD_QC_Verchères
CD_QC_Verchères,1921,CD_QC_Verchères_1921
CD_QC_Verchères_1921,1921,CD_QC_Verchères_1921_1921
CD_QC_Wolfe,1861,CD_QC_Wolfe
CD_QC_Wolfe,1871,CD_QC_Wolfe
CD_QC_Wolfe,1921,CD_QC_Wolfe_1921
CD_QC_Wolfe_1921,1921,CD_QC_Wolfe_1921_1921
CD_QC_Wright,1901,CD_QC_Wright
CD_QC_Wright,1911,CD_QC_Wright
CD_QC_Yamaska,1851,CD_QC_Yamaska
CD_QC_Yamaska,1861,CD_QC_Yamaska
CD_QC_Yamaska,1871,CD_QC_Yamaska
CD_QC_Yamaska,1881,CD_QC_Yamaska
CD_QC_Yamaska,1891,CD_QC_Yamaska_1891
CD_QC_Yamaska,1901,CD_QC_Yamaska
CD_QC_Yamaska,1911,CD_QC_Yamaska
CD_QC_Yamaska,1921,CD_QC_Yamaska
CD_QC_Yamaska_,1891,CD_QC_Yamaska
CD_SK_Assiniboia,1911,CD_SK_Assiniboia
CD_SK_Battleford,1911,CD_SK_Battleford
CD_SK_Division_No._1,1921,CD_SK_Division_No._1
CD_SK_Division_No._10,1921,CD_SK_Division_No._10
CD_SK_Division_No._11,1921,CD_SK_Division_No._11
CD_SK_Division_No._12,1921,CD_SK_Division_No._12
CD_SK_Division_No._13,1921,CD_SK_Division_No._13
CD_SK_Division_No._14,1921,CD_SK_Division_No._14
CD_SK_Division_No._15,1921,CD_SK_Division_No._15
CD_SK_Division_No._16,1921,CD_SK_Division_No._16
CD_SK_Division_No._17,1921,CD_SK_Division_No._17
CD_SK_Division_No._18,1921,CD_SK_Division_No._18
CD_SK_Division_No._2,1921,CD_SK_Division_No._2
CD_SK_Division_No._3,1921,CD_SK_Division_No._3
CD_SK_Division_No._4,1921,CD_SK_Division_No._4
CD_SK_Division_No._5,1921,CD_SK_Division_No._5
CD_SK_Division_No._6,1921,CD_SK_Division_No._6
CD_SK_Division_No._7,1921,CD_SK_Division_No._7
CD_SK_Division_No._8,1921,CD_SK_Division_No._8
CD_SK_Division_No._9,1921,CD_SK_Division_No._9
CD_SK_Humboldt,1911,CD_SK_Humboldt
CD_SK_Mackenzie,1911,CD_SK_Mackenzie
CD_SK_Moosejaw,1911,CD_SK_Moosejaw
CD_SK_Prince_Albert,1911,CD_SK_Prince_Albert
CD_SK_Qu'Appelle,1911,CD_SK_Qu'Appelle
CD_SK_Regina,1911,CD_SK_Regina
CD_SK_Saltcoats,1911,CD_SK_Saltcoats
CD_SK_Saskatoon,1911,CD_SK_Saskatoon
CD_YT_Yukon,1911,CD_YT_Yukon
CD_YT_Yukon,1921,CD_YT_Yukon
