norm_name,province,n_members,reason,members
brantford,ON,5,partitioned_into_2_sequences,PLACE_ON065002;PLACE_ON103001 | PLACE_ON015004;PLACE_ON159001;PLACE_ON103007_1891
kincardine,ON,2,no_supported_pairs,PLACE_ON104012;PLACE_ON104019
richmond,ON,4,partitioned_into_2_sequences,PLACE_ON021003;PLACE_ON117008;PLACE_ON125006_1891 | PLACE_ON105013
arthur,ON,3,partitioned_into_2_sequences,PLACE_ON035004;PLACE_ON152017 | PLACE_ON152001_1881
winchester,ON,2,no_supported_pairs,PLACE_ON107004;PLACE_ON107008
lancaster,ON,2,no_supported_pairs,PLACE_ON112003;PLACE_ON112006
collingwood,ON,4,partitioned_into_2_sequences,PLACE_ON114003 | PLACE_ON042002;PLACE_ON139003_1881;PLACE_ON144020
madoc,ON,2,no_supported_pairs,PLACE_ON118012;PLACE_ON118031
stirling,ON,2,no_supported_pairs,PLACE_ON118033;PLACE_ON147023
colborne,ON,2,no_supported_pairs,PLACE_ON119002;PLACE_ON132014
sarnia,ON,6,partitioned_into_2_sequences,PLACE_ON018008;PLACE_ON179001;PLACE_ON122012 | PLACE_ON179002;PLACE_ON088004;PLACE_ON122008
lanark,ON,2,no_supported_pairs,PLACE_ON123008;PLACE_ON123019
ramsay,ON,4,partitioned_into_2_sequences,PLACE_ON082013;PLACE_ON112001_1871;PLACE_ON123012 | PLACE_ON054077
camden,ON,3,partitioned_into_2_sequences,PLACE_ON101004 | PLACE_ON003003;PLACE_ON121001_1881
clinton,ON,4,partitioned_into_3_sequences,PLACE_ON021005;PLACE_ON126002 | PLACE_ON173008 | PLACE_ON119017
grimsby,ON,2,no_supported_pairs,PLACE_ON145005;PLACE_ON126013
london,ON,2,no_supported_pairs,PLACE_ON128008;PLACE_ON128016
brighton,ON,6,partitioned_into_2_sequences,PLACE_ON088003;PLACE_ON123003_1871;PLACE_ON132002_1891 | PLACE_ON088002;PLACE_ON123004;PLACE_ON132013
hamilton,ON,3,partitioned_into_2_sequences,PLACE_ON054001;PLACE_ON132005_1891 | PLACE_ON153009
uxbridge,ON,2,no_supported_pairs,PLACE_ON133009;PLACE_ON133013
blenheim,ON,2,no_supported_pairs,PLACE_ON134002;PLACE_ON121013
toronto,ON,3,partitioned_into_2_sequences,PLACE_ON043001;PLACE_ON154011 | PLACE_ON136004
caledonia,ON,2,no_supported_pairs,PLACE_ON139002;PLACE_ON115013
erin,ON,2,no_supported_pairs,PLACE_ON152003;PLACE_ON152021
guelph,ON,4,partitioned_into_2_sequences,PLACE_ON151002;PLACE_ON152005 | PLACE_ON151003;PLACE_ON152013
bertie,ON,4,partitioned_into_2_sequences,PLACE_ON040008;PLACE_ON142003;PLACE_ON151001 | PLACE_ON151015
thorold,ON,4,partitioned_into_3_sequences,PLACE_ON142008;PLACE_ON151006 | PLACE_ON142009 | PLACE_ON151013
finch,ON,2,no_supported_pairs,PLACE_ON145002;PLACE_ON145006
lindsay,ON,3,partitioned_into_2_sequences,PLACE_ON129002;PLACE_ON149013 | PLACE_ON104014
markham,ON,2,no_supported_pairs,PLACE_ON154006;PLACE_ON154019
pembroke,ON,5,partitioned_into_2_sequences,PLACE_ON033009;PLACE_ON114006_1861;PLACE_ON142022 | PLACE_ON114007_1861;PLACE_ON142037
windsor,ON,2,no_supported_pairs,PLACE_ON181013;PLACE_ON110016
kingston,ON,2,no_supported_pairs,PLACE_ON111008;PLACE_ON111017
goderich,ON,4,partitioned_into_2_sequences,PLACE_ON173007;PLACE_ON119003 | PLACE_ON174002;PLACE_ON119018
chatham,ON,3,partitioned_into_2_sequences,PLACE_ON002007;PLACE_ON121012 | PLACE_ON121002
niagara,ON,1,tier_conflict_rural_member_excluded,PLACE_ON143001_1851
niagara,ON,3,partitioned_into_2_sequences,PLACE_ON085008;PLACE_ON126011 | PLACE_ON126008
whitby,ON,5,partitioned_into_2_sequences,PLACE_ON026001;PLACE_ON048003;PLACE_ON132003_1881;PLACE_ON133010 | PLACE_ON133014
norwich,ON,2,no_supported_pairs,PLACE_ON027007;PLACE_ON134016
waterloo,ON,5,partitioned_into_2_sequences,PLACE_ON038002;PLACE_ON162004;PLACE_ON123003_1891 | PLACE_ON130005;PLACE_ON150010
preston,ON,2,no_supported_pairs,PLACE_ON150009;PLACE_ON130070
humberstone,ON,3,partitioned_into_2_sequences,PLACE_ON142001_1851;PLACE_ON151003_1891 | PLACE_ON151017
barrie,ON,3,partitioned_into_2_sequences,PLACE_ON121008;PLACE_ON144019 | PLACE_ON111001
cornwall,ON,3,partitioned_into_2_sequences,PLACE_ON099001;PLACE_ON145005_1901 | PLACE_ON145001
peterborough,ON,3,partitioned_into_2_sequences,PLACE_ON056003;PLACE_ON126001_1881 | PLACE_ON138017
dundas,ON,2,no_supported_pairs,PLACE_ON148001;PLACE_ON153010_1891
paris,ON,3,no_supported_pairs,PLACE_ON065007;PLACE_ON160004;PLACE_ON103008
gaol,ON,3,no_supported_pairs,PLACE_ON045012;PLACE_ON044006;PLACE_ON043010
hungerford,ON,2,no_supported_pairs,PLACE_ON015010;PLACE_ON118009
palmerston,ON,5,partitioned_into_3_sequences,PLACE_ON072010;PLACE_ON111012 | PLACE_ON172009;PLACE_ON152016 | PLACE_ON153010
sault ste. marie,ON,6,partitioned_into_2_sequences,PLACE_ON106002;PLACE_ON089002;PLACE_ON182022;PLACE_ON044025;PLACE_ON102108 | PLACE_ON044026
st. andre,QC,5,partitioned_into_4_sequences,PLACE_QC080011 | PLACE_QC058006_1851;PLACE_QC042011 | PLACE_QC138002 | PLACE_QC063011
st. dominique,QC,6,partitioned_into_3_sequences,PLACE_QC078009;PLACE_QC143003;PLACE_QC039014_1921 | PLACE_QC149019_1881;PLACE_QC149020_1901 | PLACE_QC039003
st. pie,QC,5,partitioned_into_2_sequences,PLACE_QC078008;PLACE_QC004006;PLACE_QC189015;PLACE_QC039017 | PLACE_QC039009_1911
st. simon,QC,5,partitioned_into_2_sequences,PLACE_QC078011;PLACE_QC039011 | PLACE_QC045013;PLACE_QC040002_1871;PLACE_QC193032
lambton,QC,2,no_supported_pairs,PLACE_QC005007;PLACE_QC055023
st. clement,QC,6,partitioned_into_2_sequences,PLACE_QC048011;PLACE_QC006003;PLACE_QC145002;PLACE_QC041002_1921 | PLACE_QC041013;PLACE_QC095009
st. timothee,QC,4,partitioned_into_2_sequences,PLACE_QC048010;PLACE_QC145006;PLACE_QC041013_1921 | PLACE_QC047023
ste. cecile,QC,7,partitioned_into_3_sequences,PLACE_QC006002;PLACE_QC111006;PLACE_QC140003_1881;PLACE_QC145001_1901;PLACE_QC041001_1921 | PLACE_QC127003 | PLACE_QC041012
st. charles,QC,4,partitioned_into_3_sequences,PLACE_QC141003 | PLACE_QC121003;PLACE_QC091004 | PLACE_QC042018
st. lazare,QC,5,partitioned_into_2_sequences,PLACE_QC007006;PLACE_QC045007;PLACE_QC146007;PLACE_QC042011_1921 | PLACE_QC097004
st. michel,QC,8,partitioned_into_5_sequences,PLACE_QC049004;PLACE_QC141009;PLACE_QC042012_1911 | PLACE_QC060005_1851;PLACE_QC201008 | PLACE_QC077003 | PLACE_QC194009 | PLACE_QC100020
st. norbert,QC,3,partitioned_into_2_sequences,PLACE_QC043012 | PLACE_QC052018;PLACE_QC038013
farnham,QC,4,partitioned_into_2_sequences,PLACE_QC075007;PLACE_QC033002;PLACE_QC072014 | PLACE_QC045008_1921
boucherville,QC,3,partitioned_into_2_sequences,PLACE_QC118009;PLACE_QC046001 | PLACE_QC046011
longueuil (part),QC,2,no_supported_pairs,PLACE_QC052002;PLACE_QC057017
longueuil,QC,1,tier_conflict_rural_member_excluded,PLACE_QC011005
longueuil,QC,4,partitioned_into_2_sequences,PLACE_QC046007 | PLACE_QC118002;PLACE_QC145006_1881;PLACE_QC150003_1911
st. bruno,QC,5,partitioned_into_2_sequences,PLACE_QC052005;PLACE_QC118008;PLACE_QC046005 | PLACE_QC149019;PLACE_QC063030
beloeil,QC,2,no_supported_pairs,PLACE_QC145012;PLACE_QC098009_1921
contrecoeur,QC,2,no_supported_pairs,PLACE_QC098002;PLACE_QC098010
st. antoine,QC,3,partitioned_into_2_sequences,PLACE_QC061005_1851;PLACE_QC049008 | PLACE_QC098003
vercheres,QC,4,partitioned_into_2_sequences,PLACE_QC119006;PLACE_QC150014;PLACE_QC098008 | PLACE_QC098013
cap de la madeleine,QC,2,no_supported_pairs,PLACE_QC053004;PLACE_QC047030
champlain,QC,2,no_supported_pairs,PLACE_QC012003;PLACE_QC047034
mont carmel,QC,2,no_supported_pairs,PLACE_QC133001;PLACE_QC159002
st. jean chrysostome,QC,6,partitioned_into_2_sequences,PLACE_QC048014;PLACE_QC071001;PLACE_QC049003_1891 | PLACE_QC054003;PLACE_QC164008;PLACE_QC066006_1911
st. malachie,QC,7,partitioned_into_3_sequences,PLACE_QC048016;PLACE_QC071004 | PLACE_QC160003;PLACE_QC047009_1881;PLACE_QC152011_1891;PLACE_QC053014 | PLACE_QC062050
chicoutimi,QC,1,tier_conflict_rural_member_excluded,PLACE_QC074022
chicoutimi,QC,4,partitioned_into_2_sequences,PLACE_QC015005;PLACE_QC150005;PLACE_QC050018 | PLACE_QC050003
st. augustin,QC,6,partitioned_into_3_sequences,PLACE_QC041007;PLACE_QC143012_1871;PLACE_QC080010 | PLACE_QC097006;PLACE_QC052002_1881 | PLACE_QC086083
st. benoit,QC,2,no_supported_pairs,PLACE_QC052003;PLACE_QC052013_1911
st. eustache,QC,1,tier_conflict_rural_member_excluded,PLACE_QC080008
st. eustache,QC,4,partitioned_into_2_sequences,PLACE_QC052014 | PLACE_QC151006;PLACE_QC156006_1911;PLACE_QC052006_1921
st. joseph,QC,10,partitioned_into_6_sequences,PLACE_QC158004;PLACE_QC139016_1881;PLACE_QC144016;PLACE_QC040013 | PLACE_QC097003;PLACE_QC052008_1881 | PLACE_QC061003 | PLACE_QC040027 | PLACE_QC091015_1901 | PLACE_QC082014
ste. scholastique,QC,4,partitioned_into_2_sequences,PLACE_QC080003;PLACE_QC097009;PLACE_QC052011_1881 | PLACE_QC052015
st. anselme,QC,4,partitioned_into_2_sequences,PLACE_QC160001;PLACE_QC157001_1881;PLACE_QC053001 | PLACE_QC053021
st. isidore,QC,3,partitioned_into_2_sequences,PLACE_QC152007;PLACE_QC053009_1901 | PLACE_QC064003_1851
ste. marguerite,QC,5,partitioned_into_2_sequences,PLACE_QC054010;PLACE_QC159004;PLACE_QC053015 | PLACE_QC094016;PLACE_QC096013
hemmingford,QC,1,tier_conflict_rural_member_excluded,PLACE_QC048012
hemmingford,QC,3,partitioned_into_2_sequences,PLACE_QC021003;PLACE_QC058006_1871 | PLACE_QC058011_1891
ste. genevieve,QC,4,partitioned_into_3_sequences,PLACE_QC162006 | PLACE_QC162026;PLACE_QC076037 | PLACE_QC047008_1871
st. ambroise,QC,7,partitioned_into_4_sequences,PLACE_QC069003;PLACE_QC080006;PLACE_QC185004;PLACE_QC190005 | PLACE_QC060003 | PLACE_QC081023 | PLACE_QC050024
st. charles borromee,QC,3,partitioned_into_2_sequences,PLACE_QC025007;PLACE_QC060005_1871 | PLACE_QC042008
st. paul,QC,3,partitioned_into_2_sequences,PLACE_QC158013;PLACE_QC060013_1911 | PLACE_QC191008
st. thomas,QC,5,partitioned_into_4_sequences,PLACE_QC158014;PLACE_QC060014 | PLACE_QC072010 | PLACE_QC074013_1851 | PLACE_QC206013
st. denis,QC,1,tier_conflict_rural_member_excluded,PLACE_QC071021
st. denis,QC,5,partitioned_into_3_sequences,PLACE_QC026008;PLACE_QC061007_1871 | PLACE_QC190007;PLACE_QC091006 | PLACE_QC091014
st. louis,QC,4,no_supported_pairs,PLACE_QC058005;PLACE_QC065010;PLACE_QC076025;PLACE_QC171012
kamouraska,QC,2,no_supported_pairs,PLACE_QC061017;PLACE_QC160010
buckingham,QC,8,partitioned_into_2_sequences,PLACE_QC039012;PLACE_QC176010;PLACE_QC160003_1901;PLACE_QC165008;PLACE_QC062008 | PLACE_QC097002;PLACE_QC160002_1891;PLACE_QC062057
laprairie,QC,3,partitioned_into_2_sequences,PLACE_QC057001;PLACE_QC064001 | PLACE_QC064008
st. edouard,QC,4,partitioned_into_2_sequences,PLACE_QC057010;PLACE_QC116004;PLACE_QC166009 | PLACE_QC166008_1871
st. remi,QC,3,partitioned_into_2_sequences,PLACE_QC057018;PLACE_QC077005 | PLACE_QC077007
l'assomption,QC,6,partitioned_into_2_sequences,PLACE_QC059001;PLACE_QC162002;PLACE_QC065002 | PLACE_QC059002;PLACE_QC001001;PLACE_QC065011
st. roch,QC,8,partitioned_into_4_sequences,PLACE_QC059011;PLACE_QC001009;PLACE_QC162010_1871 | PLACE_QC060003_1851;PLACE_QC164004;PLACE_QC043005_1881 | PLACE_QC042013 | PLACE_QC082009
ste. agathe,QC,5,partitioned_into_3_sequences,PLACE_QC171002;PLACE_QC068004_1921 | PLACE_QC193003;PLACE_QC202003 | PLACE_QC068025
inverness,QC,3,partitioned_into_2_sequences,PLACE_QC156005;PLACE_QC071004_1891 | PLACE_QC071023
dunham,QC,3,partitioned_into_2_sequences,PLACE_QC065008;PLACE_QC072001 | PLACE_QC072017
st. pierre,QC,5,partitioned_into_3_sequences,PLACE_QC060009;PLACE_QC074012 | PLACE_QC148002;PLACE_QC075011 | PLACE_QC135008
l'ange gardien,QC,7,partitioned_into_3_sequences,PLACE_QC078006;PLACE_QC085001 | PLACE_QC178003;PLACE_QC075002_1921 | PLACE_QC160012;PLACE_QC165018;PLACE_QC062024
laval,QC,2,no_supported_pairs,PLACE_QC178004;PLACE_QC078029
st. francois,QC,9,partitioned_into_4_sequences,PLACE_QC083003;PLACE_QC197005;PLACE_QC201007;PLACE_QC206007 | PLACE_QC158005;PLACE_QC139015;PLACE_QC139011 | PLACE_QC075007_1851 | PLACE_QC074009
st. jean,QC,5,partitioned_into_4_sequences,PLACE_QC015018;PLACE_QC149025 | PLACE_QC186002 | PLACE_QC075008 | PLACE_QC092009
st. joachim,QC,5,partitioned_into_4_sequences,PLACE_QC036009;PLACE_QC075009 | PLACE_QC153004 | PLACE_QC087007 | PLACE_QC056027
st. laurent,QC,1,tier_conflict_rural_member_excluded,PLACE_QC076010
st. laurent,QC,8,partitioned_into_4_sequences,PLACE_QC092011;PLACE_QC158009;PLACE_QC157017;PLACE_QC162008_1911 | PLACE_QC075010 | PLACE_QC038014 | PLACE_QC162019;PLACE_QC076032
montreal,QC,2,tier_conflict_rural_member_excluded,PLACE_QC020002;PLACE_QC107001
becancour,QC,4,partitioned_into_2_sequences,PLACE_QC038001;PLACE_QC179002;PLACE_QC078001 | PLACE_QC078026
gentilly,QC,5,partitioned_into_2_sequences,PLACE_QC066006;PLACE_QC038003;PLACE_QC184002;PLACE_QC078002_1921 | PLACE_QC078027
st. gregoire,QC,4,partitioned_into_2_sequences,PLACE_QC072007;PLACE_QC157007 | PLACE_QC135002;PLACE_QC179012_1881
ste. monique,QC,8,partitioned_into_3_sequences,PLACE_QC038008_1851;PLACE_QC135011;PLACE_QC175014;PLACE_QC179015;PLACE_QC078015 | PLACE_QC095003_1881;PLACE_QC052009_1891 | PLACE_QC094009_1881
grondines,QC,3,partitioned_into_2_sequences,PLACE_QC186005;PLACE_QC080024 | PLACE_QC080004_1921
pointe aux trembles,QC,5,partitioned_into_2_sequences,PLACE_QC041005;PLACE_QC186007 | PLACE_QC163004;PLACE_QC168001_1911;PLACE_QC076005
st. casimir,QC,5,partitioned_into_2_sequences,PLACE_QC143002;PLACE_QC178013;PLACE_QC186013;PLACE_QC080031 | PLACE_QC080012_1921
st. raymond,QC,3,partitioned_into_2_sequences,PLACE_QC041011;PLACE_QC143009 | PLACE_QC080034
notre dame,QC,2,no_supported_pairs,PLACE_QC069001;PLACE_QC091008
st. gabriel,QC,3,partitioned_into_2_sequences,PLACE_QC050012;PLACE_QC008009 | PLACE_QC042012
st. ours,QC,1,tier_conflict_rural_member_excluded,PLACE_QC070002
st. ours,QC,3,partitioned_into_2_sequences,PLACE_QC082012 | PLACE_QC186005_1861;PLACE_QC082006
ste. victoire,QC,6,partitioned_into_2_sequences,PLACE_QC070005;PLACE_QC043009;PLACE_QC120004;PLACE_QC082010 | PLACE_QC153036;PLACE_QC158027
melbourne,QC,2,no_supported_pairs,PLACE_QC044004;PLACE_QC083016
st. camille,QC,2,no_supported_pairs,PLACE_QC099008;PLACE_QC042007
st. hilaire,QC,4,partitioned_into_2_sequences,PLACE_QC063012;PLACE_QC194005;PLACE_QC085016 | PLACE_QC085005_1921
ste. marie,QC,8,partitioned_into_3_sequences,PLACE_QC046006;PLACE_QC123005 | PLACE_QC158002;PLACE_QC139020;PLACE_QC139019;PLACE_QC144018;PLACE_QC040015 | PLACE_QC040028
st. hyacinthe,QC,1,tier_conflict_rural_member_excluded,PLACE_QC050007
st. hyacinthe,QC,3,partitioned_into_2_sequences,PLACE_QC078002;PLACE_QC091012 | PLACE_QC121007
st. damase,QC,7,partitioned_into_3_sequences,PLACE_QC062011;PLACE_QC185005_1891;PLACE_QC091005_1901 | PLACE_QC183017;PLACE_QC188015;PLACE_QC070007 | PLACE_QC165001
st. alexandre,QC,6,partitioned_into_3_sequences,PLACE_QC072006_1851;PLACE_QC059001_1861 | PLACE_QC058011;PLACE_QC026005;PLACE_QC061003_1891 | PLACE_QC059009_1921
notre dame des anges,QC,4,partitioned_into_3_sequences,PLACE_QC175004 | PLACE_QC186008;PLACE_QC080007 | PLACE_QC080027
ste. brigitte,QC,3,partitioned_into_2_sequences,PLACE_QC072009;PLACE_QC191014 | PLACE_QC175007_1871
l'acadie (part),QC,2,no_supported_pairs,PLACE_QC052011;PLACE_QC057015
granby,QC,4,partitioned_into_2_sequences,PLACE_QC048002;PLACE_QC188003;PLACE_QC087003 | PLACE_QC087013
st. polycarpe,QC,6,partitioned_into_2_sequences,PLACE_QC081006;PLACE_QC049006;PLACE_QC110002;PLACE_QC074001;PLACE_QC089012 | PLACE_QC089004_1891
st. telesphore,QC,3,partitioned_into_2_sequences,PLACE_QC049007_1861;PLACE_QC089005_1881 | PLACE_QC066013
st. zotique,QC,2,no_supported_pairs,PLACE_QC089006;PLACE_QC089013
hatley,QC,5,partitioned_into_2_sequences,PLACE_QC191006;PLACE_QC195006;PLACE_QC200003;PLACE_QC090014 | PLACE_QC090003
magog,QC,3,partitioned_into_2_sequences,PLACE_QC056004;PLACE_QC090010 | PLACE_QC090005
riviere du loup,QC,5,partitioned_into_2_sequences,PLACE_QC071001_1851;PLACE_QC041002_1861;PLACE_QC095024 | PLACE_QC085001_1861;PLACE_QC069003_1891
trois pistoles,QC,5,partitioned_into_2_sequences,PLACE_QC071007;PLACE_QC166008;PLACE_QC201022;PLACE_QC095027 | PLACE_QC095030
ste. anne,QC,7,partitioned_into_5_sequences,PLACE_QC099006 | PLACE_QC148009;PLACE_QC178002 | PLACE_QC108006 | PLACE_QC149015_1881;PLACE_QC050025 | PLACE_QC188011
st. jerome,QC,11,partitioned_into_4_sequences,PLACE_QC079004;PLACE_QC056010_1861;PLACE_QC099009;PLACE_QC197009;PLACE_QC096010 | PLACE_QC099010;PLACE_QC096019 | PLACE_QC076024;PLACE_QC149026 | PLACE_QC149027;PLACE_QC063034
terrebonne,QC,3,partitioned_into_2_sequences,PLACE_QC079009;PLACE_QC099001 | PLACE_QC096021
ste. therese,QC,1,tier_conflict_rural_member_excluded,PLACE_QC099003
ste. therese,QC,4,partitioned_into_2_sequences,PLACE_QC099004;PLACE_QC202021;PLACE_QC096020 | PLACE_QC096016
st. barnabe,QC,6,partitioned_into_2_sequences,PLACE_QC052002_1851;PLACE_QC084008_1871;PLACE_QC203003;PLACE_QC093004 | PLACE_QC050002_1851;PLACE_QC091002
st. etienne,QC,3,partitioned_into_2_sequences,PLACE_QC052004;PLACE_QC129005 | PLACE_QC041003
yamachiche,QC,5,partitioned_into_2_sequences,PLACE_QC073005;PLACE_QC084001;PLACE_QC093018_1891 | PLACE_QC203010;PLACE_QC093011
rigaud,QC,4,partitioned_into_2_sequences,PLACE_QC109004;PLACE_QC075002;PLACE_QC097001 | PLACE_QC097009_1881
vaudreuil,QC,5,partitioned_into_2_sequences,PLACE_QC109002;PLACE_QC075006;PLACE_QC195010;PLACE_QC097006_1901 | PLACE_QC097014
joliette,QC,2,no_supported_pairs,PLACE_QC025002;PLACE_QC163014
beauport,QC,4,partitioned_into_2_sequences,PLACE_QC185002;PLACE_QC190002_1911;PLACE_QC081020 | PLACE_QC081002
varennes,QC,2,no_supported_pairs,PLACE_QC098007;PLACE_QC098012
roberval,QC,3,partitioned_into_2_sequences,PLACE_QC015015;PLACE_QC150009 | PLACE_QC063027
berthier,QC,4,partitioned_into_3_sequences,PLACE_QC103003;PLACE_QC043001_1881 | PLACE_QC074003 | PLACE_QC043015
chambly,QC,1,tier_conflict_rural_member_excluded,PLACE_QC052008
chambly,QC,5,partitioned_into_2_sequences,PLACE_QC011004;PLACE_QC118006;PLACE_QC067005 | PLACE_QC118005;PLACE_QC046002
st. narcisse,QC,4,partitioned_into_2_sequences,PLACE_QC012009;PLACE_QC146012;PLACE_QC047016 | PLACE_QC068014
aylmer,QC,3,partitioned_into_2_sequences,PLACE_QC005002 | PLACE_QC097026;PLACE_QC057030
newport,QC,4,partitioned_into_2_sequences,PLACE_QC076009;PLACE_QC051013 | PLACE_QC019011;PLACE_QC056023
st. cyrille,QC,5,partitioned_into_2_sequences,PLACE_QC023004;PLACE_QC165005;PLACE_QC165005_1901;PLACE_QC067006 | PLACE_QC054018
ste. helene,QC,4,partitioned_into_2_sequences,PLACE_QC026009;PLACE_QC061010_1891 | PLACE_QC058006;PLACE_QC039005_1891
blandford,QC,3,partitioned_into_2_sequences,PLACE_QC066002;PLACE_QC038002_1861 | PLACE_QC003004
lachute,QC,2,no_supported_pairs,PLACE_QC080012;PLACE_QC037014
st. ephrem,QC,3,no_supported_pairs,PLACE_QC122008;PLACE_QC048014_1871;PLACE_QC040025
st. hugues,QC,3,partitioned_into_2_sequences,PLACE_QC078012;PLACE_QC122005 | PLACE_QC039015_1911
st. lambert,QC,5,partitioned_into_2_sequences,PLACE_QC011009;PLACE_QC118001;PLACE_QC150017;PLACE_QC046010 | PLACE_QC154006_1861
st. luc (part),QC,2,no_supported_pairs,PLACE_QC057016;PLACE_QC052010_1851
st. luc,QC,3,partitioned_into_2_sequences,PLACE_QC117006;PLACE_QC092005_1881 | PLACE_QC047013
st. alban,QC,5,partitioned_into_2_sequences,PLACE_QC143004;PLACE_QC178010;PLACE_QC181009;PLACE_QC080009 | PLACE_QC080030
indians,QC,2,no_supported_pairs,PLACE_QC069012;PLACE_QC074028
st. cesaire,QC,5,partitioned_into_2_sequences,PLACE_QC078005;PLACE_QC063008;PLACE_QC189007_1891;PLACE_QC085004 | PLACE_QC085015
ascot,QC,6,partitioned_into_2_sequences,PLACE_QC076007;PLACE_QC140003;PLACE_QC193001;PLACE_QC198001;PLACE_QC088001 | PLACE_QC088006
st. louis de gonzague,QC,3,partitioned_into_2_sequences,PLACE_QC048013;PLACE_QC041004 | PLACE_QC053012_1911
hull,QC,3,partitioned_into_2_sequences,PLACE_QC093002;PLACE_QC205010 | PLACE_QC057029
grenville,QC,2,no_supported_pairs,PLACE_QC037004;PLACE_QC037017
st. elzear,QC,3,partitioned_into_2_sequences,PLACE_QC158001;PLACE_QC040008 | PLACE_QC076042
st. george,QC,4,partitioned_into_2_sequences,PLACE_QC048010_1851;PLACE_QC139017;PLACE_QC139014 | PLACE_QC064007_1871
brome,QC,5,partitioned_into_2_sequences,PLACE_QC144003;PLACE_QC144004_1901 | PLACE_QC144003_1901;PLACE_QC149003_1911;PLACE_QC045003_1921
sutton,QC,2,no_supported_pairs,PLACE_QC045006_1851;PLACE_QC045011_1901
baie st. paul,QC,2,no_supported_pairs,PLACE_QC048001_1851;PLACE_QC048012_1901
malbaie,QC,4,partitioned_into_3_sequences,PLACE_QC149009;PLACE_QC152004 | PLACE_QC159018 | PLACE_QC048014_1901
petite riviere,QC,2,no_supported_pairs,PLACE_QC048005_1851;PLACE_QC188003_1911
ste. philomene,QC,3,partitioned_into_2_sequences,PLACE_QC049007_1851 | PLACE_QC166014_1891;PLACE_QC166016
jonquiere,QC,2,no_supported_pairs,PLACE_QC150007;PLACE_QC050019
compton,QC,5,partitioned_into_2_sequences,PLACE_QC142002;PLACE_QC054014_1881;PLACE_QC150005_1891;PLACE_QC051006 | PLACE_QC051020
warwick,QC,6,partitioned_into_2_sequences,PLACE_QC003012;PLACE_QC153032;PLACE_QC038025 | PLACE_QC153031;PLACE_QC153040;PLACE_QC038019
lachine,QC,5,partitioned_into_2_sequences,PLACE_QC108001;PLACE_QC158001_1881 | PLACE_QC108002;PLACE_QC162013;PLACE_QC076012
st. cyprien,QC,4,partitioned_into_3_sequences,PLACE_QC116006;PLACE_QC161008 | PLACE_QC196013_1901 | PLACE_QC053005_1921
st. francois de sales,QC,3,partitioned_into_2_sequences,PLACE_QC076043 | PLACE_QC149022;PLACE_QC063017
longue pointe,QC,5,partitioned_into_3_sequences,PLACE_QC091015;PLACE_QC163003_1891;PLACE_QC168011_1911 | PLACE_QC086058 | PLACE_QC094053
st. henri,QC,3,no_supported_pairs,PLACE_QC164007;PLACE_QC160003_1881;PLACE_QC066017
lotbiniere,QC,3,partitioned_into_2_sequences,PLACE_QC030001;PLACE_QC049003_1871 | PLACE_QC068023
st. alexis,QC,5,partitioned_into_3_sequences,PLACE_QC176002_1851;PLACE_QC073014_1921 | PLACE_QC076013_1871;PLACE_QC149013 | PLACE_QC073002
nicolet,QC,4,partitioned_into_2_sequences,PLACE_QC051007;PLACE_QC179006;PLACE_QC078024 | PLACE_QC179005
st. ignace,QC,3,partitioned_into_2_sequences,PLACE_QC035010 | PLACE_QC110004;PLACE_QC089001_1881
sorel,QC,3,partitioned_into_2_sequences,PLACE_QC082011 | PLACE_QC120005;PLACE_QC061002_1881
st. martin,QC,7,partitioned_into_2_sequences,PLACE_QC028002;PLACE_QC163003;PLACE_QC163010;PLACE_QC168008_1911;PLACE_QC076044 | PLACE_QC139006_1881;PLACE_QC139020_1901
harrington,QC,4,partitioned_into_2_sequences,PLACE_QC002006;PLACE_QC137007;PLACE_QC037005_1911 | PLACE_QC086047
liniere,QC,3,partitioned_into_2_sequences,PLACE_QC005008;PLACE_QC158007 | PLACE_QC040023
almonte,ON,2,no_supported_pairs,PLACE_ON112002_1871;PLACE_ON123015
strathroy,ON,2,no_supported_pairs,PLACE_ON168006;PLACE_ON128018
orillia,ON,3,partitioned_into_2_sequences,PLACE_ON139015;PLACE_ON144009 | PLACE_ON144022
mount forest,ON,2,no_supported_pairs,PLACE_ON035005;PLACE_ON152015
port colborne,ON,2,no_supported_pairs,PLACE_ON142002;PLACE_ON151012
newmarket,ON,2,no_supported_pairs,PLACE_ON154015;PLACE_ON148136
bruce mines,ON,3,partitioned_into_2_sequences,PLACE_ON089001;PLACE_ON182018 | PLACE_ON102110
nipigon,ON,4,partitioned_into_2_sequences,PLACE_ON090005_1871;PLACE_ON182028 | PLACE_ON044059;PLACE_ON147015
dalhousie,NS,4,no_supported_pairs,PLACE_NS016013;PLACE_NS014006;PLACE_NS004018;PLACE_NS016010_1891
yarmouth,NS,2,no_supported_pairs,PLACE_NS014003;PLACE_NS021022
ohio,NS,3,partitioned_into_2_sequences,PLACE_NS014004;PLACE_NS021011 | PLACE_NS019009_1881
carleton,NS,2,no_supported_pairs,PLACE_NS193005;PLACE_NS021005
salmon river,NS,4,partitioned_into_3_sequences,PLACE_NS032018_1871;PLACE_NS010027 | PLACE_NS009019 | PLACE_NS007017
bridgewater,NS,2,no_supported_pairs,PLACE_NS038003;PLACE_NS015043
caledonia,NS,3,partitioned_into_2_sequences,PLACE_NS194006;PLACE_NS052004 | PLACE_NS010002
maitland,NS,4,partitioned_into_2_sequences,PLACE_NS018012;PLACE_NS035011;PLACE_NS012006 | PLACE_NS004014
brookfield,NS,2,no_supported_pairs,PLACE_NS017001;PLACE_NS007002_1881
forks,NS,2,no_supported_pairs,PLACE_NS035007;PLACE_NS010006
"halifax, wardquartier no. 4",NS,2,no_supported_pairs,PLACE_NS009004;PLACE_NS045046
lawrencetown,NS,2,no_supported_pairs,PLACE_NS011017;PLACE_NS004006
dartmouth,NS,5,partitioned_into_2_sequences,PLACE_NS197001;PLACE_NS010013;PLACE_NS034028;PLACE_NS011044 | PLACE_NS010014
wolfville,NS,3,partitioned_into_2_sequences,PLACE_NS037008;PLACE_NS036027 | PLACE_NS014017
brooklyn,NS,2,no_supported_pairs,PLACE_NS012014;PLACE_NS017002
kempt,NS,2,no_supported_pairs,PLACE_NS012005;PLACE_NS017007
gays river,NS,2,no_supported_pairs,PLACE_NS011010;PLACE_NS007008
little river,NS,2,no_supported_pairs,PLACE_NS011018;PLACE_NS009010
smith cove,NS,2,no_supported_pairs,PLACE_NS011037;PLACE_NS009022
north river,NS,2,no_supported_pairs,PLACE_NS007016;PLACE_NS020016
middle river,NS,3,partitioned_into_2_sequences,PLACE_NS038022;PLACE_NS016023 | PLACE_NS020013
new glasgow,NS,3,partitioned_into_2_sequences,PLACE_NS200015;PLACE_NS020017_1881 | PLACE_NS016036
amherst,NS,3,partitioned_into_2_sequences,PLACE_NS022001;PLACE_NS030002 | PLACE_NS008030
river inhabitants,NS,2,no_supported_pairs,PLACE_NS041012;PLACE_NS013018
port hood,NS,3,partitioned_into_2_sequences,PLACE_NS035018;PLACE_NS013027 | PLACE_NS013016
grand narrows,NS,3,partitioned_into_2_sequences,PLACE_NS043007 | PLACE_NS039013;PLACE_NS006006_1921
boularderie,NS,5,partitioned_into_2_sequences,PLACE_NS006003;PLACE_NS028005;PLACE_NS039007 | PLACE_NS043004;PLACE_NS041005
cheticamp,NS,4,partitioned_into_2_sequences,PLACE_NS004013;PLACE_NS036002;PLACE_NS013002 | PLACE_NS009002_1891
st. george,NB,2,no_supported_pairs,PLACE_NB024011;PLACE_NB024018
simonds,NB,2,no_supported_pairs,PLACE_NB032004;PLACE_NB023007
rothesay,NB,2,no_supported_pairs,PLACE_NB027009;PLACE_NB027018
hampton,NB,2,no_supported_pairs,PLACE_NB027004;PLACE_NB027017
woodstock,NB,2,no_supported_pairs,PLACE_NB023011;PLACE_NB023014
gagetown,NB,2,no_supported_pairs,PLACE_NB030005;PLACE_NB030011
sussex,NB,3,partitioned_into_2_sequences,PLACE_NB176011;PLACE_NB027012 | PLACE_NB027016
andover,NB,3,partitioned_into_2_sequences,PLACE_NB034001;PLACE_NB034001_1921 | PLACE_NB034010
perth,NB,4,partitioned_into_2_sequences,PLACE_NB181002;PLACE_NB023007_1881;PLACE_NB034006 | PLACE_NB034009_1921
grand falls,NB,3,partitioned_into_2_sequences,PLACE_NB181004;PLACE_NB034004 | PLACE_NB034008
sackville,NB,2,no_supported_pairs,PLACE_NB035004;PLACE_NB035010
moncton,NB,3,no_supported_pairs,PLACE_NB035003;PLACE_NB024003_1881;PLACE_NB035009_1911
shediac,NB,2,no_supported_pairs,PLACE_NB035006;PLACE_NB035011_1911_1921
richibucto,NB,2,no_supported_pairs,PLACE_NB026005;PLACE_NB026013
chatham,NB,3,partitioned_into_2_sequences,PLACE_NB019004;PLACE_NB029015 | PLACE_NB029004
newcastle,NB,2,no_supported_pairs,PLACE_NB029010;PLACE_NB029016
bathurst,NB,2,no_supported_pairs,PLACE_NB025001;PLACE_NB025011
dalhousie,NB,3,partitioned_into_2_sequences,PLACE_NB019003;PLACE_NB031004 | PLACE_NB031009
st. sebastien,QC,3,partitioned_into_2_sequences,PLACE_QC048019 | PLACE_QC196013;PLACE_QC059007_1921
la visitation,QC,3,partitioned_into_2_sequences,PLACE_QC047002_1871 | PLACE_QC201002;PLACE_QC100001
hebertville,QC,1,tier_conflict_rural_member_excluded,PLACE_QC063003_1921
st. germain,QC,3,no_supported_pairs,PLACE_QC136003;PLACE_QC045011;PLACE_QC061009
ste. clothilde,QC,3,partitioned_into_2_sequences,PLACE_QC137001;PLACE_QC052028 | PLACE_QC049002
pointe claire,QC,3,no_supported_pairs,PLACE_QC092003;PLACE_QC092004_1871;PLACE_QC076029_1921
st. andre avelin,QC,2,no_supported_pairs,PLACE_QC160033;PLACE_QC062068
notre dame de bonsecours,QC,5,partitioned_into_2_sequences,PLACE_QC095005;PLACE_QC160026;PLACE_QC165030;PLACE_QC062037 | PLACE_QC085002
ste. rose,QC,1,tier_conflict_rural_member_excluded,PLACE_QC076045
ste. rose,QC,4,partitioned_into_2_sequences,PLACE_QC098003_1871;PLACE_QC076049 | PLACE_QC163012;PLACE_QC168009_1911
ste. angele,QC,3,partitioned_into_2_sequences,PLACE_QC135004 | PLACE_QC123007;PLACE_QC085003
rimouski,QC,3,partitioned_into_2_sequences,PLACE_QC084019 | PLACE_QC040008_1881;PLACE_QC188007
st. mathieu,QC,2,no_supported_pairs,PLACE_QC084015;PLACE_QC093009
cacouna,QC,2,no_supported_pairs,PLACE_QC095031;PLACE_QC095002
st. guillaume,QC,2,no_supported_pairs,PLACE_QC153021;PLACE_QC100019
bagotville,QC,3,partitioned_into_2_sequences,PLACE_QC150003;PLACE_QC076014_1881 | PLACE_QC050017
st. alphonse,QC,2,no_supported_pairs,PLACE_QC060002;PLACE_QC144009_1901
trois rivieres,QC,1,tier_conflict_rural_member_excluded,PLACE_QC131005
trois rivieres,QC,2,no_supported_pairs,PLACE_QC083005;PLACE_QC093015
tadoussac,QC,1,tier_conflict_rural_member_excluded,PLACE_QC086008
st. tite,QC,6,partitioned_into_2_sequences,PLACE_QC133004;PLACE_QC082012_1881;PLACE_QC146017;PLACE_QC146021;PLACE_QC047032 | PLACE_QC047024
unorganized territory,QC,6,no_supported_pairs,PLACE_QC084009;PLACE_QC082015;PLACE_QC149039;PLACE_QC098019;PLACE_QC176046;PLACE_QC177023
wood mountain,NT,2,no_supported_pairs,PLACE_NT193003;PLACE_NT204078
athabaska,NT,2,no_supported_pairs,PLACE_NT193014;PLACE_NT206001
emerson,MB,3,partitioned_into_2_sequences,PLACE_MB184003 | PLACE_MB010002;PLACE_MB156010
morris,MB,6,partitioned_into_2_sequences,PLACE_MB008010;PLACE_MB010008;PLACE_MB156012 | PLACE_MB008009;PLACE_MB010007;PLACE_MB156004
st. boniface,MB,5,partitioned_into_2_sequences,PLACE_MB183004;PLACE_MB008012_1891;PLACE_MB010010 | PLACE_MB010011;PLACE_MB160012
winnipeg,MB,2,no_supported_pairs,PLACE_MB183003;PLACE_MB160013
lucknow,ON,3,partitioned_into_2_sequences,PLACE_ON176012;PLACE_ON104025 | PLACE_ON175011
shelburne,ON,3,partitioned_into_2_sequences,PLACE_ON153011 | PLACE_ON155006;PLACE_ON106009
aylmer,ON,2,no_supported_pairs,PLACE_ON109009;PLACE_ON146005
brussels,ON,3,no_supported_pairs,PLACE_ON174008;PLACE_ON175007;PLACE_ON119023
blyth,ON,2,no_supported_pairs,PLACE_ON119022;PLACE_ON130011
london e,ON,2,no_supported_pairs,PLACE_ON167004;PLACE_ON090004_1891
tilsonburg,ON,2,no_supported_pairs,PLACE_ON158006;PLACE_ON134014
port dover,ON,2,no_supported_pairs,PLACE_ON157005;PLACE_ON131011_1891
hastings,ON,3,partitioned_into_2_sequences,PLACE_ON123009;PLACE_ON132015 | PLACE_ON125008_1881
"cornwall, east wardquartier",ON,2,no_supported_pairs,PLACE_ON100003_1881;PLACE_ON073003
stouffville,ON,3,partitioned_into_2_sequences,PLACE_ON135006 | PLACE_ON137002_1881;PLACE_ON154021
seaforth,ON,2,no_supported_pairs,PLACE_ON174006;PLACE_ON119019
fort william,ON,2,no_supported_pairs,PLACE_ON182031;PLACE_ON147036
st. leonard,NB,3,partitioned_into_2_sequences,PLACE_NB023013;PLACE_NB028011 | PLACE_NB028014
st. stephen,NB,4,partitioned_into_3_sequences,PLACE_NB015016 | PLACE_NB015015;PLACE_NB024014 | PLACE_NB024019
st. joseph,NS,2,no_supported_pairs,PLACE_NS038014;PLACE_NS013019
tracadie,NS,2,no_supported_pairs,PLACE_NS010030;PLACE_NS005017
westville,NS,2,no_supported_pairs,PLACE_NS039027;PLACE_NS016040
stellarton,NS,2,no_supported_pairs,PLACE_NS039026;PLACE_NS016038
st. jovite,QC,2,no_supported_pairs,PLACE_QC197011;PLACE_QC096023
st. ephrem d'upton,QC,3,partitioned_into_2_sequences,PLACE_QC039018_1881 | PLACE_QC138004;PLACE_QC039004
sacre cur de jesus,QC,3,partitioned_into_2_sequences,PLACE_QC048007_1881;PLACE_QC040003 | PLACE_QC040024_1911
st. pierre de broughton,QC,2,no_supported_pairs,PLACE_QC040017_1881;PLACE_QC050012_1881
notre dame du mont carmel,QC,4,partitioned_into_2_sequences,PLACE_QC146003;PLACE_QC151003;PLACE_QC047004_1921 | PLACE_QC092001_1921
st. simeon,QC,4,partitioned_into_3_sequences,PLACE_QC147011_1871;PLACE_QC048010_1901 | PLACE_QC048016_1911 | PLACE_QC044023
st. gedeon,QC,2,no_supported_pairs,PLACE_QC063018;PLACE_QC063033
notre dame du lac,QC,4,partitioned_into_2_sequences,PLACE_QC076026 | PLACE_QC196007;PLACE_QC201005;PLACE_QC095005_1921
st. fulgence,QC,3,partitioned_into_2_sequences,PLACE_QC076031;PLACE_QC149021 | PLACE_QC050014_1911
l'annonciation,QC,3,partitioned_into_2_sequences,PLACE_QC156001;PLACE_QC052001 | PLACE_QC062062
cote st. paul,QC,2,no_supported_pairs,PLACE_QC162021;PLACE_QC162001
notre dame de grace,QC,2,no_supported_pairs,PLACE_QC155011_1881;PLACE_QC162015
st. leonard,QC,5,partitioned_into_2_sequences,PLACE_QC135014;PLACE_QC175012;PLACE_QC184012;PLACE_QC078030 | PLACE_QC080017
ste. perpetue,QC,2,no_supported_pairs,PLACE_QC078016;PLACE_QC067011_1891
st. moise,QC,4,partitioned_into_2_sequences,PLACE_QC183027;PLACE_QC188030;PLACE_QC193029 | PLACE_QC070026
richelieu,QC,2,no_supported_pairs,PLACE_QC123001;PLACE_QC085013
st. louis de bonsecours,QC,4,partitioned_into_2_sequences,PLACE_QC185010;PLACE_QC191004;PLACE_QC082004_1921 | PLACE_QC181005
st. gabriel de brandon,QC,4,partitioned_into_2_sequences,PLACE_QC142009;PLACE_QC142007;PLACE_QC043009_1911 | PLACE_QC043016
st. damien,QC,2,no_supported_pairs,PLACE_QC043008_1881;PLACE_QC141004
st. honore,QC,2,no_supported_pairs,PLACE_QC095016;PLACE_QC050015
ste. thecle,QC,3,partitioned_into_2_sequences,PLACE_QC146016;PLACE_QC047021 | PLACE_QC047039
burpee,ON,2,no_supported_pairs,PLACE_ON127006_1891;PLACE_ON135004_1911
mills,ON,2,no_supported_pairs,PLACE_ON127015;PLACE_ON135032
tilbury (pt),ON,2,no_supported_pairs,PLACE_ON110026;PLACE_ON121017
ridout,ON,2,no_supported_pairs,PLACE_ON129016;PLACE_ON054079
niagara falls,ON,3,no_supported_pairs,PLACE_ON125006;PLACE_ON151009;PLACE_ON123008_1901
sutton,ON,2,no_supported_pairs,PLACE_ON154022;PLACE_ON054091
unorganized territory,ON,4,partitioned_into_3_sequences,PLACE_ON113015;PLACE_ON096012 | PLACE_ON114013_1881 | PLACE_ON046064
deloraine,MB,2,no_supported_pairs,PLACE_MB009008;PLACE_MB158010
whitewater,MB,3,partitioned_into_2_sequences,PLACE_MB009029 | PLACE_MB006017;PLACE_MB158007
brenda,MB,3,partitioned_into_2_sequences,PLACE_MB009004 | PLACE_MB006003_1901;PLACE_MB158003
portage la prairie,MB,5,partitioned_into_2_sequences,PLACE_MB007022;PLACE_MB008011;PLACE_MB160007 | PLACE_MB008012;PLACE_MB160011
hamiota,MB,3,partitioned_into_2_sequences,PLACE_MB009014;PLACE_MB165019 | PLACE_MB165006
birtle,MB,3,partitioned_into_2_sequences,PLACE_MB009003_1891;PLACE_MB165002 | PLACE_MB165015
rossburn,MB,4,partitioned_into_2_sequences,PLACE_MB007027;PLACE_MB009021;PLACE_MB168005 | PLACE_MB168017
gimli,MB,4,partitioned_into_2_sequences,PLACE_MB006005;PLACE_MB011004;PLACE_MB166013 | PLACE_MB166007
esquimalt (part),BC,2,no_supported_pairs,PLACE_BC004001_1891;PLACE_BC003004_1901
kamloops,BC,3,partitioned_into_2_sequences,PLACE_BC005005;PLACE_BC014004 | PLACE_BC207007
new westminster,BC,3,partitioned_into_2_sequences,PLACE_BC002001 | PLACE_BC002004;PLACE_BC213004
milton,NS,2,no_supported_pairs,PLACE_NS044013;PLACE_NS017008
st. severin,QC,2,no_supported_pairs,PLACE_QC040018_1881_1921;PLACE_QC047019
st. felicien,QC,1,tier_conflict_rural_member_excluded,PLACE_QC063016
st. felicien,QC,2,no_supported_pairs,PLACE_QC076028;PLACE_QC063032
st. joachim de la pointe claire,QC,4,partitioned_into_2_sequences,PLACE_QC157015;PLACE_QC162007_1911;PLACE_QC076009_1921 | PLACE_QC157016
labelle,QC,2,no_supported_pairs,PLACE_QC062021;PLACE_QC062061
other parts autres parties,QC,9,no_supported_pairs,PLACE_QC173011;PLACE_QC144039;PLACE_QC148021;PLACE_QC159026;PLACE_QC176013_1911;PLACE_QC185032;PLACE_QC193035;PLACE_QC205021;PLACE_QC151025
st. valerien,QC,2,no_supported_pairs,PLACE_QC084018;PLACE_QC087009
ste. prudentienne,QC,3,partitioned_into_2_sequences,PLACE_QC059013;PLACE_QC087008 | PLACE_QC087017
maniwaki,QC,2,no_supported_pairs,PLACE_QC057028;PLACE_QC057016_1911
havre aubert,QC,2,no_supported_pairs,PLACE_QC154025;PLACE_QC056018
st. jerome de matane,QC,4,partitioned_into_2_sequences,PLACE_QC188023;PLACE_QC193022;PLACE_QC070011 | PLACE_QC070025
unorg. territoryter. non organise,QC,2,no_supported_pairs,PLACE_QC198015;PLACE_QC149055
trois rivieres (part),QC,2,no_supported_pairs,PLACE_QC194005_1891;PLACE_QC187008
st. theophile,QC,5,partitioned_into_2_sequences,PLACE_QC139008_1891;PLACE_QC144028;PLACE_QC040019_1921 | PLACE_QC151020;PLACE_QC047022
thessalon,ON,2,no_supported_pairs,PLACE_ON102111;PLACE_ON044030
bonfield,ON,2,no_supported_pairs,PLACE_ON130012;PLACE_ON130088
cobden,ON,2,no_supported_pairs,PLACE_ON142039;PLACE_ON102009
york (part),ON,2,no_supported_pairs,PLACE_ON131012_1901;PLACE_ON129010_1901
north toronto (part),ON,2,no_supported_pairs,PLACE_ON131002_1901_1901;PLACE_ON129004_1901
"toronto, wardquartier 3 (part)",ON,3,no_supported_pairs,PLACE_ON129008;PLACE_ON131004_1901;PLACE_ON117003_1901
"toronto, wardquartier 2 (part)",ON,2,no_supported_pairs,PLACE_ON129007;PLACE_ON117002_1901
"toronto, ward quartier 6 pt",ON,2,no_supported_pairs,PLACE_ON127006_1901;PLACE_ON128002_1901
smiths falls (part),ON,2,no_supported_pairs,PLACE_ON082006;PLACE_ON081010_1901
"toronto, ward quartier 1 pt",ON,2,no_supported_pairs,PLACE_ON127001_1901;PLACE_ON125001_1901
english river,ON,2,no_supported_pairs,PLACE_ON044041;PLACE_ON055004
wabigoon,ON,2,no_supported_pairs,PLACE_ON123088;PLACE_ON120026
dryden,ON,2,no_supported_pairs,PLACE_ON120043;PLACE_ON146035
port arthur,ON,2,no_supported_pairs,PLACE_ON044062;PLACE_ON147037
"toronto, wardquartier 5 (part)",ON,2,no_supported_pairs,PLACE_ON131006_1901_1901;PLACE_ON118003_1901
red deer,NT,3,no_supported_pairs,PLACE_NT205048;PLACE_NT202103;PLACE_NT204054
egg lake,NT,2,no_supported_pairs,PLACE_NT205021;PLACE_NT202041
touchwood,NT,2,no_supported_pairs,PLACE_NT204073;PLACE_NT203097
shoal lake,MB,3,partitioned_into_2_sequences,PLACE_MB009024;PLACE_MB165020 | PLACE_MB165012
swan river,MB,2,no_supported_pairs,PLACE_MB009026;PLACE_MB169004
russell,MB,3,partitioned_into_2_sequences,PLACE_MB009022_1901;PLACE_MB168013 | PLACE_MB168006
kildonan (part),MB,2,no_supported_pairs,PLACE_MB010012;PLACE_MB011005
unorganized territoryterritoire non organise,MB,3,no_supported_pairs,PLACE_MB011018;PLACE_MB009028;PLACE_MB010014
ochre river (part),MB,2,no_supported_pairs,PLACE_MB009018_1901;PLACE_MB008010_1901
dauphin,MB,3,partitioned_into_2_sequences,PLACE_MB009010_1901;PLACE_MB167001 | PLACE_MB167009
chilliwack,BC,2,no_supported_pairs,PLACE_BC011001;PLACE_BC209005
alberni,BC,4,partitioned_into_2_sequences,PLACE_BC003001;PLACE_BC003001_1901;PLACE_BC208001 | PLACE_BC208005
sheffield mills,NS,2,no_supported_pairs,PLACE_NS036023;PLACE_NS014013
st. thomas d'aquin,QC,3,partitioned_into_2_sequences,PLACE_QC149033_1901;PLACE_QC063026 | PLACE_QC091011
d'israeli,QC,3,partitioned_into_2_sequences,PLACE_QC187017;PLACE_QC099018 | PLACE_QC099001_1911
st. gregoire le grand,QC,2,no_supported_pairs,PLACE_QC059006_1901;PLACE_QC078011_1911
st. jean l'evangeliste,QC,2,no_supported_pairs,PLACE_QC092004_1901;PLACE_QC044020
ste. agathe des monts,QC,2,no_supported_pairs,PLACE_QC096018;PLACE_QC096007
dorion,QC,3,partitioned_into_2_sequences,PLACE_QC097008_1901 | PLACE_QC185010_1911;PLACE_QC079012
unorganized territoryterritoire non organise,QC,2,no_supported_pairs,PLACE_QC181022;PLACE_QC180026
gilbert plains,MB,3,partitioned_into_2_sequences,PLACE_MB009012_1901;PLACE_MB168015 | PLACE_MB168002
104 townships,MB,2,no_supported_pairs,PLACE_MB018001;PLACE_MB021001
st. boniface pr,MB,2,no_supported_pairs,PLACE_MB018006;PLACE_MB021007
high bluff pr pt,MB,2,no_supported_pairs,PLACE_MB020002;PLACE_MB018005
indian reserves,MB,11,partitioned_into_9_sequences,PLACE_MB016002;PLACE_MB164008 | PLACE_MB019002;PLACE_MB165014 | PLACE_MB157009 | PLACE_MB162008 | PLACE_MB161009 | PLACE_MB160010 | PLACE_MB156009 | PLACE_MB159011 | PLACE_MB170002
winnipeg c pt,MB,2,no_supported_pairs,PLACE_MB022010;PLACE_MB024001
jarvis,ON,2,no_supported_pairs,PLACE_ON115016;PLACE_ON102038
hamilton c part,ON,2,no_supported_pairs,PLACE_ON077001_1911;PLACE_ON078001
tavistock (pt),ON,2,no_supported_pairs,PLACE_ON134017;PLACE_ON137017
burton,ON,2,no_supported_pairs,PLACE_ON135005;PLACE_ON129003_1911
indian reserves,ON,12,no_supported_pairs,PLACE_ON144017;PLACE_ON127022;PLACE_ON102107;PLACE_ON115011_1921;PLACE_ON118024;PLACE_ON132010;PLACE_ON130087;PLACE_ON135047;PLACE_ON142035;PLACE_ON147035;PLACE_ON141046;PLACE_ON120042
"toronto, ward quartier 3 pt",ON,3,no_supported_pairs,PLACE_ON124002_1901;PLACE_ON126002_1911;PLACE_ON127003_1901
"toronto, ward quartier 2 pt",ON,4,no_supported_pairs,PLACE_ON127002_1911;PLACE_ON124001_1911;PLACE_ON125002_1911;PLACE_ON126001_1911
"toronto, wardquartier 4 (part)",ON,2,no_supported_pairs,PLACE_ON118002_1901;PLACE_ON129009_1901
"toronto, ward quartier 4 pt",ON,3,no_supported_pairs,PLACE_ON124003_1911;PLACE_ON127004;PLACE_ON126003_1911
"toronto, ward quartier 5 pt",ON,4,no_supported_pairs,PLACE_ON124004_1911;PLACE_ON127005;PLACE_ON126004_1911;PLACE_ON128001_1911
other parts,ON,3,no_supported_pairs,PLACE_ON099144;PLACE_ON054107;PLACE_ON147034
deloro,ON,2,no_supported_pairs,PLACE_ON148053;PLACE_ON118029
matheson,ON,2,no_supported_pairs,PLACE_ON148128;PLACE_ON148199
transcontinental ry,ON,2,no_supported_pairs,PLACE_ON054097;PLACE_ON055029
isle a la crosse i r,SK,2,no_supported_pairs,PLACE_SK212008;PLACE_SK208011
kaslo,BC,3,partitioned_into_2_sequences,PLACE_BC009004;PLACE_BC211001 | PLACE_BC211006
revelstoke,BC,2,no_supported_pairs,PLACE_BC211008;PLACE_BC211002
richmond (pt),BC,2,no_supported_pairs,PLACE_BC213002;PLACE_BC208003
fernie,BC,3,partitioned_into_2_sequences,PLACE_BC009003;PLACE_BC210003 | PLACE_BC210006
cranbrook,BC,3,partitioned_into_2_sequences,PLACE_BC009002;PLACE_BC210002 | PLACE_BC210005
grand forks,BC,2,no_supported_pairs,PLACE_BC218008;PLACE_BC218001
greenwood,BC,3,partitioned_into_2_sequences,PLACE_BC014003;PLACE_BC218002 | PLACE_BC218009
green lake i r,SK,2,no_supported_pairs,PLACE_SK208009;PLACE_SK212007
st. andrews,NB,2,no_supported_pairs,PLACE_NB024017;PLACE_NB024008
ste. christine,QC,3,partitioned_into_2_sequences,PLACE_QC138003;PLACE_QC039002_1911 | PLACE_QC080014
st. nazaire (part),QC,2,no_supported_pairs,PLACE_QC138011;PLACE_QC153013
bersimis,QC,3,partitioned_into_2_sequences,PLACE_QC149040;PLACE_QC154052 | PLACE_QC086002
"montreal, ste. marie ward quartier pt",QC,2,no_supported_pairs,PLACE_QC172009;PLACE_QC183002
notre dame de lourdes,QC,3,partitioned_into_2_sequences,PLACE_QC153022;PLACE_QC071010 | PLACE_QC169011_1901
ste. angele de merici,QC,3,partitioned_into_2_sequences,PLACE_QC193009;PLACE_QC084003 | PLACE_QC084023
st. jacques le majeur,QC,2,no_supported_pairs,PLACE_QC193021;PLACE_QC099010_1911
courville,QC,2,no_supported_pairs,PLACE_QC081018;PLACE_QC094007_1921
abitibi,QC,2,no_supported_pairs,PLACE_QC20N001;PLACE_QC094050
indian reserves,AB,8,partitioned_into_6_sequences,PLACE_AB002004;PLACE_AB199015 | PLACE_AB007003;PLACE_AB201024 | PLACE_AB194024 | PLACE_AB204023 | PLACE_AB190017 | PLACE_AB196020
unorganized parts,AB,2,no_supported_pairs,PLACE_AB005002;PLACE_AB007002
indian reserves,BC,4,no_supported_pairs,PLACE_BC211005;PLACE_BC213003;PLACE_BC206003;PLACE_BC216003
north vancouver,BC,2,no_supported_pairs,PLACE_BC206004;PLACE_BC206001
roblin,MB,2,no_supported_pairs,PLACE_MB168016;PLACE_MB157006
indian reserves,NB,7,no_supported_pairs,PLACE_NB023012;PLACE_NB025010;PLACE_NB033008;PLACE_NB034007_1921;PLACE_NB028012;PLACE_NB035008;PLACE_NB036015
boularderie (pt.),NS,2,no_supported_pairs,PLACE_NS020006;PLACE_NS006002
indian reserves,NS,9,no_supported_pairs,PLACE_NS007024;PLACE_NS008029;PLACE_NS009027;PLACE_NS012017;PLACE_NS013024;PLACE_NS018017;PLACE_NS017012;PLACE_NS019015;PLACE_NS021020
kapuskasing,ON,2,no_supported_pairs,PLACE_ON102041;PLACE_ON148202
indian reserves,PE,3,no_supported_pairs,PLACE_PE001022;PLACE_PE002024;PLACE_PE003024
indian reserves,SK,10,no_supported_pairs,PLACE_SK187022;PLACE_SK188002;PLACE_SK183023;PLACE_SK182019;PLACE_SK186025;PLACE_SK179017;PLACE_SK173024;PLACE_SK185025;PLACE_SK176021;PLACE_SK171020
indian reserves,QC,4,no_supported_pairs,PLACE_QC044024;PLACE_QC078023;PLACE_QC095028;PLACE_QC086090
st. cur de marie (delisle),QC,2,no_supported_pairs,PLACE_QC063031;PLACE_QC063013
reserves indiennes,QC,6,no_supported_pairs,PLACE_QC086009;PLACE_QC052012_1921;PLACE_QC058010;PLACE_QC094049;PLACE_QC081016;PLACE_QC047028
st. gerard de magella,QC,2,no_supported_pairs,PLACE_QC081013;PLACE_QC100008
st. hermenegilde,QC,3,partitioned_into_2_sequences,PLACE_QC200007;PLACE_QC090007 | PLACE_QC090017
st. joseph de la riviere bleue,QC,2,no_supported_pairs,PLACE_QC095032;PLACE_QC095018
unorg. ter. ter. non org.,QC,2,no_supported_pairs,PLACE_QC203011;PLACE_QC185023
other partsautres parties,QC,2,no_supported_pairs,PLACE_QC073012_1921;PLACE_QC057027
