from,to,change_year
PLACE_ON013005,PLACE_ON018001,1861
PLACE_ON033011,PLACE_ON096005,1861
PLACE_ON035007,PLACE_ON098017,1861
PLACE_ON045007,PLACE_ON077007,1861
PLACE_ON045005,PLACE_ON077003,1861
PLACE_ON045009,PLACE_ON077007,1861
PLACE_ON045008,PLACE_ON077003,1861
PLACE_ON045010,PLACE_ON077007,1861
PLACE_ON045013,PLACE_ON077002,1861
PLACE_ON045011,PLACE_ON077004,1861
PLACE_ON045012,PLACE_ON111018,1861
PLACE_ON018011,PLACE_ON081010,1861
PLACE_ON018009,PLACE_ON081010,1861
PLACE_ON013008,PLACE_ON018001,1861
PLACE_ON044006,PLACE_ON024001,1861
PLACE_ON118009,PLACE_ON078002,1861
PLACE_ON035002,PLACE_ON098017,1861
PLACE_ON043002,PLACE_ON120007,1861
PLACE_ON043004,PLACE_ON112003_1861,1861
PLACE_ON043007,PLACE_ON112004_1861,1861
PLACE_ON043009,PLACE_ON112004_1861,1861
PLACE_ON043008,PLACE_ON112004_1861,1861
PLACE_ON043006,PLACE_ON105011,1861
PLACE_ON043003,PLACE_ON105011,1861
PLACE_ON043005,PLACE_ON112005,1861
PLACE_ON043010,PLACE_ON120006,1861
PLACE_ON033002,PLACE_ON096005,1861
PLACE_QC080011,PLACE_QC037011,1861
PLACE_QC057001,PLACE_QC064001,1861
PLACE_QC071013,PLACE_QC045001,1861
PLACE_QC078002,PLACE_QC091012,1861
PLACE_QC052011_1851,PLACE_QC051006,1861
PLACE_QC071001,PLACE_QC095024,1861
PLACE_QC071006,PLACE_QC054010,1861
PLACE_QC076014,PLACE_QC044001_1861,1861
PLACE_QC054023,PLACE_QC005009,1861
PLACE_QC048002,PLACE_QC021007,1861
PLACE_QC048004_1851,PLACE_QC021007,1861
PLACE_QC048006_1851,PLACE_QC021005,1861
PLACE_QC052009,PLACE_QC067005,1861
PLACE_QC052003_1851,PLACE_QC064001,1861
PLACE_QC057017,PLACE_QC046010,1861
PLACE_QC057015,PLACE_QC051006,1861
PLACE_QC067013,PLACE_QC097011,1861
PLACE_QC068013,PLACE_QC081010,1861
PLACE_QC068004,PLACE_QC080009,1861
PLACE_QC069012_1851,PLACE_QC042007,1861
PLACE_QC069011_1851,PLACE_QC042013,1861
PLACE_QC070009,PLACE_QC091009,1861
PLACE_QC071021,PLACE_QC045008,1861
PLACE_QC078007,PLACE_QC085010,1861
PLACE_QC074015,PLACE_QC047001,1861
PLACE_QC074013,PLACE_QC047002,1861
PLACE_QC074012_1851,PLACE_QC047001,1861
PLACE_QC074017,PLACE_QC150999,1861
PLACE_QC076003,PLACE_QC016009,1861
PLACE_QC019011,PLACE_QC016009,1861
PLACE_QC083006_1851,PLACE_QC197008,1861
PLACE_QC074028,PLACE_QC150999,1861
PLACE_QC069010_1851,PLACE_QC042013,1861
PLACE_QC073014,PLACE_QC130999,1861
PLACE_QC053009_1851,PLACE_QC093008,1861
PLACE_ON082004,PLACE_ON112007,1871
PLACE_ON083001,PLACE_ON124001,1871
PLACE_ON084008,PLACE_ON045007_1871,1871
PLACE_ON096016,PLACE_ON082011,1871
PLACE_ON096006,PLACE_ON117002_1871,1871
PLACE_ON100012,PLACE_ON053007,1871
PLACE_ON100003,PLACE_ON053003,1871
PLACE_ON100005,PLACE_ON121009_1871,1871
PLACE_ON082009,PLACE_ON112007,1871
PLACE_ON082014,PLACE_ON112007,1871
PLACE_ON083003_1851,PLACE_ON124001,1871
PLACE_ON072010,PLACE_ON043013,1871
PLACE_ON072016,PLACE_ON065005,1871
PLACE_ON112008,PLACE_ON133008_1871,1871
PLACE_ON100004,PLACE_ON053003,1871
PLACE_ON100009,PLACE_ON053007,1871
PLACE_ON100001,PLACE_ON053007,1871
PLACE_ON100010,PLACE_ON121009_1871,1871
PLACE_ON109008,PLACE_ON111008,1871
PLACE_ON096999,PLACE_ON113010,1871
PLACE_ON106001_1861,PLACE_ON182022,1871
PLACE_ON111006,PLACE_ON105008,1871
PLACE_ON078007,PLACE_ON118013,1871
PLACE_QC002003,PLACE_QC096002,1871
PLACE_QC005003,PLACE_QC048015_1871,1871
PLACE_QC005005,PLACE_QC048019,1871
PLACE_QC006005,PLACE_QC041005,1871
PLACE_QC011005,PLACE_QC150003,1871
PLACE_QC013003,PLACE_QC048006,1871
PLACE_QC015003,PLACE_QC076021,1871
PLACE_QC015021,PLACE_QC150009,1871
PLACE_QC047003,PLACE_QC086003,1871
PLACE_QC016008,PLACE_QC142010,1871
PLACE_QC003008,PLACE_QC049002,1871
PLACE_QC003004,PLACE_QC137003,1871
PLACE_QC019004,PLACE_QC171002_1871,1871
PLACE_QC019015,PLACE_QC154008,1871
PLACE_QC025010,PLACE_QC060010,1871
PLACE_QC039019,PLACE_QC095008_1871,1871
PLACE_QC061006,PLACE_QC182001,1871
PLACE_QC038003,PLACE_QC135007,1871
PLACE_QC040011,PLACE_QC091001_1871,1871
PLACE_QC040021,PLACE_QC093008_1871,1871
PLACE_QC059006_1851_1861,PLACE_QC139006,1871
PLACE_QC059004,PLACE_QC182006,1871
PLACE_QC054010_1861,PLACE_QC167005,1871
PLACE_QC054014_1851,PLACE_QC166012_1871,1871
PLACE_QC054002,PLACE_QC166013,1871
PLACE_QC055001,PLACE_QC193003,1871
PLACE_QC034011,PLACE_QC099015_1871,1871
PLACE_QC008999,PLACE_QC103009,1871
PLACE_QC054010,PLACE_QC095023,1871
PLACE_QC063006,PLACE_QC198005,1871
PLACE_QC005009,PLACE_QC158007,1871
PLACE_QC039032,PLACE_QC097021,1871
PLACE_QC039008,PLACE_QC094006,1871
PLACE_QC002012,PLACE_QC096004,1871
PLACE_QC002006,PLACE_QC096002,1871
PLACE_QC002001,PLACE_QC096002,1871
PLACE_QC002008,PLACE_QC096004,1871
PLACE_QC002007,PLACE_QC096009_1871,1871
PLACE_QC003009,PLACE_QC137003,1871
PLACE_QC005006,PLACE_QC158007,1871
PLACE_QC005010,PLACE_QC055016,1871
PLACE_QC005001,PLACE_QC048015_1871,1871
PLACE_QC005004,PLACE_QC048015_1871,1871
PLACE_QC008003,PLACE_QC060010,1871
PLACE_QC015007,PLACE_QC150011,1871
PLACE_QC015019,PLACE_QC150999,1871
PLACE_QC015016,PLACE_QC150011,1871
PLACE_QC015009,PLACE_QC076021,1871
PLACE_QC015014,PLACE_QC150999,1871
PLACE_QC015002,PLACE_QC076029,1871
PLACE_QC015020,PLACE_QC076029,1871
PLACE_QC015006,PLACE_QC076029,1871
PLACE_QC015010,PLACE_QC076021,1871
PLACE_QC015017,PLACE_QC076021,1871
PLACE_QC015012,PLACE_QC076021,1871
PLACE_QC015013,PLACE_QC150009,1871
PLACE_QC015004,PLACE_QC150009,1871
PLACE_QC016012,PLACE_QC142010,1871
PLACE_QC016005,PLACE_QC142010,1871
PLACE_QC019005,PLACE_QC154008,1871
PLACE_QC019011,PLACE_QC172005,1871
PLACE_QC023004,PLACE_QC043006,1871
PLACE_QC025005,PLACE_QC060002,1871
PLACE_QC025002,PLACE_QC102013,1871
PLACE_QC025004,PLACE_QC060015,1871
PLACE_QC025003,PLACE_QC060015,1871
PLACE_QC026005,PLACE_QC165014,1871
PLACE_QC026009,PLACE_QC042012_1871,1871
PLACE_QC026013,PLACE_QC165011,1871
PLACE_QC026001,PLACE_QC042002,1871
PLACE_QC028006,PLACE_QC163006,1871
PLACE_QC028005,PLACE_QC163006,1871
PLACE_QC025009,PLACE_QC060008,1871
PLACE_QC001003,PLACE_QC065011,1871
PLACE_QC034002,PLACE_QC176007,1871
PLACE_QC035002,PLACE_QC074002,1871
PLACE_QC035006,PLACE_QC074002,1871
PLACE_QC035005,PLACE_QC074002,1871
PLACE_QC035004,PLACE_QC074002,1871
PLACE_QC035008,PLACE_QC163007,1871
PLACE_QC035010,PLACE_QC074001_1871,1871
PLACE_QC038002_1861,PLACE_QC135007,1871
PLACE_QC039001,PLACE_QC097021,1871
PLACE_QC039006,PLACE_QC094006,1871
PLACE_QC039005,PLACE_QC095999_1871,1871
PLACE_QC039014,PLACE_QC176048,1871
PLACE_QC039002,PLACE_QC057013,1871
PLACE_QC039018,PLACE_QC057013,1871
PLACE_QC039010,PLACE_QC094008,1871
PLACE_QC039007,PLACE_QC094008,1871
PLACE_QC039016,PLACE_QC094009,1871
PLACE_QC039023,PLACE_QC094009,1871
PLACE_QC040001,PLACE_QC092007,1871
PLACE_QC040018,PLACE_QC079999,1871
PLACE_QC040010,PLACE_QC185017,1871
PLACE_QC040019,PLACE_QC093008_1871,1871
PLACE_QC040017,PLACE_QC093008_1871,1871
PLACE_QC040020,PLACE_QC093008_1871,1871
PLACE_QC042004,PLACE_QC079003,1871
PLACE_QC045003,PLACE_QC167005,1871
PLACE_QC049007,PLACE_QC074001,1871
PLACE_QC051001,PLACE_QC092008,1871
PLACE_QC054001,PLACE_QC166014,1871
PLACE_QC063001,PLACE_QC131005,1871
PLACE_QC059002,PLACE_QC139006,1871
PLACE_QC064005,PLACE_QC140001,1871
PLACE_QC064003,PLACE_QC140001,1871
PLACE_QC064004,PLACE_QC140001,1871
PLACE_QC040002,PLACE_QC091001_1871,1871
PLACE_QC047001,PLACE_QC149038,1871
PLACE_ON088003_1871,PLACE_ON182999,1881
PLACE_ON090002,PLACE_ON182999,1881
PLACE_ON082007,PLACE_ON110013,1881
PLACE_ON056003,PLACE_ON056002,1881
PLACE_ON058006,PLACE_ON121013_1881,1881
PLACE_ON085007_1871,PLACE_ON131007_1881,1881
PLACE_ON028008,PLACE_ON177007,1881
PLACE_ON082010,PLACE_ON110008_1881,1881
PLACE_ON082012,PLACE_ON114005_1881,1881
PLACE_ON085006_1871,PLACE_ON098009,1881
PLACE_ON085010,PLACE_ON131010,1881
PLACE_ON090001,PLACE_ON182999,1881
PLACE_ON182027,PLACE_ON182999,1881
PLACE_ON090004,PLACE_ON182999,1881
PLACE_ON084007_1871,PLACE_ON182999,1881
PLACE_ON084006,PLACE_ON182999,1881
PLACE_ON084005,PLACE_ON182999,1881
PLACE_ON084003_1871,PLACE_ON182999,1881
PLACE_ON084008_1871,PLACE_ON182999,1881
PLACE_ON083007,PLACE_ON182999,1881
PLACE_ON090006,PLACE_ON182999,1881
PLACE_ON046021,PLACE_ON182999,1881
PLACE_ON083005,PLACE_ON182999,1881
PLACE_ON084004,PLACE_ON182999,1881
PLACE_NB185008,PLACE_NB034009,1881
PLACE_NB185009,PLACE_NB034009,1881
PLACE_NS200019,PLACE_NS016015,1881
PLACE_NS202005,PLACE_NS010015_1881,1881
PLACE_PE001018_1871,PLACE_PE002018,1881
PLACE_QC118007,PLACE_QC067005,1881
PLACE_QC160004,PLACE_QC053011,1881
PLACE_QC136012,PLACE_QC054005_1881,1881
PLACE_QC165014,PLACE_QC042013_1881,1881
PLACE_QC165011,PLACE_QC042010_1881,1881
PLACE_QC094007,PLACE_QC176008,1881
PLACE_QC095003,PLACE_QC160025,1881
PLACE_QC163007,PLACE_QC044008,1881
PLACE_QC135007,PLACE_QC051015,1881
PLACE_QC092007,PLACE_QC177021,1881
PLACE_QC092004_1871,PLACE_QC079022,1881
PLACE_QC099012_1871,PLACE_QC202006,1881
PLACE_QC144009,PLACE_QC080004,1881
PLACE_QC153005,PLACE_QC066015,1881
PLACE_QC103005,PLACE_QC142012,1881
PLACE_QC133007,PLACE_QC146022,1881
PLACE_QC133008,PLACE_QC146022,1881
PLACE_QC130006,PLACE_QC146022,1881
PLACE_QC130001,PLACE_QC043011,1881
PLACE_QC130004,PLACE_QC146999,1881
PLACE_QC130005,PLACE_QC146999,1881
PLACE_QC130002,PLACE_QC146999,1881
PLACE_QC152010,PLACE_QC149039,1881
PLACE_QC152009,PLACE_QC149039,1881
PLACE_QC152011,PLACE_QC149039,1881
PLACE_QC165015,PLACE_QC042013_1881,1881
PLACE_QC165010,PLACE_QC042010_1881,1881
PLACE_QC094005,PLACE_QC160025,1881
PLACE_QC153001,PLACE_QC066014,1881
PLACE_QC153002,PLACE_QC066014,1881
PLACE_QC153003,PLACE_QC066014,1881
PLACE_QC144008,PLACE_QC080004,1881
PLACE_QC131005,PLACE_QC083005,1881
PLACE_QC130003,PLACE_QC146999,1881
PLACE_QC093017,PLACE_QC097042,1881
PLACE_QC093019,PLACE_QC097045,1881
PLACE_QC093013,PLACE_QC079999,1881
PLACE_QC092014,PLACE_QC098019,1881
PLACE_QC092015,PLACE_QC098019,1881
PLACE_QC092011_1871,PLACE_QC079999,1881
PLACE_QC092008_1871,PLACE_QC079999,1881
PLACE_QC092010,PLACE_QC079999,1881
PLACE_QC092009,PLACE_QC079999,1881
PLACE_QC092006,PLACE_QC079999,1881
PLACE_QC092001,PLACE_QC185017,1881
PLACE_QC091010,PLACE_QC079022,1881
PLACE_QC091013,PLACE_QC177021,1881
PLACE_QC092005_1871,PLACE_QC079999,1881
PLACE_QC092002,PLACE_QC079999,1881
PLACE_QC092003_1871,PLACE_QC079999,1881
PLACE_QC093018,PLACE_QC079999,1881
PLACE_QC137010,PLACE_QC054005_1881,1881
PLACE_QC092012,PLACE_QC079999,1881
PLACE_QC092013,PLACE_QC098019,1881
PLACE_QC133009,PLACE_QC146022,1881
PLACE_ON182015,PLACE_ON046014,1891
PLACE_ON177006,PLACE_ON059001,1891
PLACE_ON156008,PLACE_ON114014,1891
PLACE_ON122009,PLACE_ON071001,1891
PLACE_ON110002_1881,PLACE_ON083007_1891,1891
PLACE_ON117005,PLACE_ON087005,1891
PLACE_ON117006_1871,PLACE_ON087006,1891
PLACE_ON131012,PLACE_ON095010,1891
PLACE_ON131018,PLACE_ON095019,1891
PLACE_ON131006,PLACE_ON095013,1891
PLACE_ON119004_1851,PLACE_ON113001_1891,1891
PLACE_ON086004,PLACE_ON086003,1891
PLACE_ON180999,PLACE_ON047006,1891
PLACE_ON134009_1881,PLACE_ON120007,1891
PLACE_ON177999,PLACE_ON059001,1891
PLACE_ON119023,PLACE_ON119009,1891
PLACE_ON156007,PLACE_ON114014,1891
PLACE_ON153011,PLACE_ON106001,1891
PLACE_ON134014,PLACE_ON131003,1891
PLACE_ON136002_1881,PLACE_ON133004_1891,1891
PLACE_ON135004,PLACE_ON131003_1891,1891
PLACE_ON122016,PLACE_ON071016,1891
PLACE_ON122010_1881,PLACE_ON071001,1891
PLACE_ON131015,PLACE_ON095017,1891
PLACE_ON110004_1881,PLACE_ON083007_1891,1891
PLACE_ON110003_1881,PLACE_ON083006_1891,1891
PLACE_ON110009,PLACE_ON124009,1891
PLACE_ON110008_1871,PLACE_ON124009,1891
PLACE_ON104006_1871,PLACE_ON116005_1891,1891
PLACE_ON120004,PLACE_ON118021,1891
PLACE_ON125011,PLACE_ON110010_1891,1891
PLACE_ON182029,PLACE_ON046064,1891
PLACE_ON182028,PLACE_ON046064,1891
PLACE_ON182017,PLACE_ON046014,1891
PLACE_ON182024,PLACE_ON046006,1891
PLACE_ON182023,PLACE_ON046017,1891
PLACE_ON182020,PLACE_ON046016,1891
PLACE_ON182019,PLACE_ON046002_1871,1891
PLACE_ON182027,PLACE_ON046064,1891
PLACE_ON182032,PLACE_ON046064,1891
PLACE_ON170006,PLACE_ON086004,1891
PLACE_ON182025,PLACE_ON046006,1891
PLACE_NT193001,PLACE_NT201002,1891
PLACE_NT193010,PLACE_NT202000,1891
PLACE_NT193009,PLACE_NT202000,1891
PLACE_NT193008,PLACE_NT202000,1891
PLACE_NT193018,PLACE_NT202000,1891
PLACE_NT193015,PLACE_NT202000,1891
PLACE_NT193011,PLACE_NT201002,1891
PLACE_NT193013,PLACE_NT202000,1891
PLACE_MB186004,PLACE_MB008011,1891
PLACE_MB184003,PLACE_MB010003,1891
PLACE_MB186003,PLACE_MB007030,1891
PLACE_BC188004,PLACE_BC002001,1891
PLACE_BC188003,PLACE_BC002001,1891
PLACE_BC188001,PLACE_BC002001,1891
PLACE_BC188002,PLACE_BC002001,1891
PLACE_ON110001_1881,PLACE_ON083006_1891,1891
PLACE_ON144022,PLACE_ON144009,1891
PLACE_NS010014,PLACE_NS011044,1891
PLACE_NS020009,PLACE_NS016017,1891
PLACE_NS012002,PLACE_NS040008,1891
PLACE_NS006007,PLACE_NS028008,1891
PLACE_NS006006,PLACE_NS028008,1891
PLACE_NS020008,PLACE_NS016017,1891
PLACE_NS045046,PLACE_NS045045,1891
PLACE_NS012001,PLACE_NS040008,1891
PLACE_ON135006,PLACE_ON154006,1891
PLACE_ON175011,PLACE_ON119016,1891
PLACE_QC048014,PLACE_QC040009,1891
PLACE_QC038016,PLACE_QC044009,1891
PLACE_QC076025,PLACE_QC149026_1891,1891
PLACE_QC054012_1881,PLACE_QC150010,1891
PLACE_QC054004_1881,PLACE_QC150015,1891
PLACE_QC054006,PLACE_QC055019,1891
PLACE_QC052033,PLACE_QC054004_1851,1891
PLACE_QC052024,PLACE_QC153017,1891
PLACE_QC049002,PLACE_QC158016,1891
PLACE_QC092009_1881,PLACE_QC162009,1891
PLACE_QC043006,PLACE_QC067006,1891
PLACE_QC085003,PLACE_QC069009,1891
PLACE_QC050005,PLACE_QC071004_1891,1891
PLACE_QC098018,PLACE_QC185015,1891
PLACE_QC061003_1881,PLACE_QC082003,1891
PLACE_QC053018_1881,PLACE_QC182005,1891
PLACE_QC040021_1881,PLACE_QC183028,1891
PLACE_QC063003_1881,PLACE_QC085006,1891
PLACE_QC187009,PLACE_NT202999,1891
PLACE_QC038010,PLACE_QC143013,1891
PLACE_QC038014,PLACE_QC044009,1891
PLACE_QC071008,PLACE_QC049009,1891
PLACE_QC076014_1881,PLACE_QC149014,1891
PLACE_QC054005,PLACE_QC150015,1891
PLACE_QC054007,PLACE_QC055019,1891
PLACE_QC054020,PLACE_QC150010,1891
PLACE_QC054013_1881,PLACE_QC150010,1891
PLACE_QC039010_1881,PLACE_QC154008,1891
PLACE_QC092010_1881,PLACE_QC162009,1891
PLACE_QC092003,PLACE_QC157016,1891
PLACE_QC097030,PLACE_QC205018,1891
PLACE_QC097029,PLACE_QC205018,1891
PLACE_QC097010,PLACE_QC062027,1891
PLACE_QC097011,PLACE_QC062027,1891
PLACE_QC097009_1881,PLACE_QC062027,1891
PLACE_QC098009,PLACE_QC185015,1891
PLACE_QC040019_1851,PLACE_QC183028,1891
PLACE_QC039001_1851,PLACE_QC160006,1891
PLACE_QC038017,PLACE_QC044001,1891
PLACE_QC038018,PLACE_QC044999,1891
PLACE_ON045007_1871,PLACE_ON092006,1901
PLACE_ON115005_1891,PLACE_ON111005_1901,1901
PLACE_ON115012_1891,PLACE_ON142014,1901
PLACE_ON115009_1881,PLACE_ON111009_1901,1901
PLACE_ON046034,PLACE_ON044058,1901
PLACE_ON130001,PLACE_ON131002_1901,1901
PLACE_ON124007,PLACE_ON131002_1901,1901
PLACE_ON046005,PLACE_ON055032,1901
PLACE_ON133003_1891,PLACE_ON118004_1901,1901
PLACE_ON047009,PLACE_ON088005,1901
PLACE_ON075002,PLACE_ON080007,1901
PLACE_ON115011,PLACE_ON111005_1901,1901
PLACE_ON115008_1891,PLACE_ON142014,1901
PLACE_ON046054,PLACE_ON044079,1901
PLACE_ON046047,PLACE_ON044079,1901
PLACE_ON046044,PLACE_ON044079,1901
PLACE_ON046063,PLACE_ON044079,1901
PLACE_ON046061,PLACE_ON044079,1901
PLACE_ON046004,PLACE_ON044079,1901
PLACE_ON046039,PLACE_ON044062,1901
PLACE_ON046033,PLACE_ON044058,1901
PLACE_ON046023,PLACE_ON102039,1901
PLACE_ON056003,PLACE_ON145001,1901
PLACE_ON046015,PLACE_ON044079,1901
PLACE_ON046019,PLACE_ON044026,1901
PLACE_ON046020,PLACE_ON044079,1901
PLACE_ON046036,PLACE_ON092999,1901
PLACE_ON046028,PLACE_ON044079,1901
PLACE_MB009010,PLACE_MB007008_1891,1901
PLACE_MB007018,PLACE_MB008009,1901
PLACE_MB007011_1891,PLACE_MB008005,1901
PLACE_MB006003_1891,PLACE_MB011018,1901
PLACE_MB009015,PLACE_MB006001,1901
PLACE_MB008006,PLACE_MB010004,1901
PLACE_MB006008_1891,PLACE_MB011018,1901
PLACE_BC004002,PLACE_BC217001,1901
PLACE_BC001010,PLACE_BC207001,1901
PLACE_BC005005,PLACE_BC005011_1901,1901
PLACE_BC003004,PLACE_BC212001,1901
PLACE_BC003012,PLACE_BC003008_1901,1901
PLACE_BC005009,PLACE_BC005012_1901,1901
PLACE_BC005008,PLACE_BC005011_1901,1901
PLACE_BC005002,PLACE_BC005012_1901,1901
PLACE_BC005003,PLACE_BC005011_1901,1901
PLACE_BC005010,PLACE_BC005010_1901,1901
PLACE_BC005013,PLACE_BC005010_1901,1901
PLACE_BC005014,PLACE_BC005011_1901,1901
PLACE_BC005011,PLACE_BC005010_1901,1901
PLACE_BC005015,PLACE_BC005011_1901,1901
PLACE_BC005012,PLACE_BC005010_1901,1901
PLACE_BC003006,PLACE_BC003007_1901,1901
PLACE_BC003009,PLACE_BC212001,1901
PLACE_BC003013,PLACE_BC212001,1901
PLACE_BC004001,PLACE_BC217001,1901
PLACE_BC004003,PLACE_BC217001,1901
PLACE_BC003008,PLACE_BC003008_1901,1901
PLACE_BC001004,PLACE_BC005002_1901,1901
PLACE_BC001002,PLACE_BC005002_1901,1901
PLACE_BC001001,PLACE_BC207001,1901
PLACE_BC001007,PLACE_BC207001,1901
PLACE_BC001011,PLACE_BC207001,1901
PLACE_BC001005,PLACE_BC207001,1901
PLACE_BC001009,PLACE_BC207001,1901
PLACE_BC003010,PLACE_BC003006_1901,1901
PLACE_NB020002,PLACE_NB032006,1901
PLACE_NB020004,PLACE_NB032009,1901
PLACE_NB025006,PLACE_NB036016,1901
PLACE_NB025007,PLACE_NB036016,1901
PLACE_NB025005,PLACE_NB036016,1901
PLACE_NB025008,PLACE_NB036016,1901
PLACE_NB025009,PLACE_NB036016,1901
PLACE_NB013015,PLACE_NB015015,1901
PLACE_NB013017,PLACE_NB015015,1901
PLACE_NS028023,PLACE_NS006010,1901
PLACE_NS029025,PLACE_NS007023,1901
PLACE_NS035006,PLACE_NS012006,1901
PLACE_NS035004,PLACE_NS012019,1901
PLACE_NS041002,PLACE_NS039009_1901_1901,1901
PLACE_NS033007,PLACE_NS011999,1901
PLACE_NS041009,PLACE_NS039009_1901_1901,1901
PLACE_NS035018_1891,PLACE_NS012006,1901
PLACE_NS035016,PLACE_NS012006,1901
PLACE_NS029024,PLACE_NS007023,1901
PLACE_NS029001,PLACE_NS007010,1901
PLACE_NS028025,PLACE_NS006010,1901
PLACE_NS044005,PLACE_NS021022,1901
PLACE_NS044009,PLACE_NS021022,1901
PLACE_NS044007,PLACE_NS021022,1901
PLACE_NS044020,PLACE_NS021022,1901
PLACE_NS035022,PLACE_NS012019,1901
PLACE_QC137007,PLACE_QC137007_1901,1901
PLACE_QC139002,PLACE_QC139003_1901,1901
PLACE_QC143002,PLACE_QC044005,1901
PLACE_QC143004,PLACE_QC044006,1901
PLACE_QC143007_1891,PLACE_QC044008_1901,1901
PLACE_QC143012,PLACE_QC044012,1901
PLACE_QC143013,PLACE_QC148011,1901
PLACE_QC143015,PLACE_QC044013,1901
PLACE_QC143018,PLACE_QC143011_1901,1901
PLACE_QC149013,PLACE_QC149009_1901,1901
PLACE_QC149018,PLACE_QC149013_1901,1901
PLACE_QC149003,PLACE_QC149023_1901,1901
PLACE_QC149026_1891,PLACE_QC149029,1901
PLACE_QC153017,PLACE_QC038009,1901
PLACE_QC160999,PLACE_QC061008_1901,1901
PLACE_QC173001_1871,PLACE_QC179001,1901
PLACE_QC173003_1871,PLACE_QC179002_1901,1901
PLACE_QC173002_1871,PLACE_QC181001,1901
PLACE_QC177005,PLACE_QC079005,1901
PLACE_QC177010,PLACE_QC079011,1901
PLACE_QC177006,PLACE_QC079015,1901
PLACE_QC178009,PLACE_QC080001,1901
PLACE_QC179002_1891,PLACE_QC184001,1901
PLACE_QC183001,PLACE_QC099010_1901,1901
PLACE_QC185011,PLACE_QC195010,1901
PLACE_QC187008,PLACE_QC093001_1901,1901
PLACE_QC176048,PLACE_QC200024,1901
PLACE_QC143014,PLACE_QC148011,1901
PLACE_QC143016,PLACE_QC044013,1901
PLACE_QC143008,PLACE_QC044008_1901,1901
PLACE_QC143011,PLACE_QC044012,1901
PLACE_QC143005,PLACE_QC044006,1901
PLACE_QC143017,PLACE_QC143011_1901,1901
PLACE_QC143003_1891,PLACE_QC044005,1901
PLACE_QC149021,PLACE_QC149023_1901,1901
PLACE_QC160008,PLACE_QC061008_1901,1901
PLACE_QC176043,PLACE_QC160036,1901
PLACE_QC176013,PLACE_QC200024,1901
PLACE_QC177011,PLACE_QC079011,1901
PLACE_QC177004,PLACE_QC079005,1901
PLACE_QC194005_1891,PLACE_QC093001_1901,1901
PLACE_QC179012,PLACE_QC183003_1901,1901
PLACE_QC178001,PLACE_QC080018,1901
PLACE_MB008010,PLACE_MB016001,1911
PLACE_MB006011,PLACE_MB015001,1911
PLACE_MB006005,PLACE_MB015001,1911
PLACE_MB006007,PLACE_MB015001,1911
PLACE_MB006008,PLACE_MB015001,1911
PLACE_MB006016,PLACE_MB015001,1911
PLACE_MB006006_1891,PLACE_MB015001,1911
PLACE_MB006013,PLACE_MB015001,1911
PLACE_MB006019,PLACE_MB015001,1911
PLACE_MB006012,PLACE_MB015001,1911
PLACE_MB006014,PLACE_MB015001,1911
PLACE_MB161010,PLACE_MB015001,1911
PLACE_MB009018_1901,PLACE_MB016001,1911
PLACE_MB009010_1901,PLACE_MB016001,1911
PLACE_MB009012_1901,PLACE_MB016001,1911
PLACE_MB007008_1891,PLACE_MB017001,1911
PLACE_MB007012,PLACE_MB017001,1911
PLACE_MB007006,PLACE_MB017001,1911
PLACE_MB011007,PLACE_MB018001,1911
PLACE_MB011017,PLACE_MB018001,1911
PLACE_MB007002,PLACE_MB018001,1911
PLACE_MB008009,PLACE_MB018001,1911
PLACE_MB009019,PLACE_MB019001,1911
PLACE_MB009009_1891,PLACE_MB019001,1911
PLACE_MB009006,PLACE_MB019001,1911
PLACE_MB009005_1891,PLACE_MB019001,1911
PLACE_MB009025,PLACE_MB019001,1911
PLACE_MB009024,PLACE_MB019001,1911
PLACE_MB009016,PLACE_MB019001,1911
PLACE_MB009003,PLACE_MB019001,1911
PLACE_MB009001,PLACE_MB019001,1911
PLACE_MB009002,PLACE_MB019001,1911
PLACE_MB009008_1901,PLACE_MB019001,1911
PLACE_MB009014,PLACE_MB019001,1911
PLACE_MB009022,PLACE_MB019001,1911
PLACE_MB008008,PLACE_MB020001,1911
PLACE_MB008002,PLACE_MB020001,1911
PLACE_MB008003,PLACE_MB020001,1911
PLACE_MB008005,PLACE_MB020001,1911
PLACE_MB010003,PLACE_MB021001,1911
PLACE_MB010004,PLACE_MB021001,1911
PLACE_MB010013,PLACE_MB021001,1911
PLACE_MB010011,PLACE_MB021001,1911
PLACE_MB156010,PLACE_MB021001,1911
PLACE_MB156012,PLACE_MB021001,1911
PLACE_MB011009,PLACE_MB022001,1911
PLACE_MB007001,PLACE_MB023001,1911
PLACE_MB007014,PLACE_MB023001,1911
PLACE_MB006009,PLACE_MB023001,1911
PLACE_MB006003,PLACE_MB023001,1911
PLACE_MB006018,PLACE_MB023001,1911
PLACE_MB006004_1901,PLACE_MB023001,1911
PLACE_MB006001,PLACE_MB023001,1911
PLACE_MB012006,PLACE_MB018007,1911
PLACE_MB007011,PLACE_MB023001,1911
PLACE_MB010012,PLACE_MB021001,1911
PLACE_MB011008,PLACE_MB016001,1911
PLACE_MB011002,PLACE_MB022001,1911
PLACE_MB012003,PLACE_MB018007,1911
PLACE_MB012002,PLACE_MB018007,1911
PLACE_MB012004,PLACE_MB018007,1911
PLACE_MB012005,PLACE_MB018007,1911
PLACE_ON092001_1901,PLACE_ON054001,1911
PLACE_ON092013,PLACE_ON054013,1911
PLACE_ON092027,PLACE_ON054019,1911
PLACE_ON044006_1891,PLACE_ON054009,1911
PLACE_ON092021,PLACE_ON054021,1911
PLACE_ON044015,PLACE_ON054036,1911
PLACE_ON092042,PLACE_ON054033,1911
PLACE_ON044020,PLACE_ON054031,1911
PLACE_ON044094,PLACE_ON054023,1911
PLACE_ON092052,PLACE_ON054019,1911
PLACE_ON044032,PLACE_ON054030,1911
PLACE_ON047002_1871,PLACE_ON124011,1911
PLACE_ON069007,PLACE_ON077001_1911,1911
PLACE_ON069003,PLACE_ON078001,1911
PLACE_ON077002,PLACE_ON111017,1911
PLACE_ON081010_1901,PLACE_ON123018,1911
PLACE_ON084005_1901,PLACE_ON125004,1911
PLACE_ON084006_1901,PLACE_ON125005_1911,1911
PLACE_ON091002,PLACE_ON098001,1911
PLACE_ON091016,PLACE_ON098006_1911,1911
PLACE_ON091017,PLACE_ON098001,1911
PLACE_ON097007,PLACE_ON098008,1911
PLACE_ON097012,PLACE_ON098008,1911
PLACE_ON091042,PLACE_ON098006_1911,1911
PLACE_ON092019,PLACE_ON099006,1911
PLACE_ON092028,PLACE_ON099040,1911
PLACE_ON092038,PLACE_ON099065,1911
PLACE_ON091003,PLACE_ON108002_1911,1911
PLACE_ON091007,PLACE_ON108005_1911,1911
PLACE_ON091014,PLACE_ON108010_1911,1911
PLACE_ON091019,PLACE_ON108003_1911,1911
PLACE_ON091023,PLACE_ON108016,1911
PLACE_ON091024,PLACE_ON108016,1911
PLACE_ON091025,PLACE_ON108010_1911,1911
PLACE_ON091030,PLACE_ON108004_1911,1911
PLACE_ON091036,PLACE_ON108013,1911
PLACE_ON091038,PLACE_ON108018,1911
PLACE_ON091039,PLACE_ON108002_1911,1911
PLACE_ON106003,PLACE_ON112003_1911,1911
PLACE_ON106018,PLACE_ON112003_1911,1911
PLACE_ON044035,PLACE_ON123003_1911,1911
PLACE_ON044057,PLACE_ON123031,1911
PLACE_ON044058,PLACE_ON123006_1911,1911
PLACE_ON044076,PLACE_ON123040,1911
PLACE_ON116001,PLACE_ON124000,1911
PLACE_ON129006,PLACE_ON125000,1911
PLACE_ON117003_1901,PLACE_ON126000,1911
PLACE_ON118001,PLACE_ON127000,1911
PLACE_ON131007_1901,PLACE_ON128000,1911
PLACE_ON119010_1901,PLACE_ON129007_1911,1911
PLACE_ON106017,PLACE_ON129013_1911,1911
PLACE_ON119015_1901,PLACE_ON129013_1911,1911
PLACE_ON131002_1901_1901,PLACE_ON138002_1911,1911
PLACE_ON092006_1901,PLACE_ON054055,1911
PLACE_ON092026,PLACE_ON054013,1911
PLACE_ON044019,PLACE_ON054036,1911
PLACE_ON044005,PLACE_ON054055,1911
PLACE_ON044026,PLACE_ON102090,1911
PLACE_ON044061,PLACE_ON123014_1911,1911
PLACE_ON044064,PLACE_ON123023,1911
PLACE_ON044075,PLACE_ON123002_1911,1911
PLACE_ON044042,PLACE_ON123003_1911,1911
PLACE_ON129007,PLACE_ON126000,1911
PLACE_ON129009,PLACE_ON126000,1911
PLACE_ON117001_1901,PLACE_ON127000,1911
PLACE_ON118004_1901,PLACE_ON127000,1911
PLACE_ON106008_1901,PLACE_ON129003_1911,1911
PLACE_ON092044,PLACE_ON099063,1911
PLACE_ON115001_1901,PLACE_ON144005,1911
PLACE_ON092053,PLACE_ON054001,1911
PLACE_ON092020,PLACE_ON054059,1911
PLACE_ON092003,PLACE_ON054038,1911
PLACE_ON092057,PLACE_ON102096,1911
PLACE_ON092018,PLACE_ON130083,1911
PLACE_ON129001_1901,PLACE_ON138003,1911
PLACE_ON129008,PLACE_ON126000,1911
PLACE_ON069001,PLACE_ON077001_1911,1911
PLACE_ON069002,PLACE_ON078001,1911
PLACE_ON069006,PLACE_ON077001_1911,1911
PLACE_ON069005,PLACE_ON078001,1911
PLACE_ON069004,PLACE_ON078001,1911
PLACE_ON086004,PLACE_ON128016,1911
PLACE_ON086003,PLACE_ON128016,1911
PLACE_ON086001,PLACE_ON128016,1911
PLACE_ON089005,PLACE_ON128016,1911
PLACE_ON087005_1901,PLACE_ON128016,1911
PLACE_ON077007,PLACE_ON111017,1911
PLACE_ON077006,PLACE_ON111017,1911
PLACE_ON077004,PLACE_ON111017,1911
PLACE_ON077001,PLACE_ON111017,1911
PLACE_ON077003,PLACE_ON111017,1911
PLACE_ON077005,PLACE_ON111017,1911
PLACE_ON087004,PLACE_ON128016,1911
PLACE_ON082006,PLACE_ON123018,1911
PLACE_ON044062,PLACE_ON123019_1911,1911
PLACE_ON044049,PLACE_ON123052,1911
PLACE_ON055004,PLACE_ON123052,1911
PLACE_ON044046,PLACE_ON123052,1911
PLACE_ON044074,PLACE_ON123052,1911
PLACE_ON044033,PLACE_ON141008,1911
PLACE_ON044034,PLACE_ON123052,1911
PLACE_ON044072,PLACE_ON147016,1911
PLACE_ON044068,PLACE_ON123052,1911
PLACE_ON044056,PLACE_ON054055,1911
PLACE_ON044050,PLACE_ON123052,1911
PLACE_ON044045,PLACE_ON123052,1911
PLACE_ON044069,PLACE_ON055028,1911
PLACE_ON044051,PLACE_ON123052,1911
PLACE_ON044036,PLACE_ON123027,1911
PLACE_ON044047,PLACE_ON123052,1911
PLACE_ON044053,PLACE_ON123052,1911
PLACE_ON044040,PLACE_ON123052,1911
PLACE_ON044054,PLACE_ON123052,1911
PLACE_ON044066,PLACE_ON123052,1911
PLACE_ON044055,PLACE_ON123052,1911
PLACE_ON131008_1901,PLACE_ON138003,1911
PLACE_ON047003,PLACE_ON124011,1911
PLACE_ON047005,PLACE_ON124011,1911
PLACE_ON047001_1871,PLACE_ON124011,1911
PLACE_ON047004,PLACE_ON124004,1911
PLACE_NT206003,PLACE_NT218999,1911
PLACE_BC001001_1901,PLACE_BC214001,1911
PLACE_BC003006_1901,PLACE_BC208001,1911
PLACE_BC004002_1891,PLACE_BC212002,1911
PLACE_BC004003_1881,PLACE_BC212004,1911
PLACE_BC005006_1901,PLACE_BC211004,1911
PLACE_BC001004_1891,PLACE_BC012001,1911
PLACE_BC003009_1901,PLACE_BC212002,1911
PLACE_NT205001,PLACE_SK208001,1911
PLACE_NT205014,PLACE_SK212001,1911
PLACE_NT205007,PLACE_SK212001,1911
PLACE_NT205027,PLACE_SK212001,1911
PLACE_NT205018,PLACE_SK212001,1911
PLACE_NT205048,PLACE_SK212001,1911
PLACE_NT205012,PLACE_SK212001,1911
PLACE_NT205016,PLACE_SK212002,1911
PLACE_NT205022,PLACE_SK216001,1911
PLACE_NT205066,PLACE_SK216001,1911
PLACE_NT205056,PLACE_SK216001,1911
PLACE_NT205050,PLACE_SK216001,1911
PLACE_NT205026,PLACE_SK216001,1911
PLACE_NT205042,PLACE_SK216001,1911
PLACE_NT205024,PLACE_NT218999,1911
PLACE_NT205037,PLACE_NT218999,1911
PLACE_NT205020,PLACE_SK216001,1911
PLACE_NT205059,PLACE_SK212001,1911
PLACE_NT205039,PLACE_SK212001,1911
PLACE_NT205053,PLACE_SK212001,1911
PLACE_NT205009,PLACE_SK212001,1911
PLACE_NT205011,PLACE_SK212001,1911
PLACE_NT205055,PLACE_SK216001,1911
PLACE_NT205034,PLACE_SK208001,1911
PLACE_NT205065,PLACE_SK212001,1911
PLACE_NT205058,PLACE_SK212001,1911
PLACE_NT205028,PLACE_SK212001,1911
PLACE_NT205043,PLACE_SK212002,1911
PLACE_NT205021,PLACE_SK212002,1911
PLACE_NT205038,PLACE_NT218999,1911
PLACE_NT205013,PLACE_NT218999,1911
PLACE_NT205064,PLACE_NT218999,1911
PLACE_NT205004,PLACE_SK208001,1911
PLACE_NT205057,PLACE_SK216001,1911
PLACE_NT205051,PLACE_SK212001,1911
PLACE_NT205052,PLACE_SK212001,1911
PLACE_NT204049,PLACE_SK211001,1911
PLACE_NT204022,PLACE_SK211001,1911
PLACE_NT204007,PLACE_SK211001,1911
PLACE_NT204039,PLACE_SK211001,1911
PLACE_NT204076,PLACE_SK211001,1911
PLACE_NT204048,PLACE_SK211001,1911
PLACE_NT204014,PLACE_SK211001,1911
PLACE_NT204008,PLACE_SK211001,1911
PLACE_NT204071,PLACE_SK211001,1911
PLACE_NT204031,PLACE_SK213001,1911
PLACE_NT204001,PLACE_SK214001,1911
PLACE_NT204005,PLACE_SK214001,1911
PLACE_NT204066,PLACE_SK214001,1911
PLACE_NT204067,PLACE_SK214001,1911
PLACE_NT204064,PLACE_SK214001,1911
PLACE_NT204057,PLACE_SK214001,1911
PLACE_NT204075,PLACE_SK214001,1911
PLACE_NT204035,PLACE_SK214001,1911
PLACE_NT204051,PLACE_SK214001,1911
PLACE_NT204025,PLACE_SK214001,1911
PLACE_NT204002,PLACE_SK214001,1911
PLACE_NT204059,PLACE_SK214001,1911
PLACE_NT204015,PLACE_SK214001,1911
PLACE_NT204029,PLACE_SK214001,1911
PLACE_NT204019,PLACE_AB004001,1911
PLACE_NT204032,PLACE_AB004001,1911
PLACE_NT204034,PLACE_AB004001,1911
PLACE_NT204063,PLACE_AB004001,1911
PLACE_NT204077,PLACE_SK211001,1911
PLACE_NT204037,PLACE_SK214001,1911
PLACE_NT204040,PLACE_AB004001,1911
PLACE_NT204044,PLACE_SK211001,1911
PLACE_NT204055,PLACE_SK176022,1911
PLACE_NT204012,PLACE_SK214001,1911
PLACE_NT204027,PLACE_SK214001,1911
PLACE_NT204033,PLACE_SK214001,1911
PLACE_NT204052,PLACE_SK211001,1911
PLACE_NT204004,PLACE_SK211001,1911
PLACE_NT204026,PLACE_AB004001,1911
PLACE_NT204018,PLACE_AB004001,1911
PLACE_NT204042,PLACE_AB004001,1911
PLACE_NT204046,PLACE_SK211001,1911
PLACE_NT203106,PLACE_SK207001,1911
PLACE_NT203048,PLACE_SK207001,1911
PLACE_NT203042,PLACE_SK207001,1911
PLACE_NT203088,PLACE_SK207001,1911
PLACE_NT203023,PLACE_SK207001,1911
PLACE_NT203105,PLACE_SK207001,1911
PLACE_NT203001,PLACE_SK207001,1911
PLACE_NT203018,PLACE_SK207001,1911
PLACE_NT203014,PLACE_SK207001,1911
PLACE_NT203031,PLACE_SK207001,1911
PLACE_NT203075,PLACE_SK207001,1911
PLACE_NT203005,PLACE_SK207001,1911
PLACE_NT203010,PLACE_SK207001,1911
PLACE_NT203002,PLACE_SK207001,1911
PLACE_NT203041,PLACE_SK207001,1911
PLACE_NT203043,PLACE_SK207001,1911
PLACE_NT203078,PLACE_SK207001,1911
PLACE_NT203064,PLACE_SK207001,1911
PLACE_NT203072,PLACE_SK207001,1911
PLACE_NT203087,PLACE_SK207001,1911
PLACE_NT203013,PLACE_SK207001,1911
PLACE_NT203099,PLACE_SK207001,1911
PLACE_NT203038,PLACE_SK209001,1911
PLACE_NT203022,PLACE_SK210001,1911
PLACE_NT203028,PLACE_SK210001,1911
PLACE_NT203102,PLACE_SK210001,1911
PLACE_NT203055,PLACE_SK210001,1911
PLACE_NT203025,PLACE_SK210001,1911
PLACE_NT203063,PLACE_SK210001,1911
PLACE_NT203057,PLACE_SK210001,1911
PLACE_NT203027,PLACE_SK210001,1911
PLACE_NT203050,PLACE_SK213001,1911
PLACE_NT203069,PLACE_SK213001,1911
PLACE_NT203083,PLACE_SK213001,1911
PLACE_NT203084,PLACE_SK213001,1911
PLACE_NT203006,PLACE_SK213001,1911
PLACE_NT203080,PLACE_SK213001,1911
PLACE_NT203032,PLACE_SK213001,1911
PLACE_NT203009,PLACE_SK213001,1911
PLACE_NT203077,PLACE_SK213001,1911
PLACE_NT203082,PLACE_SK213001,1911
PLACE_NT203095,PLACE_SK213001,1911
PLACE_NT203054,PLACE_SK213001,1911
PLACE_NT203098,PLACE_SK213001,1911
PLACE_NT203103,PLACE_SK213001,1911
PLACE_NT203108,PLACE_SK213001,1911
PLACE_NT203067,PLACE_SK213001,1911
PLACE_NT203071,PLACE_SK213001,1911
PLACE_NT203029,PLACE_SK215001,1911
PLACE_NT203007,PLACE_SK215001,1911
PLACE_NT203085,PLACE_SK215001,1911
PLACE_NT203070,PLACE_SK215001,1911
PLACE_NT203079,PLACE_SK215001,1911
PLACE_NT203011,PLACE_SK215001,1911
PLACE_NT203016,PLACE_SK215001,1911
PLACE_NT203047,PLACE_SK215001,1911
PLACE_NT203056,PLACE_SK215001,1911
PLACE_NT203060,PLACE_SK215001,1911
PLACE_NT203019,PLACE_SK215001,1911
PLACE_NT203017,PLACE_SK215001,1911
PLACE_NT203058,PLACE_SK215001,1911
PLACE_NT203062,PLACE_SK215001,1911
PLACE_NT203093,PLACE_SK215001,1911
PLACE_NT203026,PLACE_SK215001,1911
PLACE_NT203021,PLACE_SK215001,1911
PLACE_NT203107,PLACE_SK209001,1911
PLACE_NT203059,PLACE_SK215001,1911
PLACE_NT203068,PLACE_SK213001,1911
PLACE_NT203086,PLACE_SK213001,1911
PLACE_NT203066,PLACE_SK213001,1911
PLACE_NT203008,PLACE_SK213001,1911
PLACE_NT202002,PLACE_AB001001,1911
PLACE_NT202023,PLACE_AB001005,1911
PLACE_NT202050,PLACE_AB002001,1911
PLACE_NT202033,PLACE_AB002001,1911
PLACE_NT202066,PLACE_AB002001,1911
PLACE_NT202079,PLACE_AB002001,1911
PLACE_NT202039,PLACE_AB199016,1911
PLACE_NT202118,PLACE_AB002001,1911
PLACE_NT202045,PLACE_AB003001,1911
PLACE_NT202042,PLACE_AB003001,1911
PLACE_NT202034,PLACE_AB003001,1911
PLACE_NT202091,PLACE_AB003001,1911
PLACE_NT202035,PLACE_AB003001,1911
PLACE_NT202072,PLACE_AB003001,1911
PLACE_NT202049,PLACE_AB003001,1911
PLACE_NT202032,PLACE_AB003001,1911
PLACE_NT202068,PLACE_AB004001,1911
PLACE_NT202001,PLACE_AB004001,1911
PLACE_NT202117,PLACE_AB004001,1911
PLACE_NT202122,PLACE_AB005001,1911
PLACE_NT202125,PLACE_AB005001,1911
PLACE_NT202093,PLACE_AB005001,1911
PLACE_NT202056,PLACE_AB005001,1911
PLACE_NT202130,PLACE_AB005001,1911
PLACE_NT202051,PLACE_AB005001,1911
PLACE_NT202058,PLACE_AB005001,1911
PLACE_NT202086,PLACE_AB005001,1911
PLACE_NT202103,PLACE_AB005001,1911
PLACE_NT202015,PLACE_AB005001,1911
PLACE_NT202090,PLACE_AB005001,1911
PLACE_NT202029,PLACE_AB006001,1911
PLACE_NT202044,PLACE_AB006001,1911
PLACE_NT202007,PLACE_AB006001,1911
PLACE_NT202065,PLACE_AB006001,1911
PLACE_NT202083,PLACE_AB006001,1911
PLACE_NT202009,PLACE_AB007001,1911
PLACE_NT202129,PLACE_AB007001,1911
PLACE_NT202133,PLACE_AB007001,1911
PLACE_NT202052,PLACE_AB007001,1911
PLACE_NT202016,PLACE_AB007001,1911
PLACE_NT202116,PLACE_AB007001,1911
PLACE_NT202036,PLACE_AB005001,1911
PLACE_NT202018,PLACE_AB194026,1911
PLACE_NT202019,PLACE_AB194026,1911
PLACE_NT202105,PLACE_AB005001,1911
PLACE_NT202092,PLACE_AB003001,1911
PLACE_NT202038,PLACE_AB006001,1911
PLACE_NT202014,PLACE_AB004001,1911
PLACE_NT202064,PLACE_AB004001,1911
PLACE_NT202085,PLACE_AB003001,1911
PLACE_NT202041,PLACE_AB002001,1911
PLACE_NT202008,PLACE_AB001001,1911
PLACE_NT202101,PLACE_AB005001,1911
PLACE_NT202102,PLACE_AB006001,1911
PLACE_NT202094,PLACE_AB006001,1911
PLACE_NT202107,PLACE_AB002001,1911
PLACE_NT202121,PLACE_AB002001,1911
PLACE_NT202067,PLACE_AB004001,1911
PLACE_NT202025,PLACE_AB001001,1911
PLACE_ON091050,PLACE_ON108008_1901,1911
PLACE_ON092036,PLACE_ON054038,1911
PLACE_ON120005_1901,PLACE_ON149009,1911
PLACE_ON151009,PLACE_ON151005,1911
PLACE_ON129004_1901,PLACE_ON138002_1911,1911
PLACE_ON131004_1901,PLACE_ON138003,1911
PLACE_NT202096,PLACE_AB006001,1911
PLACE_NT203051,PLACE_SK215001,1911
PLACE_NT206002,PLACE_NT218999,1911
PLACE_NT206004,PLACE_NT218999,1911
PLACE_NS028024,PLACE_NS006021,1911
PLACE_NS030024,PLACE_NS008034,1911
PLACE_NS035009,PLACE_NS013003_1901,1911
PLACE_NS036011,PLACE_NS014001_1911,1911
PLACE_NS014013,PLACE_NS014004,1911
PLACE_NS036028,PLACE_NS014005,1911
PLACE_NS037005,PLACE_NS015043,1911
PLACE_NS037006_1901,PLACE_NS015043,1911
PLACE_NS040009,PLACE_NS052006,1911
PLACE_NS042011,PLACE_NS021003_1901,1911
PLACE_NS014017,PLACE_NS014008,1911
PLACE_NS036002,PLACE_NS014002_1901,1911
PLACE_NS036025,PLACE_NS014013,1911
PLACE_NS052006,PLACE_NS014013,1911
PLACE_NS036003,PLACE_NS014005,1911
PLACE_NS036019,PLACE_NS014001_1911,1911
PLACE_NS036026,PLACE_NS014008,1911
PLACE_NS036018,PLACE_NS014008,1911
PLACE_NS036001,PLACE_NS014008,1911
PLACE_NS036016,PLACE_NS014004,1911
PLACE_NS030023,PLACE_NS008034,1911
PLACE_NS038002,PLACE_NS016040,1911
PLACE_NS038031,PLACE_NS016040,1911
PLACE_NS040005,PLACE_NS052006,1911
PLACE_NS033007_1901,PLACE_NS011001,1911
PLACE_NB028009,PLACE_NB028003,1911
PLACE_QC138011,PLACE_QC039008_1911,1911
PLACE_QC149015,PLACE_QC154011_1911,1911
PLACE_QC149055,PLACE_QC063026,1911
PLACE_QC149052,PLACE_QC086004,1911
PLACE_QC149038_1901,PLACE_QC086007,1911
PLACE_QC153020,PLACE_QC038003_1911,1911
PLACE_QC154022,PLACE_QC159014,1911
PLACE_QC160031,PLACE_QC165035,1911
PLACE_QC168003,PLACE_QC043006_1911,1911
PLACE_QC169009,PLACE_QC071008_1911,1911
PLACE_QC169007,PLACE_QC071019,1911
PLACE_QC153034,PLACE_QC078019,1911
PLACE_QC180001,PLACE_QC185001,1911
PLACE_QC188010,PLACE_QC193009,1911
PLACE_QC192002,PLACE_QC087001,1911
PLACE_QC198004,PLACE_QC093015,1911
PLACE_QC139013,PLACE_QC040011_1911,1911
PLACE_QC144004,PLACE_QC045003_1911,1911
PLACE_QC146002,PLACE_QC047015,1911
PLACE_QC144009_1901,PLACE_QC087005,1911
PLACE_QC149033_1901,PLACE_QC063026,1911
PLACE_QC149025,PLACE_QC154002,1911
PLACE_QC149046,PLACE_QC154999,1911
PLACE_QC154021,PLACE_QC056019,1911
PLACE_QC160030,PLACE_QC165035,1911
PLACE_QC160018,PLACE_QC062027,1911
PLACE_QC160019,PLACE_QC062027,1911
PLACE_QC167005_1901,PLACE_QC172007,1911
PLACE_QC153013,PLACE_QC039008_1911,1911
PLACE_QC179018,PLACE_QC078019,1911
PLACE_QC180021,PLACE_QC185001,1911
PLACE_QC188011,PLACE_QC084002,1911
PLACE_QC188003,PLACE_QC084002,1911
PLACE_QC188001_1871,PLACE_QC070009_1871,1911
PLACE_QC193004,PLACE_QC088005,1911
PLACE_QC193003_1881,PLACE_QC088005,1911
PLACE_QC193005,PLACE_QC088005,1911
PLACE_QC193002,PLACE_QC088005,1911
PLACE_QC194001,PLACE_QC089003,1911
PLACE_QC198005,PLACE_QC093015,1911
PLACE_QC198002,PLACE_QC093015,1911
PLACE_QC198003,PLACE_QC093015,1911
PLACE_QC187028,PLACE_QC099010_1901,1911
PLACE_QC198015,PLACE_QC151025,1911
PLACE_AB001002,PLACE_AB194024,1921
PLACE_AB001003,PLACE_AB194024,1921
PLACE_AB001004,PLACE_AB194023,1921
PLACE_AB001005,PLACE_AB194023,1921
PLACE_AB001009,PLACE_AB194023,1921
PLACE_AB001011,PLACE_AB194023,1921
PLACE_AB001012,PLACE_AB194023,1921
PLACE_AB001016,PLACE_AB194023,1921
PLACE_AB002009,PLACE_AB202029,1921
PLACE_AB002010,PLACE_AB200010,1921
PLACE_AB002011,PLACE_AB199012,1921
PLACE_AB002013,PLACE_AB199011,1921
PLACE_AB002016,PLACE_AB199011,1921
PLACE_AB002017,PLACE_AB199011,1921
PLACE_AB002018,PLACE_AB199011,1921
PLACE_AB003002,PLACE_AB190017,1921
PLACE_AB003003,PLACE_AB190017,1921
PLACE_AB003012,PLACE_AB190013,1921
PLACE_AB003019,PLACE_AB190013,1921
PLACE_AB003020,PLACE_AB190013,1921
PLACE_AB003021,PLACE_AB190013,1921
PLACE_AB004009,PLACE_AB190003,1921
PLACE_AB004017,PLACE_AB190003,1921
PLACE_AB004019,PLACE_AB192008,1921
PLACE_AB004021,PLACE_AB190009,1921
PLACE_AB005003,PLACE_AB196020,1921
PLACE_AB005016,PLACE_AB197006,1921
PLACE_AB006002,PLACE_AB196020,1921
PLACE_AB006004,PLACE_AB199016,1921
PLACE_BC008004,PLACE_BC208003,1921
PLACE_BC009014,PLACE_BC211003,1921
PLACE_BC010006,PLACE_BC212009,1921
PLACE_BC010007,PLACE_BC212009,1921
PLACE_BC011008,PLACE_BC206005,1921
PLACE_BC011009,PLACE_BC206005,1921
PLACE_BC014015,PLACE_BC218001,1921
PLACE_MB015002,PLACE_MB162008,1921
PLACE_MB015003,PLACE_MB162008,1921
PLACE_MB015010,PLACE_MB162003,1921
PLACE_MB018005,PLACE_MB160007,1921
PLACE_MB018006,PLACE_MB160015,1921
PLACE_MB018013,PLACE_MB161008,1921
PLACE_MB018014,PLACE_MB161008,1921
PLACE_MB018015,PLACE_MB156006,1921
PLACE_MB018016,PLACE_MB166009,1921
PLACE_MB018999,PLACE_MB166009,1921
PLACE_MB020002,PLACE_MB160007,1921
PLACE_MB021002,PLACE_MB156004,1921
PLACE_MB021003,PLACE_MB156004,1921
PLACE_MB021004,PLACE_MB156004,1921
PLACE_MB021005,PLACE_MB156004,1921
PLACE_MB021006,PLACE_MB156004,1921
PLACE_MB021007,PLACE_MB156003,1921
PLACE_MB021008,PLACE_MB156003,1921
PLACE_MB021009,PLACE_MB156001,1921
PLACE_MB021011,PLACE_MB156001,1921
PLACE_MB021012,PLACE_MB156003,1921
PLACE_MB021013,PLACE_MB156003,1921
PLACE_MB021014,PLACE_MB156002,1921
PLACE_MB160012,PLACE_MB156003,1921
PLACE_MB156010,PLACE_MB156004,1921
PLACE_MB156012,PLACE_MB156004,1921
PLACE_MB022008,PLACE_MB170002,1921
PLACE_MB022010,PLACE_MB160013,1921
PLACE_MB023999,PLACE_MB158006,1921
PLACE_MB024001,PLACE_MB160013,1921
PLACE_NB029024,PLACE_NB022005,1921
PLACE_NB032006,PLACE_NB032005,1921
PLACE_NB032007,PLACE_NB032005,1921
PLACE_NB032008,PLACE_NB032005,1921
PLACE_NB032009,PLACE_NB032005,1921
PLACE_NB032010,PLACE_NB032005,1921
PLACE_NB032011,PLACE_NB032005,1921
PLACE_NB032012,PLACE_NB032005,1921
PLACE_NB032013,PLACE_NB032005,1921
PLACE_NB032014,PLACE_NB032005,1921
PLACE_NB032015,PLACE_NB032005,1921
PLACE_NB032016,PLACE_NB032005,1921
PLACE_NB032017,PLACE_NB032005,1921
PLACE_NB032018,PLACE_NB032005,1921
PLACE_NB034007,PLACE_NB028008,1921
PLACE_NB035011,PLACE_NB035002,1921
PLACE_NS045043,PLACE_NS011043,1921
PLACE_NS045044,PLACE_NS011043,1921
PLACE_NS045045,PLACE_NS011043,1921
PLACE_NS045046,PLACE_NS011043,1921
PLACE_NS045047,PLACE_NS011043,1921
PLACE_NS045048,PLACE_NS011043,1921
PLACE_NS046004,PLACE_NS012999,1921
PLACE_NS047024,PLACE_NS013023,1921
PLACE_NS051002,PLACE_NS018002,1921
PLACE_NS051011,PLACE_NS018002,1921
PLACE_NS052005,PLACE_NS019003,1921
PLACE_NS052007,PLACE_NS019002,1921
PLACE_NS052009,PLACE_NS019003,1921
PLACE_NS052017,PLACE_NS019011,1921
PLACE_NS052024,PLACE_NS019002,1921
PLACE_NS052025,PLACE_NS019011,1921
PLACE_NS053007,PLACE_NS021999,1921
PLACE_ON054017,PLACE_ON146999,1921
PLACE_ON054018,PLACE_ON146999,1921
PLACE_ON054035,PLACE_ON102999,1921
PLACE_ON054042,PLACE_ON148191,1921
PLACE_ON054044,PLACE_ON127999,1921
PLACE_ON054053,PLACE_ON102999,1921
PLACE_ON054057,PLACE_ON127013,1921
PLACE_ON054058,PLACE_ON127022,1921
PLACE_ON054060,PLACE_ON127022,1921
PLACE_ON055004,PLACE_ON102999,1921
PLACE_ON055007,PLACE_ON102105,1921
PLACE_ON055015,PLACE_ON102999,1921
PLACE_ON055026,PLACE_ON102999,1921
PLACE_ON055030,PLACE_ON102999,1921
PLACE_ON055033,PLACE_ON102107,1921
PLACE_ON055037,PLACE_ON102999,1921
PLACE_ON056001,PLACE_ON103001,1921
PLACE_ON057002,PLACE_ON103001,1921
PLACE_ON061010,PLACE_ON105011_1921,1921
PLACE_ON061011,PLACE_ON105011_1921,1921
PLACE_ON061012,PLACE_ON105011_1921,1921
PLACE_ON061013,PLACE_ON105011_1921,1921
PLACE_ON069003_1911,PLACE_ON111003_1921,1921
PLACE_ON069004_1911,PLACE_ON111003_1921,1921
PLACE_ON069018,PLACE_ON111016,1921
PLACE_ON077001_1911,PLACE_ON153009,1921
PLACE_ON078001,PLACE_ON153009,1921
PLACE_ON099010,PLACE_ON130013,1921
PLACE_ON099060,PLACE_ON130013,1921
PLACE_ON099072,PLACE_ON130999,1921
PLACE_ON099087,PLACE_ON148999,1921
PLACE_ON105001_1871,PLACE_ON105011_1921,1921
PLACE_ON105002_1911,PLACE_ON105011_1921,1921
PLACE_ON105003_1901,PLACE_ON105011_1921,1921
PLACE_ON105004_1901,PLACE_ON105011_1921,1921
PLACE_ON105005_1871,PLACE_ON105011_1921,1921
PLACE_ON105006_1871,PLACE_ON105011_1921,1921
PLACE_ON105007_1871,PLACE_ON105011_1921,1921
PLACE_ON105008_1861,PLACE_ON105011_1921,1921
PLACE_ON108030,PLACE_ON130087,1921
PLACE_ON108031,PLACE_ON135047,1921
PLACE_ON108032,PLACE_ON135047,1921
PLACE_ON108037,PLACE_ON135047,1921
PLACE_ON117016,PLACE_ON142013,1921
PLACE_ON123021,PLACE_ON147034,1921
PLACE_ON123022,PLACE_ON147034,1921
PLACE_ON123025,PLACE_ON147035,1921
PLACE_ON123026,PLACE_ON147035,1921
PLACE_ON123039,PLACE_ON147034,1921
PLACE_ON123041,PLACE_ON147034,1921
PLACE_ON123043,PLACE_ON147018,1921
PLACE_ON123045,PLACE_ON147034,1921
PLACE_ON123049,PLACE_ON147034,1921
PLACE_ON123050,PLACE_ON147034,1921
PLACE_ON123060,PLACE_ON147034,1921
PLACE_ON124000,PLACE_ON154011,1921
PLACE_ON125000,PLACE_ON154011,1921
PLACE_ON126000,PLACE_ON154011,1921
PLACE_ON127000,PLACE_ON154011,1921
PLACE_ON128000,PLACE_ON154011,1921
PLACE_ON129026_1911,PLACE_ON116005_1921,1921
PLACE_ON130001,PLACE_ON150002,1921
PLACE_ON138002_1911,PLACE_ON154011,1921
PLACE_ON138003,PLACE_ON154011,1921
PLACE_SK208002,PLACE_SK187022,1921
PLACE_SK208003,PLACE_SK188002,1921
PLACE_SK208004,PLACE_SK188002,1921
PLACE_SK208005,PLACE_SK188001,1921
PLACE_SK208006,PLACE_SK188001,1921
PLACE_SK208007,PLACE_SK188001,1921
PLACE_SK208008,PLACE_SK188002,1921
PLACE_SK208009,PLACE_SK188001,1921
PLACE_SK208010,PLACE_SK187022,1921
PLACE_SK208011,PLACE_SK188002,1921
PLACE_SK208012,PLACE_SK188001,1921
PLACE_SK208013,PLACE_SK188002,1921
PLACE_SK208014,PLACE_SK183023,1921
PLACE_SK208015,PLACE_SK187022,1921
PLACE_SK208017,PLACE_SK188001,1921
PLACE_SK208018,PLACE_SK187022,1921
PLACE_SK208019,PLACE_SK183023,1921
PLACE_SK208020,PLACE_SK188002,1921
PLACE_SK208021,PLACE_SK182019,1921
PLACE_SK208022,PLACE_SK187010,1921
PLACE_SK208023,PLACE_SK182019,1921
PLACE_SK208024,PLACE_SK186025,1921
PLACE_SK210002,PLACE_SK179017,1921
PLACE_SK212003,PLACE_SK188001,1921
PLACE_SK212004,PLACE_SK188002,1921
PLACE_SK212005,PLACE_SK188001,1921
PLACE_SK212006,PLACE_SK185025,1921
PLACE_SK212007,PLACE_SK188001,1921
PLACE_SK212008,PLACE_SK188001,1921
PLACE_SK212009,PLACE_SK188001,1921
PLACE_SK212010,PLACE_SK188002,1921
PLACE_SK212011,PLACE_SK188002,1921
PLACE_SK212012,PLACE_SK188001,1921
PLACE_SK212013,PLACE_SK186025,1921
PLACE_SK212014,PLACE_SK188002,1921
PLACE_SK212015,PLACE_SK185025,1921
PLACE_SK212016,PLACE_SK188002,1921
PLACE_SK212017,PLACE_SK188001,1921
PLACE_SK212020,PLACE_SK186023,1921
PLACE_SK213013,PLACE_SK175004,1921
PLACE_SK215002,PLACE_SK176021,1921
PLACE_SK215003,PLACE_SK176021,1921
PLACE_SK216002,PLACE_SK185015,1921
PLACE_YT217004,PLACE_YT219001,1921
PLACE_QC144001_1911,PLACE_QC055004,1921
PLACE_QC144017,PLACE_QC055005,1921
PLACE_QC144024,PLACE_QC055005,1921
PLACE_QC144034,PLACE_QC055022,1921
PLACE_QC148020,PLACE_QC044019,1921
PLACE_QC148021,PLACE_QC044999,1921
PLACE_QC150023,PLACE_QC046005,1921
PLACE_QC151025,PLACE_QC047028,1921
PLACE_QC154008_1891,PLACE_QC063999,1921
PLACE_QC086002,PLACE_QC086090,1921
PLACE_QC154067,PLACE_QC086038,1921
PLACE_QC155024,PLACE_QC055022,1921
PLACE_QC157019,PLACE_QC040021_1921,1921
PLACE_QC158016,PLACE_QC038010_1921,1921
PLACE_QC159003,PLACE_QC056017,1921
PLACE_QC159013,PLACE_QC056017,1921
PLACE_QC159019,PLACE_QC056022,1921
PLACE_QC160001,PLACE_QC076013_1921,1921
PLACE_QC160002,PLACE_QC076013_1921,1921
PLACE_QC160003,PLACE_QC076013_1921,1921
PLACE_QC162001,PLACE_QC076013_1921,1921
PLACE_QC162002,PLACE_QC076013_1921,1921
PLACE_QC162010,PLACE_QC076012,1921
PLACE_QC162015,PLACE_QC076013_1921,1921
PLACE_QC162021,PLACE_QC076013_1921,1921
PLACE_QC162022,PLACE_QC076013_1921,1921
PLACE_QC162024,PLACE_QC076013_1921,1921
PLACE_QC165020,PLACE_QC062999_1901,1921
PLACE_QC168009,PLACE_QC076045,1921
PLACE_QC168012_1901,PLACE_QC076013_1921,1921
PLACE_QC168013,PLACE_QC076013_1921,1921
PLACE_QC168014,PLACE_QC076013_1921,1921
PLACE_QC168015,PLACE_QC076013_1921,1921
PLACE_QC168018,PLACE_QC076044,1921
PLACE_QC168020,PLACE_QC076046,1921
PLACE_QC168021,PLACE_QC076013_1921,1921
PLACE_QC168022,PLACE_QC076013_1921,1921
PLACE_QC169001,PLACE_QC066014,1921
PLACE_QC172001_1911,PLACE_QC076013_1921,1921
PLACE_QC172002,PLACE_QC076013_1921,1921
PLACE_QC172003,PLACE_QC076013_1921,1921
PLACE_QC172004,PLACE_QC076013_1921,1921
PLACE_QC172005_1891,PLACE_QC076013_1921,1921
PLACE_QC172006,PLACE_QC076013_1921,1921
PLACE_QC172007,PLACE_QC076013_1921,1921
PLACE_QC172008,PLACE_QC076013_1921,1921
PLACE_QC172009,PLACE_QC076013_1921,1921
PLACE_QC177006_1911,PLACE_QC074006,1921
PLACE_QC179001,PLACE_QC076013_1921,1921
PLACE_QC179002_1901,PLACE_QC076013_1921,1921
PLACE_QC179003,PLACE_QC076013_1921,1921
PLACE_QC180001_1911,PLACE_QC076013_1921,1921
PLACE_QC180002,PLACE_QC076013_1921,1921
PLACE_QC180003,PLACE_QC076013_1921,1921
PLACE_QC181001,PLACE_QC076013_1921,1921
PLACE_QC181002,PLACE_QC076013_1921,1921
PLACE_QC181003,PLACE_QC076013_1921,1921
PLACE_QC182001,PLACE_QC076013_1921,1921
PLACE_QC182002,PLACE_QC076013_1921,1921
PLACE_QC183001_1911,PLACE_QC076013_1921,1921
PLACE_QC183002,PLACE_QC076013_1921,1921
PLACE_QC185032,PLACE_QC079999,1921
PLACE_QC093001_1901,PLACE_QC081017,1921
PLACE_QC187002,PLACE_QC081017,1921
PLACE_QC187003,PLACE_QC081017,1921
PLACE_QC187004,PLACE_QC081017,1921
PLACE_QC187005,PLACE_QC081017,1921
PLACE_QC188001,PLACE_QC081017,1921
PLACE_QC188002_1911,PLACE_QC081017,1921
PLACE_QC188004,PLACE_QC081017,1921
PLACE_QC188005,PLACE_QC081017,1921
PLACE_QC188006,PLACE_QC081017,1921
PLACE_QC188007,PLACE_QC081017,1921
PLACE_QC188008,PLACE_QC081017,1921
PLACE_QC189001,PLACE_QC081017,1921
PLACE_QC189002,PLACE_QC081017,1921
PLACE_QC189003,PLACE_QC081017,1921
PLACE_QC189004,PLACE_QC081017,1921
PLACE_QC192001,PLACE_QC088006,1921
PLACE_QC193002_1911,PLACE_QC070005,1921
PLACE_QC193019,PLACE_QC070010,1921
PLACE_QC099010_1901,PLACE_QC070001,1921
PLACE_QC193038,PLACE_QC070024,1921
PLACE_QC20N006,PLACE_QC094999_1901,1921
PLACE_QC193035,PLACE_QC084999,1921
PLACE_QC159026,PLACE_QC056999,1921
PLACE_QC052006_1851_1851,PLACE_QC098004_1861,1861
PLACE_QC057016,PLACE_QC092005,1861
PLACE_QC052012,PLACE_QC092008,1861
PLACE_QC052010_1851,PLACE_QC092005,1861
PLACE_ON088002,PLACE_ON123004,1871
PLACE_QC056010,PLACE_QC099009,1871
PLACE_NS196999,PLACE_NS011999,1881
PLACE_NS197999,PLACE_NS011999,1881
PLACE_QC170999,PLACE_QC056999,1881
PLACE_QC168999,PLACE_QC193999,1881
PLACE_QC152999,PLACE_QC154999,1881
PLACE_QC150999,PLACE_QC154999,1881
PLACE_QC151999,PLACE_QC154999,1881
PLACE_QC171999,PLACE_QC056999,1881
PLACE_QC172999_1871,PLACE_QC056999,1881
PLACE_QC108002,PLACE_QC076012,1881
PLACE_QC167999,PLACE_QC193999,1881
PLACE_ON123003_1871,PLACE_ON132002,1891
PLACE_ON142008,PLACE_ON151006,1891
PLACE_ON151002,PLACE_ON152005,1891
PLACE_ON113015,PLACE_ON096012,1891
PLACE_ON114013_1881,PLACE_ON096012,1891
PLACE_NS010013_1881,PLACE_NS011044,1891
PLACE_QC095003_1881,PLACE_QC052009_1891,1891
PLACE_QC094009_1881,PLACE_QC052009_1891,1891
PLACE_QC153031,PLACE_QC038019,1901
PLACE_QC185010,PLACE_QC082004,1901
PLACE_QC181005,PLACE_QC082004,1901
PLACE_BC003004_1901,PLACE_BC212002,1911
PLACE_NS028005,PLACE_NS039007_1911,1911
PLACE_NS041005,PLACE_NS039007_1911,1911
PLACE_NB015015,PLACE_NB024014,1911
PLACE_QC153022,PLACE_QC071010,1911
PLACE_QC179010,PLACE_QC078009,1911
PLACE_QC169011_1901,PLACE_QC071010,1911
PLACE_QC153029,PLACE_QC078009,1911
PLACE_QC151999_1911,PLACE_QC047999_1921,1921
PLACE_QC171002,PLACE_QC068004_1921,1921
PLACE_QC172999,PLACE_QC076999,1921
PLACE_QC203999,PLACE_QC047999_1921,1921
