presence_id:ID,csd_tcpuid,census_year:int,area_sqm:float,:LABEL
NT999999_1871,NT999999,1871,7290524246771.82,E93_Presence
BC999999_1871,BC999999,1871,920400356791.25,E93_Presence
MB999999_1871,MB999999,1871,134814075429.05,E93_Presence
ON087002_1871,ON087002,1871,2067405814.62,E93_Presence
ON087003_1871,ON087003,1871,868469690.09,E93_Presence
ON088003_1871,ON088003,1871,9972341521.43,E93_Presence
ON090002_1871,ON090002,1871,18266610140.99,E93_Presence
ON016002_1871,ON016002,1871,121345185.46,E93_Presence
ON015001_1871,ON015001,1871,293840443.06,E93_Presence
ON016001_1871,ON016001,1871,250595237.51,E93_Presence
ON015005_1871,ON015005,1871,180074350.78,E93_Presence
ON015002_1871,ON015002,1871,48438869.1,E93_Presence
ON015003_1871,ON015003,1871,161794223.81,E93_Presence
ON015004_1871,ON015004,1871,6529295.12,E93_Presence
ON068004_1871,ON068004,1871,368744075.03,E93_Presence
ON068003_1871,ON068003,1871,1112988.12,E93_Presence
ON028007_1871,ON028007,1871,505330294.79,E93_Presence
ON028006_1871,ON028006,1871,357336707.16,E93_Presence
ON028005_1871,ON028005,1871,246768351.76,E93_Presence
ON028001_1871,ON028001,1871,301384094.6,E93_Presence
ON027005_1871,ON027005,1871,264301949.49,E93_Presence
ON028002_1871,ON028002,1871,169793467.26,E93_Presence
ON027006_1871,ON027006,1871,2597995.9,E93_Presence
ON028003_1871,ON028003,1871,13411373.4,E93_Presence
ON027008_1871,ON027008,1871,311562128.68,E93_Presence
ON027004_1871,ON027004,1871,261388218.5,E93_Presence
ON027003_1871,ON027003,1871,249202481.65,E93_Presence
ON028004_1871,ON028004,1871,242203671.06,E93_Presence
ON027007_1871,ON027007,1871,285251885.09,E93_Presence
ON027001_1871,ON027001,1871,256747075.13,E93_Presence
ON027002_1871,ON027002,1871,205846341.34,E93_Presence
ON078009_1871,ON078009,1871,269923915.73,E93_Presence
ON078004_1871,ON078004,1871,291866579.85,E93_Presence
ON078002_1871,ON078002,1871,155288450.79,E93_Presence
ON078007_1871,ON078007,1871,269530544.33,E93_Presence
ON078006_1871,ON078006,1871,124383085.43,E93_Presence
ON078003_1871,ON078003,1871,275185755.84,E93_Presence
ON078001_1871,ON078001,1871,281403409.77,E93_Presence
ON078008_1871,ON078008,1871,115830468.94,E93_Presence
ON078005_1871,ON078005,1871,1720891.79,E93_Presence
ON035007_1871,ON035007,1871,275452950.64,E93_Presence
ON034008_1871,ON034008,1871,178788272.93,E93_Presence
ON035006_1871,ON035006,1871,389417686.11,E93_Presence
ON036004_1871,ON036004,1871,333545086.73,E93_Presence
ON040003_1871,ON040003,1871,297027714.4,E93_Presence
ON041004_1871,ON041004,1871,300695831.7,E93_Presence
ON034009_1871,ON034009,1871,6791829.55,E93_Presence
ON071001_1871,ON071001,1871,274490164.53,E93_Presence
ON071005_1871,ON071005,1871,260569643.04,E93_Presence
ON071003_1871,ON071003,1871,260554407.95,E93_Presence
ON071006_1871,ON071006,1871,261612198.61,E93_Presence
ON071002_1871,ON071002,1871,2598988.7,E93_Presence
ON071004_1871,ON071004,1871,2598083.75,E93_Presence
ON050003_1871,ON050003,1871,182855371.37,E93_Presence
ON051003_1871,ON051003,1871,279904683.53,E93_Presence
ON050004_1871,ON050004,1871,311223125.69,E93_Presence
ON050001_1871,ON050001,1871,304613211.5,E93_Presence
ON051001_1871,ON051001,1871,284026611.63,E93_Presence
ON051004_1871,ON051004,1871,313462855.7,E93_Presence
ON050002_1871,ON050002,1871,16868930.94,E93_Presence
ON051002_1871,ON051002,1871,8519295.12,E93_Presence
ON050005_1871,ON050005,1871,8227938.15,E93_Presence
ON006005_1871,ON006005,1871,257865687.53,E93_Presence
ON006004_1871,ON006004,1871,141760355.14,E93_Presence
ON006003_1871,ON006003,1871,284436713.02,E93_Presence
ON006001_1871,ON006001,1871,314198332.48,E93_Presence
ON006006_1871,ON006006,1871,2598005.37,E93_Presence
ON005001_1871,ON005001,1871,343227130.27,E93_Presence
ON005002_1871,ON005002,1871,313307447.99,E93_Presence
ON005003_1871,ON005003,1871,329864913.48,E93_Presence
ON006002_1871,ON006002,1871,6333362.16,E93_Presence
ON001012_1871,ON001012,1871,200546493.13,E93_Presence
ON001013_1871,ON001013,1871,150012390.73,E93_Presence
ON001010_1871,ON001010,1871,195078648.19,E93_Presence
ON001008_1871,ON001008,1871,109183881.35,E93_Presence
ON001009_1871,ON001009,1871,11728869.16,E93_Presence
ON001003_1871,ON001003,1871,107103615.72,E93_Presence
ON001004_1871,ON001004,1871,295617846.07,E93_Presence
ON001005_1871,ON001005,1871,265226072.94,E93_Presence
ON001001_1871,ON001001,1871,92101860.4,E93_Presence
ON001006_1871,ON001006,1871,286724272.05,E93_Presence
ON001007_1871,ON001007,1871,44184502.59,E93_Presence
ON001014_1871,ON001014,1871,222889262.61,E93_Presence
ON001002_1871,ON001002,1871,6332634.23,E93_Presence
ON064006_1871,ON064006,1871,266736514.47,E93_Presence
ON064011_1871,ON064011,1871,393911342.38,E93_Presence
ON064015_1871,ON064015,1871,516491422.83,E93_Presence
ON064008_1871,ON064008,1871,320281390.6,E93_Presence
ON064007_1871,ON064007,1871,319673885.62,E93_Presence
ON065001_1871,ON065001,1871,249206312.94,E93_Presence
ON064010_1871,ON064010,1871,257369494.93,E93_Presence
ON064013_1871,ON064013,1871,301463046.06,E93_Presence
ON064012_1871,ON064012,1871,207191136.38,E93_Presence
ON064014_1871,ON064014,1871,591859010.76,E93_Presence
ON065005_1871,ON065005,1871,263995750.73,E93_Presence
ON064009_1871,ON064009,1871,238629514.29,E93_Presence
ON065006_1871,ON065006,1871,305416898.86,E93_Presence
ON065004_1871,ON065004,1871,144571943.15,E93_Presence
ON065003_1871,ON065003,1871,314965.49,E93_Presence
ON074001_1871,ON074001,1871,371615192.22,E93_Presence
ON074003_1871,ON074003,1871,348894958.93,E93_Presence
ON074002_1871,ON074002,1871,258951454.84,E93_Presence
ON074004_1871,ON074004,1871,321505551.43,E93_Presence
ON069001_1871,ON069001,1871,327406450.46,E93_Presence
ON069003_1871,ON069003,1871,326005117.87,E93_Presence
ON070007_1871,ON070007,1871,94823977.58,E93_Presence
ON070005_1871,ON070005,1871,273405714.05,E93_Presence
ON070003_1871,ON070003,1871,235074432.36,E93_Presence
ON069002_1871,ON069002,1871,4556174.12,E93_Presence
ON070006_1871,ON070006,1871,2598823.31,E93_Presence
ON070004_1871,ON070004,1871,2600086.15,E93_Presence
ON036007_1871,ON036007,1871,300705794.77,E93_Presence
ON037004_1871,ON037004,1871,299622310.53,E93_Presence
ON037003_1871,ON037003,1871,319239794.57,E93_Presence
ON037002_1871,ON037002,1871,304040663.07,E93_Presence
ON036008_1871,ON036008,1871,308707979.2,E93_Presence
ON036003_1871,ON036003,1871,356372665.5,E93_Presence
ON037005_1871,ON037005,1871,177793067.56,E93_Presence
ON037009_1871,ON037009,1871,417468475.1,E93_Presence
ON037008_1871,ON037008,1871,288855351.88,E93_Presence
ON037010_1871,ON037010,1871,47848060.46,E93_Presence
ON037006_1871,ON037006,1871,325493858.52,E93_Presence
ON037007_1871,ON037007,1871,20369359.24,E93_Presence
ON036005_1871,ON036005,1871,332606916.48,E93_Presence
ON036002_1871,ON036002,1871,326242445.66,E93_Presence
ON036006_1871,ON036006,1871,302010204.73,E93_Presence
ON036001_1871,ON036001,1871,293511363.59,E93_Presence
ON037001_1871,ON037001,1871,321225035.98,E93_Presence
ON018003_1871,ON018003,1871,97291540.98,E93_Presence
ON017004_1871,ON017004,1871,155558595.47,E93_Presence
ON017003_1871,ON017003,1871,62336206.39,E93_Presence
ON017009_1871,ON017009,1871,74699198.94,E93_Presence
ON018001_1871,ON018001,1871,155805660.15,E93_Presence
ON017006_1871,ON017006,1871,186216586.64,E93_Presence
ON017002_1871,ON017002,1871,114400104.55,E93_Presence
ON017007_1871,ON017007,1871,187472409.45,E93_Presence
ON017001_1871,ON017001,1871,305390079.04,E93_Presence
ON018002_1871,ON018002,1871,2597973.67,E93_Presence
ON017008_1871,ON017008,1871,2597991.58,E93_Presence
ON017005_1871,ON017005,1871,2597999.11,E93_Presence
ON038006_1871,ON038006,1871,300793134.16,E93_Presence
ON038005_1871,ON038005,1871,199578071.31,E93_Presence
ON038001_1871,ON038001,1871,211613600.63,E93_Presence
ON038002_1871,ON038002,1871,298962171.63,E93_Presence
ON038004_1871,ON038004,1871,2597995.81,E93_Presence
ON038003_1871,ON038003,1871,6377383.71,E93_Presence
ON038007_1871,ON038007,1871,2597996.06,E93_Presence
ON024001_1871,ON024001,1871,3385798.97,E93_Presence
ON062008_1871,ON062008,1871,419883554.81,E93_Presence
ON062006_1871,ON062006,1871,588672380.21,E93_Presence
ON061003_1871,ON061003,1871,425875161.9,E93_Presence
ON062007_1871,ON062007,1871,944646373.94,E93_Presence
ON062005_1871,ON062005,1871,293228299.02,E93_Presence
ON062010_1871,ON062010,1871,1086262079.59,E93_Presence
ON061001_1871,ON061001,1871,237201445.18,E93_Presence
ON061002_1871,ON061002,1871,405687091.78,E93_Presence
ON062009_1871,ON062009,1871,483296706.02,E93_Presence
ON062003_1871,ON062003,1871,240224402.85,E93_Presence
ON062004_1871,ON062004,1871,605553157.86,E93_Presence
ON062001_1871,ON062001,1871,291304096.77,E93_Presence
ON060001_1871,ON060001,1871,311297833.65,E93_Presence
ON060003_1871,ON060003,1871,8977045.39,E93_Presence
ON060002_1871,ON060002,1871,2598513.81,E93_Presence
ON062002_1871,ON062002,1871,2597532.61,E93_Presence
ON026010_1871,ON026010,1871,285109159.78,E93_Presence
ON026012_1871,ON026012,1871,302485908.34,E93_Presence
ON026007_1871,ON026007,1871,243073075.06,E93_Presence
ON026011_1871,ON026011,1871,159905969.41,E93_Presence
ON026004_1871,ON026004,1871,184356492.78,E93_Presence
ON025002_1871,ON025002,1871,238137639.41,E93_Presence
ON026008_1871,ON026008,1871,233608265.85,E93_Presence
ON025004_1871,ON025004,1871,202555518.98,E93_Presence
ON025001_1871,ON025001,1871,258008506.03,E93_Presence
ON025005_1871,ON025005,1871,181461653.81,E93_Presence
ON025003_1871,ON025003,1871,192155867.18,E93_Presence
ON026002_1871,ON026002,1871,285488962.71,E93_Presence
ON026001_1871,ON026001,1871,156868371.46,E93_Presence
ON025006_1871,ON025006,1871,240730479.38,E93_Presence
ON026005_1871,ON026005,1871,237102781.81,E93_Presence
ON026003_1871,ON026003,1871,182871694.51,E93_Presence
ON025007_1871,ON025007,1871,8260782.93,E93_Presence
ON003003_1871,ON003003,1871,188392535.18,E93_Presence
ON002006_1871,ON002006,1871,402482174.84,E93_Presence
ON003001_1871,ON003001,1871,269803270.19,E93_Presence
ON003002_1871,ON003002,1871,237511198.1,E93_Presence
ON003004_1871,ON003004,1871,121218852.13,E93_Presence
ON003005_1871,ON003005,1871,2597996.17,E93_Presence
ON002005_1871,ON002005,1871,297514835.58,E93_Presence
ON002004_1871,ON002004,1871,418925624.62,E93_Presence
ON002003_1871,ON002003,1871,321404080.88,E93_Presence
ON002001_1871,ON002001,1871,119875184.86,E93_Presence
ON002002_1871,ON002002,1871,249330320.32,E93_Presence
ON002007_1871,ON002007,1871,7439117.71,E93_Presence
ON066003_1871,ON066003,1871,1668897.98,E93_Presence
ON065002_1871,ON065002,1871,1890944.52,E93_Presence
ON004010_1871,ON004010,1871,347539562.01,E93_Presence
ON004005_1871,ON004005,1871,330179057.27,E93_Presence
ON004002_1871,ON004002,1871,375564992.42,E93_Presence
ON003008_1871,ON003008,1871,175047141.43,E93_Presence
ON004009_1871,ON004009,1871,314477016.92,E93_Presence
ON004004_1871,ON004004,1871,2597996.1,E93_Presence
ON004003_1871,ON004003,1871,2597998.62,E93_Presence
ON003007_1871,ON003007,1871,300022311.22,E93_Presence
ON004001_1871,ON004001,1871,322726801.35,E93_Presence
ON004008_1871,ON004008,1871,343280082.29,E93_Presence
ON004006_1871,ON004006,1871,202543239.73,E93_Presence
ON004007_1871,ON004007,1871,4737566.83,E93_Presence
ON080007_1871,ON080007,1871,587569907.31,E93_Presence
ON080006_1871,ON080006,1871,275710408.07,E93_Presence
ON080004_1871,ON080004,1871,271373495.22,E93_Presence
ON080003_1871,ON080003,1871,270987861.19,E93_Presence
ON080001_1871,ON080001,1871,271376400.28,E93_Presence
ON079010_1871,ON079010,1871,6634659.73,E93_Presence
ON080005_1871,ON080005,1871,2598640.99,E93_Presence
ON079006_1871,ON079006,1871,266847695.79,E93_Presence
ON079009_1871,ON079009,1871,265627207.21,E93_Presence
ON079007_1871,ON079007,1871,268524614.17,E93_Presence
ON079003_1871,ON079003,1871,151336323.3,E93_Presence
ON079001_1871,ON079001,1871,297336422.02,E93_Presence
ON079005_1871,ON079005,1871,174356204.94,E93_Presence
ON079008_1871,ON079008,1871,3060810.18,E93_Presence
ON067009_1871,ON067009,1871,321911027.77,E93_Presence
ON067008_1871,ON067008,1871,229307570.69,E93_Presence
ON067007_1871,ON067007,1871,229225513.76,E93_Presence
ON070002_1871,ON070002,1871,126642041.37,E93_Presence
ON067002_1871,ON067002,1871,2598241.41,E93_Presence
ON064005_1871,ON064005,1871,927552611.04,E93_Presence
ON063001_1871,ON063001,1871,53995774.96,E93_Presence
ON063006_1871,ON063006,1871,69760965.6,E93_Presence
ON064004_1871,ON064004,1871,548706056.8,E93_Presence
ON064001_1871,ON064001,1871,396687520.59,E93_Presence
ON063007_1871,ON063007,1871,288081009.72,E93_Presence
ON063003_1871,ON063003,1871,111462309.19,E93_Presence
ON063002_1871,ON063002,1871,96311918.14,E93_Presence
ON063004_1871,ON063004,1871,219151661.04,E93_Presence
ON064003_1871,ON064003,1871,371431134.25,E93_Presence
ON063005_1871,ON063005,1871,7593844.19,E93_Presence
ON063008_1871,ON063008,1871,2598353.28,E93_Presence
ON018004_1871,ON018004,1871,145917483.33,E93_Presence
ON021005_1871,ON021005,1871,116833427.71,E93_Presence
ON018005_1871,ON018005,1871,183114987.87,E93_Presence
ON021001_1871,ON021001,1871,97835176.89,E93_Presence
ON021006_1871,ON021006,1871,154588008.25,E93_Presence
ON021004_1871,ON021004,1871,88430557.22,E93_Presence
ON020001_1871,ON020001,1871,104833027.84,E93_Presence
ON021002_1871,ON021002,1871,6283917.06,E93_Presence
ON020004_1871,ON020004,1871,2824036.85,E93_Presence
ON021003_1871,ON021003,1871,2598008.95,E93_Presence
ON009002_1871,ON009002,1871,236043417.8,E93_Presence
ON009003_1871,ON009003,1871,465256742.52,E93_Presence
ON009004_1871,ON009004,1871,224817196.41,E93_Presence
ON009001_1871,ON009001,1871,287853211.91,E93_Presence
ON008001_1871,ON008001,1871,196417409.24,E93_Presence
ON008006_1871,ON008006,1871,178300623.63,E93_Presence
ON008004_1871,ON008004,1871,209754311.4,E93_Presence
ON008005_1871,ON008005,1871,298885377.16,E93_Presence
ON008002_1871,ON008002,1871,174405481.16,E93_Presence
ON008003_1871,ON008003,1871,160405698.39,E93_Presence
ON007005_1871,ON007005,1871,328246001.63,E93_Presence
ON007007_1871,ON007007,1871,131898701.66,E93_Presence
ON007003_1871,ON007003,1871,239959475.33,E93_Presence
ON007004_1871,ON007004,1871,160754539.08,E93_Presence
ON007001_1871,ON007001,1871,214278964.22,E93_Presence
ON007006_1871,ON007006,1871,9690406.43,E93_Presence
ON007002_1871,ON007002,1871,2597995.14,E93_Presence
ON085008_1871,ON085008,1871,552124051.64,E93_Presence
ON085012_1871,ON085012,1871,604219052.38,E93_Presence
ON085999_1871,ON085999,1871,670488974.47,E93_Presence
ON085009_1871,ON085009,1871,170614628.26,E93_Presence
ON085011_1871,ON085011,1871,759074430.87,E93_Presence
ON085003_1871,ON085003,1871,149214275.65,E93_Presence
ON085001_1871,ON085001,1871,193873168.06,E93_Presence
ON085002_1871,ON085002,1871,211246793.72,E93_Presence
ON084001_1871,ON084001,1871,510215861.53,E93_Presence
ON083001_1871,ON083001,1871,1343778642.76,E93_Presence
ON011003_1871,ON011003,1871,281197229.92,E93_Presence
ON011001_1871,ON011001,1871,148730985.06,E93_Presence
ON012001_1871,ON012001,1871,203418894.71,E93_Presence
ON012003_1871,ON012003,1871,286543284.22,E93_Presence
ON011002_1871,ON011002,1871,387470873.52,E93_Presence
ON012002_1871,ON012002,1871,294466244.74,E93_Presence
ON011004_1871,ON011004,1871,140385443.19,E93_Presence
ON012004_1871,ON012004,1871,4807259.39,E93_Presence
ON055003_1871,ON055003,1871,218989590.12,E93_Presence
ON055001_1871,ON055001,1871,209401718.21,E93_Presence
ON055005_1871,ON055005,1871,233479129.45,E93_Presence
ON055006_1871,ON055006,1871,232328965.21,E93_Presence
ON055007_1871,ON055007,1871,322763290.67,E93_Presence
ON055004_1871,ON055004,1871,16860920.33,E93_Presence
ON055002_1871,ON055002,1871,2597996.0,E93_Presence
ON054004_1871,ON054004,1871,113085541.86,E93_Presence
ON054003_1871,ON054003,1871,341954166.22,E93_Presence
ON054001_1871,ON054001,1871,317962097.8,E93_Presence
ON049005_1871,ON049005,1871,296324003.11,E93_Presence
ON049007_1871,ON049007,1871,343465356.9,E93_Presence
ON049008_1871,ON049008,1871,207021389.61,E93_Presence
ON049004_1871,ON049004,1871,214685551.83,E93_Presence
ON049006_1871,ON049006,1871,245866213.96,E93_Presence
ON049001_1871,ON049001,1871,227769915.86,E93_Presence
ON048001_1871,ON048001,1871,318685413.37,E93_Presence
ON049002_1871,ON049002,1871,291756378.52,E93_Presence
ON049003_1871,ON049003,1871,66935667.2,E93_Presence
ON048002_1871,ON048002,1871,141362369.86,E93_Presence
ON048004_1871,ON048004,1871,143443298.44,E93_Presence
ON048005_1871,ON048005,1871,9663761.09,E93_Presence
ON077004_1871,ON077004,1871,1153985.24,E93_Presence
ON077003_1871,ON077003,1871,1965302.34,E93_Presence
ON077002_1871,ON077002,1871,1914255.44,E93_Presence
ON014006_1871,ON014006,1871,131115786.19,E93_Presence
ON014007_1871,ON014007,1871,296954246.38,E93_Presence
ON014001_1871,ON014001,1871,211978790.6,E93_Presence
ON014004_1871,ON014004,1871,261368904.77,E93_Presence
ON014002_1871,ON014002,1871,253070579.25,E93_Presence
ON014005_1871,ON014005,1871,9205571.47,E93_Presence
ON014003_1871,ON014003,1871,2597995.92,E93_Presence
ON013001_1871,ON013001,1871,296695240.14,E93_Presence
ON013003_1871,ON013003,1871,156830616.02,E93_Presence
ON013002_1871,ON013002,1871,159628520.44,E93_Presence
ON013004_1871,ON013004,1871,152162694.78,E93_Presence
ON013007_1871,ON013007,1871,96898757.77,E93_Presence
ON013005_1871,ON013005,1871,121340559.47,E93_Presence
ON013006_1871,ON013006,1871,4909193.67,E93_Presence
ON086003_1871,ON086003,1871,3501823233.33,E93_Presence
ON085004_1871,ON085004,1871,410521327.15,E93_Presence
ON040002_1871,ON040002,1871,248831597.32,E93_Presence
ON040001_1871,ON040001,1871,302708160.52,E93_Presence
ON039004_1871,ON039004,1871,349654029.32,E93_Presence
ON039001_1871,ON039001,1871,290277078.31,E93_Presence
ON039003_1871,ON039003,1871,84228133.97,E93_Presence
ON039005_1871,ON039005,1871,11556284.4,E93_Presence
ON039002_1871,ON039002,1871,2598010.21,E93_Presence
ON030004_1871,ON030004,1871,190314301.13,E93_Presence
ON030002_1871,ON030002,1871,244079371.08,E93_Presence
ON030005_1871,ON030005,1871,292749675.0,E93_Presence
ON030006_1871,ON030006,1871,220508342.29,E93_Presence
ON030007_1871,ON030007,1871,224215546.15,E93_Presence
ON030003_1871,ON030003,1871,12154511.15,E93_Presence
ON030008_1871,ON030008,1871,2597996.05,E93_Presence
ON029001_1871,ON029001,1871,206801276.4,E93_Presence
ON029006_1871,ON029006,1871,217529050.48,E93_Presence
ON029007_1871,ON029007,1871,107206002.58,E93_Presence
ON029004_1871,ON029004,1871,179925791.48,E93_Presence
ON029003_1871,ON029003,1871,183848061.56,E93_Presence
ON030001_1871,ON030001,1871,240332619.63,E93_Presence
ON029005_1871,ON029005,1871,5564026.32,E93_Presence
ON029002_1871,ON029002,1871,12369595.24,E93_Presence
ON057004_1871,ON057004,1871,174651077.67,E93_Presence
ON057006_1871,ON057006,1871,623291027.71,E93_Presence
ON058003_1871,ON058003,1871,1430388932.67,E93_Presence
ON057003_1871,ON057003,1871,181702052.76,E93_Presence
ON057005_1871,ON057005,1871,334914454.82,E93_Presence
ON057001_1871,ON057001,1871,335652513.69,E93_Presence
ON058002_1871,ON058002,1871,524210816.38,E93_Presence
ON056005_1871,ON056005,1871,100546545.89,E93_Presence
ON058001_1871,ON058001,1871,496446696.08,E93_Presence
ON056002_1871,ON056002,1871,59754578.88,E93_Presence
ON056001_1871,ON056001,1871,92354916.99,E93_Presence
ON056004_1871,ON056004,1871,309407503.27,E93_Presence
ON057002_1871,ON057002,1871,2597767.26,E93_Presence
ON075006_1871,ON075006,1871,190335261.12,E93_Presence
ON075005_1871,ON075005,1871,196388847.96,E93_Presence
ON075001_1871,ON075001,1871,244612708.27,E93_Presence
ON075002_1871,ON075002,1871,131788253.27,E93_Presence
ON075004_1871,ON075004,1871,90494849.68,E93_Presence
ON075007_1871,ON075007,1871,218260167.69,E93_Presence
ON075008_1871,ON075008,1871,215046955.21,E93_Presence
ON075003_1871,ON075003,1871,2597696.42,E93_Presence
ON059003_1871,ON059003,1871,205561564.85,E93_Presence
ON059007_1871,ON059007,1871,125598853.39,E93_Presence
ON059004_1871,ON059004,1871,219286563.16,E93_Presence
ON059001_1871,ON059001,1871,160212196.56,E93_Presence
ON059008_1871,ON059008,1871,110167639.03,E93_Presence
ON059009_1871,ON059009,1871,140208563.39,E93_Presence
ON059006_1871,ON059006,1871,209296176.99,E93_Presence
ON059005_1871,ON059005,1871,4833313.49,E93_Presence
ON059002_1871,ON059002,1871,2597992.13,E93_Presence
ON082008_1871,ON082008,1871,283435687.59,E93_Presence
ON082009_1871,ON082009,1871,470018158.2,E93_Presence
ON082002_1871,ON082002,1871,216884689.68,E93_Presence
ON082011_1871,ON082011,1871,749085607.66,E93_Presence
ON082001_1871,ON082001,1871,240727908.18,E93_Presence
ON082006_1871,ON082006,1871,97295191.37,E93_Presence
ON082003_1871,ON082003,1871,324709710.95,E93_Presence
ON082007_1871,ON082007,1871,301372183.46,E93_Presence
ON082005_1871,ON082005,1871,5129049.46,E93_Presence
ON081010_1871,ON081010,1871,328077515.81,E93_Presence
ON081003_1871,ON081003,1871,469106979.18,E93_Presence
ON081004_1871,ON081004,1871,286039441.3,E93_Presence
ON081007_1871,ON081007,1871,950797677.2,E93_Presence
ON081011_1871,ON081011,1871,300231813.27,E93_Presence
ON081005_1871,ON081005,1871,400228563.75,E93_Presence
ON083003_1871,ON083003,1871,1193323149.17,E93_Presence
ON081008_1871,ON081008,1871,174804539.0,E93_Presence
ON081006_1871,ON081006,1871,203489982.29,E93_Presence
ON081002_1871,ON081002,1871,5893736.58,E93_Presence
ON081009_1871,ON081009,1871,3474298.51,E93_Presence
ON076002_1871,ON076002,1871,277561709.65,E93_Presence
ON076001_1871,ON076001,1871,307143604.58,E93_Presence
ON076003_1871,ON076003,1871,327849616.51,E93_Presence
ON076005_1871,ON076005,1871,382018225.54,E93_Presence
ON076007_1871,ON076007,1871,398701920.8,E93_Presence
ON076004_1871,ON076004,1871,206469094.71,E93_Presence
ON042011_1871,ON042011,1871,701378742.9,E93_Presence
ON042009_1871,ON042009,1871,303603507.93,E93_Presence
ON042008_1871,ON042008,1871,234568882.22,E93_Presence
ON042007_1871,ON042007,1871,426389207.24,E93_Presence
ON042006_1871,ON042006,1871,297259914.77,E93_Presence
ON042001_1871,ON042001,1871,413341276.3,E93_Presence
ON042010_1871,ON042010,1871,421377278.31,E93_Presence
ON042003_1871,ON042003,1871,244506043.57,E93_Presence
ON042004_1871,ON042004,1871,289617722.64,E93_Presence
ON042002_1871,ON042002,1871,7704381.37,E93_Presence
ON001011_1871,ON001011,1871,7456791.65,E93_Presence
ON002999_1871,ON002999,1871,171424839.64,E93_Presence
ON003006_1871,ON003006,1871,319077764.78,E93_Presence
ON010007_1871,ON010007,1871,3293030.54,E93_Presence
ON010001_1871,ON010001,1871,565531.4,E93_Presence
ON010005_1871,ON010005,1871,1502843.18,E93_Presence
ON010003_1871,ON010003,1871,833063.35,E93_Presence
ON010006_1871,ON010006,1871,1357981.48,E93_Presence
ON010002_1871,ON010002,1871,843069.89,E93_Presence
ON010004_1871,ON010004,1871,713383.94,E93_Presence
ON032003_1871,ON032003,1871,175744982.82,E93_Presence
ON032001_1871,ON032001,1871,292737061.11,E93_Presence
ON032002_1871,ON032002,1871,240900796.25,E93_Presence
ON032004_1871,ON032004,1871,13683254.59,E93_Presence
ON031003_1871,ON031003,1871,199826702.12,E93_Presence
ON031005_1871,ON031005,1871,194859272.94,E93_Presence
ON031001_1871,ON031001,1871,277390368.14,E93_Presence
ON031004_1871,ON031004,1871,5991329.98,E93_Presence
ON031007_1871,ON031007,1871,2598009.99,E93_Presence
ON031006_1871,ON031006,1871,2598010.15,E93_Presence
ON035004_1871,ON035004,1871,291962291.11,E93_Presence
ON034007_1871,ON034007,1871,207894804.52,E93_Presence
ON035001_1871,ON035001,1871,246429219.44,E93_Presence
ON035003_1871,ON035003,1871,313781181.24,E93_Presence
ON035002_1871,ON035002,1871,327650423.86,E93_Presence
ON035005_1871,ON035005,1871,2597778.03,E93_Presence
ON034005_1871,ON034005,1871,196796145.2,E93_Presence
ON034006_1871,ON034006,1871,314122477.22,E93_Presence
ON033002_1871,ON033002,1871,168881199.75,E93_Presence
ON034003_1871,ON034003,1871,121100126.46,E93_Presence
ON034001_1871,ON034001,1871,131017661.94,E93_Presence
ON033001_1871,ON033001,1871,264671384.68,E93_Presence
ON022005_1871,ON022005,1871,201783249.71,E93_Presence
ON022003_1871,ON022003,1871,67993107.89,E93_Presence
ON023001_1871,ON023001,1871,311809903.9,E93_Presence
ON022002_1871,ON022002,1871,118102620.2,E93_Presence
ON023004_1871,ON023004,1871,150347925.11,E93_Presence
ON023002_1871,ON023002,1871,136703181.45,E93_Presence
ON022004_1871,ON022004,1871,103160068.6,E93_Presence
ON022001_1871,ON022001,1871,133407967.78,E93_Presence
ON024005_1871,ON024005,1871,1831469.26,E93_Presence
ON024004_1871,ON024004,1871,3215714.97,E93_Presence
ON024002_1871,ON024002,1871,3409511.59,E93_Presence
ON032005_1871,ON032005,1871,13364675.61,E93_Presence
ON019003_1871,ON019003,1871,162141463.45,E93_Presence
ON019005_1871,ON019005,1871,86404592.07,E93_Presence
ON019001_1871,ON019001,1871,141437893.8,E93_Presence
ON018006_1871,ON018006,1871,131562728.1,E93_Presence
ON019010_1871,ON019010,1871,101022732.19,E93_Presence
ON019008_1871,ON019008,1871,110477806.1,E93_Presence
ON018007_1871,ON018007,1871,231855999.36,E93_Presence
ON019007_1871,ON019007,1871,85067515.56,E93_Presence
ON019012_1871,ON019012,1871,6703723.99,E93_Presence
ON019006_1871,ON019006,1871,9372167.9,E93_Presence
ON019011_1871,ON019011,1871,3215623.11,E93_Presence
ON019004_1871,ON019004,1871,6336314.43,E93_Presence
ON019002_1871,ON019002,1871,2632672.68,E93_Presence
ON016004_1871,ON016004,1871,100868064.83,E93_Presence
ON033003_1871,ON033003,1871,12189157.76,E93_Presence
ON034002_1871,ON034002,1871,2597995.94,E93_Presence
ON034004_1871,ON034004,1871,2598020.73,E93_Presence
ON041006_1871,ON041006,1871,297091366.24,E93_Presence
ON041007_1871,ON041007,1871,363084665.45,E93_Presence
ON041001_1871,ON041001,1871,302491061.76,E93_Presence
ON041005_1871,ON041005,1871,194033247.07,E93_Presence
ON042005_1871,ON042005,1871,14523090.4,E93_Presence
ON041003_1871,ON041003,1871,6874979.55,E93_Presence
ON073004_1871,ON073004,1871,287826422.57,E93_Presence
ON072002_1871,ON072002,1871,224235495.56,E93_Presence
ON072001_1871,ON072001,1871,248185262.81,E93_Presence
ON072003_1871,ON072003,1871,309693310.54,E93_Presence
ON073003_1871,ON073003,1871,1173189.88,E93_Presence
ON046004_1871,ON046004,1871,1368684.35,E93_Presence
ON044003_1871,ON044003,1871,171090244.16,E93_Presence
ON053007_1871,ON053007,1871,564767625.54,E93_Presence
ON053004_1871,ON053004,1871,161014011.36,E93_Presence
ON053003_1871,ON053003,1871,388659648.45,E93_Presence
ON053001_1871,ON053001,1871,280416553.88,E93_Presence
ON052004_1871,ON052004,1871,277711219.59,E93_Presence
ON053002_1871,ON053002,1871,291629147.7,E93_Presence
ON053006_1871,ON053006,1871,519951029.92,E93_Presence
ON052001_1871,ON052001,1871,361209812.51,E93_Presence
ON058005_1871,ON058005,1871,193195847.11,E93_Presence
ON052002_1871,ON052002,1871,261794742.46,E93_Presence
ON058006_1871,ON058006,1871,420240451.4,E93_Presence
ON058004_1871,ON058004,1871,453240327.71,E93_Presence
ON053005_1871,ON053005,1871,309519954.34,E93_Presence
ON052005_1871,ON052005,1871,276214385.53,E93_Presence
ON052003_1871,ON052003,1871,9815467.52,E93_Presence
ON044001_1871,ON044001,1871,131635784.54,E93_Presence
ON045004_1871,ON045004,1871,298739318.03,E93_Presence
ON045003_1871,ON045003,1871,192094424.41,E93_Presence
ON044002_1871,ON044002,1871,304196393.4,E93_Presence
ON043005_1871,ON043005,1871,260532637.62,E93_Presence
ON043007_1871,ON043007,1871,298458537.56,E93_Presence
ON043001_1871,ON043001,1871,390054453.89,E93_Presence
ON043002_1871,ON043002,1871,268823256.4,E93_Presence
ON043003_1871,ON043003,1871,5128268.14,E93_Presence
ON043004_1871,ON043004,1871,2597985.53,E93_Presence
ON043006_1871,ON043006,1871,10228827.56,E93_Presence
ON070001_1871,ON070001,1871,238170919.48,E93_Presence
ON045001_1871,ON045001,1871,129619268.59,E93_Presence
ON079002_1871,ON079002,1871,2600325.8,E93_Presence
ON082004_1871,ON082004,1871,33330366.25,E93_Presence
ON041002_1871,ON041002,1871,220925807.71,E93_Presence
ON081001_1871,ON081001,1871,287772879.67,E93_Presence
ON047001_1871,ON047001,1871,1427891.62,E93_Presence
ON046001_1871,ON046001,1871,3319058.83,E93_Presence
ON046002_1871,ON046002,1871,1648506.21,E93_Presence
ON047002_1871,ON047002,1871,1336179.96,E93_Presence
ON047003_1871,ON047003,1871,3839933.4,E93_Presence
ON073001_1871,ON073001,1871,994867.13,E93_Presence
ON028999_1871,ON028999,1871,68691480.77,E93_Presence
ON043008_1871,ON043008,1871,346984785.05,E93_Presence
ON085007_1871,ON085007,1871,236617647.32,E93_Presence
ON067003_1871,ON067003,1871,261991581.4,E93_Presence
ON067001_1871,ON067001,1871,304879944.85,E93_Presence
ON067006_1871,ON067006,1871,145683731.45,E93_Presence
ON067004_1871,ON067004,1871,115822679.89,E93_Presence
ON067005_1871,ON067005,1871,139344457.47,E93_Presence
ON058007_1871,ON058007,1871,1066962729.26,E93_Presence
ON083006_1871,ON083006,1871,888848928.73,E93_Presence
ON046003_1871,ON046003,1871,7564888.69,E93_Presence
ON040004_1871,ON040004,1871,197749461.96,E93_Presence
ON087001_1871,ON087001,1871,488566342.78,E93_Presence
ON089001_1871,ON089001,1871,4117516452.18,E93_Presence
ON056003_1871,ON056003,1871,10190897.26,E93_Presence
ON031002_1871,ON031002,1871,2597995.91,E93_Presence
ON020002_1871,ON020002,1871,870269.41,E93_Presence
ON020003_1871,ON020003,1871,1443240.63,E93_Presence
ON019009_1871,ON019009,1871,3865041.79,E93_Presence
ON023003_1871,ON023003,1871,4807433.09,E93_Presence
ON024003_1871,ON024003,1871,1009559.45,E93_Presence
ON026006_1871,ON026006,1871,5421612.27,E93_Presence
ON026009_1871,ON026009,1871,2788351.4,E93_Presence
ON028008_1871,ON028008,1871,601973162.06,E93_Presence
ON016003_1871,ON016003,1871,3408223.71,E93_Presence
ON042012_1871,ON042012,1871,4659250.21,E93_Presence
ON045002_1871,ON045002,1871,2165213.19,E93_Presence
ON048003_1871,ON048003,1871,12611340.53,E93_Presence
ON054002_1871,ON054002,1871,5810344.47,E93_Presence
ON064002_1871,ON064002,1871,2597246.99,E93_Presence
ON066001_1871,ON066001,1871,1659533.95,E93_Presence
ON066006_1871,ON066006,1871,485533.83,E93_Presence
ON066002_1871,ON066002,1871,1878442.56,E93_Presence
ON066007_1871,ON066007,1871,1800678.55,E93_Presence
ON066005_1871,ON066005,1871,233543.45,E93_Presence
ON066004_1871,ON066004,1871,114521.13,E93_Presence
ON068001_1871,ON068001,1871,864217.88,E93_Presence
ON068002_1871,ON068002,1871,459164.23,E93_Presence
ON073002_1871,ON073002,1871,1067292.58,E93_Presence
ON077005_1871,ON077005,1871,1360780.5,E93_Presence
ON076006_1871,ON076006,1871,1319043.27,E93_Presence
ON077001_1871,ON077001,1871,2974030.76,E93_Presence
ON079004_1871,ON079004,1871,180052736.57,E93_Presence
ON080002_1871,ON080002,1871,4471395.38,E93_Presence
ON082010_1871,ON082010,1871,169648475.39,E93_Presence
ON082012_1871,ON082012,1871,227858886.88,E93_Presence
ON085006_1871,ON085006,1871,263978576.03,E93_Presence
ON085005_1871,ON085005,1871,562259573.09,E93_Presence
ON085010_1871,ON085010,1871,192828090.34,E93_Presence
ON084002_1871,ON084002,1871,511085863.64,E93_Presence
ON083004_1871,ON083004,1871,706947373.67,E93_Presence
ON090001_1871,ON090001,1871,7215054404.55,E93_Presence
ON090003_1871,ON090003,1871,7755544534.28,E93_Presence
ON089002_1871,ON089002,1871,2047617666.94,E93_Presence
ON090004_1871,ON090004,1871,1068735871.87,E93_Presence
ON084007_1871,ON084007,1871,14687633111.12,E93_Presence
ON084006_1871,ON084006,1871,1773699369.14,E93_Presence
ON084005_1871,ON084005,1871,1075462455.76,E93_Presence
ON084003_1871,ON084003,1871,1005674930.53,E93_Presence
ON083002_1871,ON083002,1871,2980611167.54,E93_Presence
ON084008_1871,ON084008,1871,3670221684.67,E93_Presence
ON083007_1871,ON083007,1871,2501220509.23,E93_Presence
ON086001_1871,ON086001,1871,1954014461.73,E93_Presence
ON088001_1871,ON088001,1871,3573921406.87,E93_Presence
ON090005_1871,ON090005,1871,19438213406.24,E93_Presence
ON090006_1871,ON090006,1871,14537758100.24,E93_Presence
ON088002_1871,ON088002,1871,18076875442.21,E93_Presence
ON083005_1871,ON083005,1871,366582580.11,E93_Presence
ON084009_1871,ON084009,1871,6632883306.46,E93_Presence
ON086002_1871,ON086002,1871,5598701162.01,E93_Presence
ON084004_1871,ON084004,1871,3786812307.23,E93_Presence
NB180008_1871,NB180008,1871,457779540.22,E93_Presence
NB180010_1871,NB180010,1871,534935106.61,E93_Presence
NB180007_1871,NB180007,1871,871539217.88,E93_Presence
NB180011_1871,NB180011,1871,254671269.97,E93_Presence
NB180009_1871,NB180009,1871,121900738.74,E93_Presence
NB180002_1871,NB180002,1871,267272566.75,E93_Presence
NB180004_1871,NB180004,1871,82467398.35,E93_Presence
NB180003_1871,NB180003,1871,202379805.11,E93_Presence
NB180006_1871,NB180006,1871,204636582.12,E93_Presence
NB180005_1871,NB180005,1871,202765677.31,E93_Presence
NB180001_1871,NB180001,1871,227499777.71,E93_Presence
NB175012_1871,NB175012,1871,47191081.03,E93_Presence
NB175001_1871,NB175001,1871,539355580.23,E93_Presence
NB175006_1871,NB175006,1871,389499288.93,E93_Presence
NB175013_1871,NB175013,1871,167729710.51,E93_Presence
NB175002_1871,NB175002,1871,228983921.61,E93_Presence
NB175003_1871,NB175003,1871,404500972.59,E93_Presence
NB175007_1871,NB175007,1871,121152546.61,E93_Presence
NB175008_1871,NB175008,1871,213726298.47,E93_Presence
NB175004_1871,NB175004,1871,554571399.46,E93_Presence
NB175010_1871,NB175010,1871,583313268.5,E93_Presence
NB175005_1871,NB175005,1871,254921021.0,E93_Presence
NB175011_1871,NB175011,1871,42891966.25,E93_Presence
NB183002_1871,NB183002,1871,2156837129.9,E93_Presence
NB183001_1871,NB183001,1871,364966952.74,E93_Presence
NB183006_1871,NB183006,1871,308673452.36,E93_Presence
NB183004_1871,NB183004,1871,569914505.19,E93_Presence
NB183003_1871,NB183003,1871,477492455.61,E93_Presence
NB183005_1871,NB183005,1871,538828880.62,E93_Presence
NB183007_1871,NB183007,1871,232574691.61,E93_Presence
NB185001_1871,NB185001,1871,791793017.69,E93_Presence
NB185007_1871,NB185007,1871,222758993.73,E93_Presence
NB185008_1871,NB185008,1871,1274105883.15,E93_Presence
NB185003_1871,NB185003,1871,303728433.98,E93_Presence
NB185002_1871,NB185002,1871,432994722.54,E93_Presence
NB185006_1871,NB185006,1871,433001170.75,E93_Presence
NB185004_1871,NB185004,1871,651715550.01,E93_Presence
NB185005_1871,NB185005,1871,232049928.08,E93_Presence
NB176002_1871,NB176002,1871,119760560.71,E93_Presence
NB176010_1871,NB176010,1871,253869839.11,E93_Presence
NB176005_1871,NB176005,1871,130077674.92,E93_Presence
NB176013_1871,NB176013,1871,358813614.07,E93_Presence
NB176006_1871,NB176006,1871,77768117.7,E93_Presence
NB176003_1871,NB176003,1871,209844858.62,E93_Presence
NB176008_1871,NB176008,1871,182196199.68,E93_Presence
NB176004_1871,NB176004,1871,134487676.28,E93_Presence
NB176012_1871,NB176012,1871,462534744.66,E93_Presence
NB176007_1871,NB176007,1871,286251418.53,E93_Presence
NB176011_1871,NB176011,1871,821519266.6,E93_Presence
NB176009_1871,NB176009,1871,194354789.34,E93_Presence
NB176001_1871,NB176001,1871,386662796.99,E93_Presence
NB187005_1871,NB187005,1871,282330101.55,E93_Presence
NB187001_1871,NB187001,1871,278439099.87,E93_Presence
NB187006_1871,NB187006,1871,534377492.63,E93_Presence
NB187004_1871,NB187004,1871,296287234.35,E93_Presence
NB187002_1871,NB187002,1871,325424828.96,E93_Presence
NB187003_1871,NB187003,1871,158925616.49,E93_Presence
NB184001_1871,NB184001,1871,822569447.72,E93_Presence
NB184006_1871,NB184006,1871,871273576.95,E93_Presence
NB184005_1871,NB184005,1871,1298742246.78,E93_Presence
NB184009_1871,NB184009,1871,95212262.37,E93_Presence
NB184007_1871,NB184007,1871,53472400.08,E93_Presence
NB184010_1871,NB184010,1871,584630066.18,E93_Presence
NB184011_1871,NB184011,1871,265633335.29,E93_Presence
NB184004_1871,NB184004,1871,1044677234.94,E93_Presence
NB184008_1871,NB184008,1871,688152215.54,E93_Presence
NB184002_1871,NB184002,1871,677121673.03,E93_Presence
NB184003_1871,NB184003,1871,6048606743.73,E93_Presence
NB182002_1871,NB182002,1871,1077941586.2,E93_Presence
NB182004_1871,NB182004,1871,796256653.39,E93_Presence
NB182003_1871,NB182003,1871,1326872805.61,E93_Presence
NB182005_1871,NB182005,1871,753098802.35,E93_Presence
NB182001_1871,NB182001,1871,4889135047.32,E93_Presence
NB174010_1871,NB174010,1871,411028825.49,E93_Presence
NB174013_1871,NB174013,1871,669899676.32,E93_Presence
NB174012_1871,NB174012,1871,485966617.29,E93_Presence
NB174007_1871,NB174007,1871,682958.3,E93_Presence
NB174005_1871,NB174005,1871,373758.47,E93_Presence
NB174009_1871,NB174009,1871,481677.48,E93_Presence
NB174003_1871,NB174003,1871,431259.56,E93_Presence
NB174001_1871,NB174001,1871,671010.41,E93_Presence
NB174004_1871,NB174004,1871,428472.59,E93_Presence
NB174011_1871,NB174011,1871,33721342.34,E93_Presence
NB174006_1871,NB174006,1871,650314.74,E93_Presence
NB174002_1871,NB174002,1871,340326.25,E93_Presence
NB178001_1871,NB178001,1871,800718192.9,E93_Presence
NB178003_1871,NB178003,1871,295442650.23,E93_Presence
NB178002_1871,NB178002,1871,147328167.02,E93_Presence
NB178006_1871,NB178006,1871,945917718.23,E93_Presence
NB178005_1871,NB178005,1871,326574753.67,E93_Presence
NB178004_1871,NB178004,1871,295743161.97,E93_Presence
NB177009_1871,NB177009,1871,725603933.15,E93_Presence
NB177005_1871,NB177005,1871,222186026.35,E93_Presence
NB177006_1871,NB177006,1871,298255293.16,E93_Presence
NB177010_1871,NB177010,1871,529176842.4,E93_Presence
NB177002_1871,NB177002,1871,296273425.96,E93_Presence
NB177003_1871,NB177003,1871,216648866.21,E93_Presence
NB177008_1871,NB177008,1871,393035458.32,E93_Presence
NB177001_1871,NB177001,1871,612902270.94,E93_Presence
NB177007_1871,NB177007,1871,528445135.05,E93_Presence
NB177004_1871,NB177004,1871,204986064.97,E93_Presence
NB181001_1871,NB181001,1871,138564168.48,E93_Presence
NB181003_1871,NB181003,1871,950906914.13,E93_Presence
NB181004_1871,NB181004,1871,410256461.08,E93_Presence
NB181002_1871,NB181002,1871,948202155.24,E93_Presence
NB181006_1871,NB181006,1871,901161200.19,E93_Presence
NB181008_1871,NB181008,1871,510872720.72,E93_Presence
NB181005_1871,NB181005,1871,4301411652.21,E93_Presence
NB186004_1871,NB186004,1871,431987943.51,E93_Presence
NB186001_1871,NB186001,1871,309460339.72,E93_Presence
NB186006_1871,NB186006,1871,790610489.22,E93_Presence
NB186002_1871,NB186002,1871,649704031.8,E93_Presence
NB186007_1871,NB186007,1871,925855372.66,E93_Presence
NB186005_1871,NB186005,1871,480476928.24,E93_Presence
NB186003_1871,NB186003,1871,232097143.09,E93_Presence
NB179014_1871,NB179014,1871,416020248.21,E93_Presence
NB179011_1871,NB179011,1871,1083705167.56,E93_Presence
NB179015_1871,NB179015,1871,1525445282.73,E93_Presence
NB179010_1871,NB179010,1871,750841104.37,E93_Presence
NB179008_1871,NB179008,1871,330722819.55,E93_Presence
NB179007_1871,NB179007,1871,588921660.24,E93_Presence
NB179006_1871,NB179006,1871,470300439.94,E93_Presence
NB179013_1871,NB179013,1871,314412000.15,E93_Presence
NB179017_1871,NB179017,1871,800985586.74,E93_Presence
NB179012_1871,NB179012,1871,488530180.07,E93_Presence
NB179016_1871,NB179016,1871,2112615296.78,E93_Presence
NB185009_1871,NB185009,1871,378675050.34,E93_Presence
NB174008_1871,NB174008,1871,504549.47,E93_Presence
NB179005_1871,NB179005,1871,670786.33,E93_Presence
NB179004_1871,NB179004,1871,482988.59,E93_Presence
NB179003_1871,NB179003,1871,535958.58,E93_Presence
NB179002_1871,NB179002,1871,554492.18,E93_Presence
NB179001_1871,NB179001,1871,617283.47,E93_Presence
NB175009_1871,NB175009,1871,128291927.66,E93_Presence
NB181007_1871,NB181007,1871,1043174924.41,E93_Presence
NB179009_1871,NB179009,1871,502468927.73,E93_Presence
NS190005_1871,NS190005,1871,78840414.45,E93_Presence
NS190011_1871,NS190011,1871,41912006.95,E93_Presence
NS190003_1871,NS190003,1871,91146053.1,E93_Presence
NS190009_1871,NS190009,1871,80072282.04,E93_Presence
NS190008_1871,NS190008,1871,69477862.44,E93_Presence
NS190014_1871,NS190014,1871,290100027.51,E93_Presence
NS190006_1871,NS190006,1871,115219424.27,E93_Presence
NS190007_1871,NS190007,1871,74451510.28,E93_Presence
NS190015_1871,NS190015,1871,934822249.47,E93_Presence
NS190001_1871,NS190001,1871,99799368.86,E93_Presence
NS190002_1871,NS190002,1871,78392905.96,E93_Presence
NS190013_1871,NS190013,1871,614666860.57,E93_Presence
NS190012_1871,NS190012,1871,137040987.34,E93_Presence
NS190010_1871,NS190010,1871,133366216.96,E93_Presence
NS190004_1871,NS190004,1871,106728864.16,E93_Presence
NS201004_1871,NS201004,1871,148599486.12,E93_Presence
NS201003_1871,NS201003,1871,236657498.52,E93_Presence
NS201005_1871,NS201005,1871,98157122.52,E93_Presence
NS201009_1871,NS201009,1871,117309968.11,E93_Presence
NS201008_1871,NS201008,1871,170041753.12,E93_Presence
NS201002_1871,NS201002,1871,272904020.65,E93_Presence
NS201006_1871,NS201006,1871,128843111.61,E93_Presence
NS201007_1871,NS201007,1871,244126443.72,E93_Presence
NS201001_1871,NS201001,1871,145254597.74,E93_Presence
NS204004_1871,NS204004,1871,325130299.8,E93_Presence
NS204012_1871,NS204012,1871,50027147.55,E93_Presence
NS205004_1871,NS205004,1871,119961754.7,E93_Presence
NS205001_1871,NS205001,1871,136698510.76,E93_Presence
NS204011_1871,NS204011,1871,258551246.74,E93_Presence
NS204007_1871,NS204007,1871,131767303.45,E93_Presence
NS205005_1871,NS205005,1871,143931272.33,E93_Presence
NS204010_1871,NS204010,1871,49995243.64,E93_Presence
NS204001_1871,NS204001,1871,108239580.1,E93_Presence
NS204002_1871,NS204002,1871,138616375.7,E93_Presence
NS204003_1871,NS204003,1871,139565789.34,E93_Presence
NS204006_1871,NS204006,1871,36435887.32,E93_Presence
NS204009_1871,NS204009,1871,160051314.33,E93_Presence
NS204008_1871,NS204008,1871,111102534.17,E93_Presence
NS205002_1871,NS205002,1871,38920091.8,E93_Presence
NS205003_1871,NS205003,1871,246869409.6,E93_Presence
NS205014_1871,NS205014,1871,183414889.81,E93_Presence
NS205013_1871,NS205013,1871,397873241.26,E93_Presence
NS205010_1871,NS205010,1871,192141301.09,E93_Presence
NS205008_1871,NS205008,1871,299582929.71,E93_Presence
NS205011_1871,NS205011,1871,157291292.45,E93_Presence
NS205009_1871,NS205009,1871,84666562.75,E93_Presence
NS205007_1871,NS205007,1871,174442074.64,E93_Presence
NS205012_1871,NS205012,1871,281803585.78,E93_Presence
NS199012_1871,NS199012,1871,104883945.24,E93_Presence
NS199007_1871,NS199007,1871,195603194.84,E93_Presence
NS199001_1871,NS199001,1871,421242259.2,E93_Presence
NS199013_1871,NS199013,1871,404830446.07,E93_Presence
NS199008_1871,NS199008,1871,160573459.2,E93_Presence
NS199002_1871,NS199002,1871,250216828.2,E93_Presence
NS199010_1871,NS199010,1871,176419038.71,E93_Presence
NS199004_1871,NS199004,1871,292372113.0,E93_Presence
NS199009_1871,NS199009,1871,145026889.43,E93_Presence
NS199005_1871,NS199005,1871,114750123.25,E93_Presence
NS199003_1871,NS199003,1871,342784413.07,E93_Presence
NS199014_1871,NS199014,1871,590214550.3,E93_Presence
NS199006_1871,NS199006,1871,89397905.91,E93_Presence
NS199011_1871,NS199011,1871,498544020.47,E93_Presence
NS198010_1871,NS198010,1871,261190681.85,E93_Presence
NS198002_1871,NS198002,1871,514367276.26,E93_Presence
NS198011_1871,NS198011,1871,342432500.14,E93_Presence
NS198001_1871,NS198001,1871,289223553.98,E93_Presence
NS198008_1871,NS198008,1871,364943742.94,E93_Presence
NS198003_1871,NS198003,1871,395468726.92,E93_Presence
NS198009_1871,NS198009,1871,494527431.48,E93_Presence
NS198007_1871,NS198007,1871,534735905.93,E93_Presence
NS198005_1871,NS198005,1871,248523975.08,E93_Presence
NS198006_1871,NS198006,1871,328013879.69,E93_Presence
NS191012_1871,NS191012,1871,245306453.24,E93_Presence
NS191010_1871,NS191010,1871,234519261.57,E93_Presence
NS191002_1871,NS191002,1871,8597071.27,E93_Presence
NS191006_1871,NS191006,1871,44232897.43,E93_Presence
NS191007_1871,NS191007,1871,93228974.22,E93_Presence
NS191014_1871,NS191014,1871,311399332.16,E93_Presence
NS191008_1871,NS191008,1871,205745031.81,E93_Presence
NS191013_1871,NS191013,1871,139272985.21,E93_Presence
NS191004_1871,NS191004,1871,97518585.24,E93_Presence
NS191011_1871,NS191011,1871,120785896.19,E93_Presence
NS191003_1871,NS191003,1871,31558192.41,E93_Presence
NS191001_1871,NS191001,1871,15650024.49,E93_Presence
NS191009_1871,NS191009,1871,69935341.15,E93_Presence
NS191005_1871,NS191005,1871,114746695.53,E93_Presence
NS202009_1871,NS202009,1871,254094682.38,E93_Presence
NS202011_1871,NS202011,1871,173154076.48,E93_Presence
NS202002_1871,NS202002,1871,123089142.24,E93_Presence
NS202010_1871,NS202010,1871,354790309.91,E93_Presence
NS202001_1871,NS202001,1871,386044090.67,E93_Presence
NS202006_1871,NS202006,1871,260202541.3,E93_Presence
NS202013_1871,NS202013,1871,335885707.7,E93_Presence
NS202014_1871,NS202014,1871,204041855.69,E93_Presence
NS202008_1871,NS202008,1871,187768687.72,E93_Presence
NS202015_1871,NS202015,1871,218104505.99,E93_Presence
NS202012_1871,NS202012,1871,359358098.13,E93_Presence
NS202007_1871,NS202007,1871,190342706.92,E93_Presence
NS202004_1871,NS202004,1871,256096370.67,E93_Presence
NS202003_1871,NS202003,1871,90926337.24,E93_Presence
NS196019_1871,NS196019,1871,62811151.49,E93_Presence
NS197007_1871,NS197007,1871,62287489.0,E93_Presence
NS196015_1871,NS196015,1871,128565263.52,E93_Presence
NS197004_1871,NS197004,1871,36612209.1,E93_Presence
NS196009_1871,NS196009,1871,36639854.41,E93_Presence
NS196016_1871,NS196016,1871,205626576.14,E93_Presence
NS197018_1871,NS197018,1871,164613666.92,E93_Presence
NS196018_1871,NS196018,1871,96421145.94,E93_Presence
NS196017_1871,NS196017,1871,164707328.77,E93_Presence
NS197009_1871,NS197009,1871,351811859.64,E93_Presence
NS197006_1871,NS197006,1871,92709954.13,E93_Presence
NS197016_1871,NS197016,1871,65786206.25,E93_Presence
NS197017_1871,NS197017,1871,75160094.62,E93_Presence
NS197015_1871,NS197015,1871,289000347.45,E93_Presence
NS197008_1871,NS197008,1871,263392941.77,E93_Presence
NS196008_1871,NS196008,1871,15636624.37,E93_Presence
NS197012_1871,NS197012,1871,141415132.36,E93_Presence
NS196010_1871,NS196010,1871,17921058.38,E93_Presence
NS197005_1871,NS197005,1871,74304693.35,E93_Presence
NS197002_1871,NS197002,1871,239533210.11,E93_Presence
NS196011_1871,NS196011,1871,69826472.01,E93_Presence
NS197011_1871,NS197011,1871,189989183.77,E93_Presence
NS197010_1871,NS197010,1871,156708204.51,E93_Presence
NS197013_1871,NS197013,1871,44801502.15,E93_Presence
NS196014_1871,NS196014,1871,155097893.84,E93_Presence
NS196012_1871,NS196012,1871,44339325.89,E93_Presence
NS197014_1871,NS197014,1871,250066701.48,E93_Presence
NS196013_1871,NS196013,1871,74158602.71,E93_Presence
NS197001_1871,NS197001,1871,204602432.36,E93_Presence
NS196001_1871,NS196001,1871,5273289.55,E93_Presence
NS196002_1871,NS196002,1871,2132470.98,E93_Presence
NS196005_1871,NS196005,1871,767233.99,E93_Presence
NS196007_1871,NS196007,1871,9144587.17,E93_Presence
NS188013_1871,NS188013,1871,127409043.8,E93_Presence
NS188014_1871,NS188014,1871,237355468.75,E93_Presence
NS188002_1871,NS188002,1871,154217282.54,E93_Presence
NS188007_1871,NS188007,1871,193203682.21,E93_Presence
NS188004_1871,NS188004,1871,409654322.46,E93_Presence
NS188008_1871,NS188008,1871,186670618.89,E93_Presence
NS188009_1871,NS188009,1871,386125162.74,E93_Presence
NS188011_1871,NS188011,1871,48449178.68,E93_Presence
NS188001_1871,NS188001,1871,255253618.92,E93_Presence
NS188006_1871,NS188006,1871,150953221.97,E93_Presence
NS188010_1871,NS188010,1871,82661434.04,E93_Presence
NS188003_1871,NS188003,1871,159211607.05,E93_Presence
NS188012_1871,NS188012,1871,84771651.13,E93_Presence
NS203010_1871,NS203010,1871,62876571.84,E93_Presence
NS203012_1871,NS203012,1871,526025329.95,E93_Presence
NS203005_1871,NS203005,1871,206810008.24,E93_Presence
NS203015_1871,NS203015,1871,238632832.64,E93_Presence
NS203008_1871,NS203008,1871,151779579.25,E93_Presence
NS203013_1871,NS203013,1871,234665053.22,E93_Presence
NS203011_1871,NS203011,1871,160110571.8,E93_Presence
NS203007_1871,NS203007,1871,300699749.28,E93_Presence
NS203001_1871,NS203001,1871,231327813.26,E93_Presence
NS203006_1871,NS203006,1871,139347209.05,E93_Presence
NS203004_1871,NS203004,1871,260495927.68,E93_Presence
NS203002_1871,NS203002,1871,166658579.22,E93_Presence
NS203009_1871,NS203009,1871,145693447.75,E93_Presence
NS203003_1871,NS203003,1871,72712714.24,E93_Presence
NS203016_1871,NS203016,1871,420364634.62,E93_Presence
NS189012_1871,NS189012,1871,154126061.91,E93_Presence
NS189005_1871,NS189005,1871,59506976.76,E93_Presence
NS189008_1871,NS189008,1871,120229200.28,E93_Presence
NS189014_1871,NS189014,1871,631037691.88,E93_Presence
NS189011_1871,NS189011,1871,84045285.03,E93_Presence
NS189010_1871,NS189010,1871,37610505.85,E93_Presence
NS189001_1871,NS189001,1871,299196707.75,E93_Presence
NS195002_1871,NS195002,1871,420308034.32,E93_Presence
NS195008_1871,NS195008,1871,256459090.82,E93_Presence
NS195001_1871,NS195001,1871,665801204.68,E93_Presence
NS195012_1871,NS195012,1871,666711271.73,E93_Presence
NS195004_1871,NS195004,1871,69711303.22,E93_Presence
NS195007_1871,NS195007,1871,65010511.35,E93_Presence
NS195011_1871,NS195011,1871,84272437.03,E93_Presence
NS195013_1871,NS195013,1871,465271838.06,E93_Presence
NS195003_1871,NS195003,1871,297702317.11,E93_Presence
NS195005_1871,NS195005,1871,98093971.82,E93_Presence
NS195010_1871,NS195010,1871,81339711.5,E93_Presence
NS195009_1871,NS195009,1871,9514867.63,E93_Presence
NS195006_1871,NS195006,1871,88863244.17,E93_Presence
NS200022_1871,NS200022,1871,130031499.93,E93_Presence
NS200021_1871,NS200021,1871,229793235.76,E93_Presence
NS200018_1871,NS200018,1871,307395678.85,E93_Presence
NS200004_1871,NS200004,1871,78908188.09,E93_Presence
NS200005_1871,NS200005,1871,94048928.75,E93_Presence
NS200019_1871,NS200019,1871,275312619.25,E93_Presence
NS200009_1871,NS200009,1871,66553963.1,E93_Presence
NS200008_1871,NS200008,1871,82561767.95,E93_Presence
NS200013_1871,NS200013,1871,333189481.84,E93_Presence
NS200016_1871,NS200016,1871,91263756.35,E93_Presence
NS200017_1871,NS200017,1871,145572759.14,E93_Presence
NS200020_1871,NS200020,1871,172448718.65,E93_Presence
NS200012_1871,NS200012,1871,73589068.18,E93_Presence
NS200010_1871,NS200010,1871,87555685.06,E93_Presence
NS200001_1871,NS200001,1871,176440919.16,E93_Presence
NS200011_1871,NS200011,1871,75860728.33,E93_Presence
NS200006_1871,NS200006,1871,93009889.74,E93_Presence
NS200003_1871,NS200003,1871,95045803.56,E93_Presence
NS200002_1871,NS200002,1871,144367887.02,E93_Presence
NS206012_1871,NS206012,1871,30555492.57,E93_Presence
NS206013_1871,NS206013,1871,50718159.11,E93_Presence
NS206007_1871,NS206007,1871,123618370.18,E93_Presence
NS206010_1871,NS206010,1871,58364078.3,E93_Presence
NS206001_1871,NS206001,1871,158370149.47,E93_Presence
NS206004_1871,NS206004,1871,159806695.47,E93_Presence
NS206008_1871,NS206008,1871,233260352.71,E93_Presence
NS206002_1871,NS206002,1871,115088570.97,E93_Presence
NS206003_1871,NS206003,1871,108579336.25,E93_Presence
NS206009_1871,NS206009,1871,72630723.07,E93_Presence
NS206005_1871,NS206005,1871,152784798.08,E93_Presence
NS206006_1871,NS206006,1871,110428603.16,E93_Presence
NS193003_1871,NS193003,1871,110075792.63,E93_Presence
NS194007_1871,NS194007,1871,301038136.28,E93_Presence
NS194003_1871,NS194003,1871,70113799.94,E93_Presence
NS194006_1871,NS194006,1871,241706912.77,E93_Presence
NS193002_1871,NS193002,1871,49496550.66,E93_Presence
NS194005_1871,NS194005,1871,189119933.27,E93_Presence
NS193007_1871,NS193007,1871,208824009.93,E93_Presence
NS193005_1871,NS193005,1871,598211006.56,E93_Presence
NS193004_1871,NS193004,1871,333204642.73,E93_Presence
NS194004_1871,NS194004,1871,213922454.35,E93_Presence
NS194001_1871,NS194001,1871,171976219.73,E93_Presence
NS193008_1871,NS193008,1871,187207323.14,E93_Presence
NS193001_1871,NS193001,1871,131566135.49,E93_Presence
NS194002_1871,NS194002,1871,286668685.71,E93_Presence
NS193006_1871,NS193006,1871,131372580.63,E93_Presence
NS192009_1871,NS192009,1871,172304128.15,E93_Presence
NS192005_1871,NS192005,1871,219391593.35,E93_Presence
NS192007_1871,NS192007,1871,81585881.12,E93_Presence
NS192006_1871,NS192006,1871,117417328.92,E93_Presence
NS192004_1871,NS192004,1871,213099507.23,E93_Presence
NS192010_1871,NS192010,1871,211193235.4,E93_Presence
NS192008_1871,NS192008,1871,204819050.56,E93_Presence
NS192001_1871,NS192001,1871,110354577.38,E93_Presence
NS190999_1871,NS190999,1871,570134695.55,E93_Presence
NS204999_1871,NS204999,1871,1402260956.13,E93_Presence
NS191999_1871,NS191999,1871,1069073384.81,E93_Presence
NS202999_1871,NS202999,1871,866746664.46,E93_Presence
NS188999_1871,NS188999,1871,487128569.42,E93_Presence
NS203999_1871,NS203999,1871,798680526.72,E93_Presence
NS200999_1871,NS200999,1871,39991690.5,E93_Presence
NS193999_1871,NS193999,1871,2448219655.71,E93_Presence
NS189004_1871,NS189004,1871,39579783.88,E93_Presence
NS189009_1871,NS189009,1871,108025580.24,E93_Presence
NS189007_1871,NS189007,1871,129873853.61,E93_Presence
NS189013_1871,NS189013,1871,197898586.18,E93_Presence
NS189002_1871,NS189002,1871,174756477.5,E93_Presence
NS189003_1871,NS189003,1871,82349196.65,E93_Presence
NS198012_1871,NS198012,1871,553031245.43,E93_Presence
NS200014_1871,NS200014,1871,24210928.91,E93_Presence
NS189006_1871,NS189006,1871,176891130.97,E93_Presence
NS204005_1871,NS204005,1871,102510911.88,E93_Presence
NS197003_1871,NS197003,1871,83640067.72,E93_Presence
NS196020_1871,NS196020,1871,37827409.66,E93_Presence
NS206011_1871,NS206011,1871,33536036.66,E93_Presence
NS188005_1871,NS188005,1871,290250422.47,E93_Presence
NS192002_1871,NS192002,1871,154986522.67,E93_Presence
NS192003_1871,NS192003,1871,23878147.1,E93_Presence
NS205006_1871,NS205006,1871,279255737.94,E93_Presence
NS192999_1871,NS192999,1871,964854120.0,E93_Presence
NS200007_1871,NS200007,1871,72566778.13,E93_Presence
NS203014_1871,NS203014,1871,124551431.28,E93_Presence
NS196003_1871,NS196003,1871,440100.67,E93_Presence
NS196004_1871,NS196004,1871,221250.17,E93_Presence
NS196006_1871,NS196006,1871,1662938.73,E93_Presence
NS200015_1871,NS200015,1871,85607459.73,E93_Presence
NS202005_1871,NS202005,1871,124607803.42,E93_Presence
NS196999_1871,NS196999,1871,175268705.76,E93_Presence
NS197999_1871,NS197999,1871,2124560122.35,E93_Presence
NS198004_1871,NS198004,1871,195441505.29,E93_Presence
PE003006_1871,PE003006,1871,83052826.56,E93_Presence
PE003007_1871,PE003007,1871,87676214.76,E93_Presence
PE003008_1871,PE003008,1871,84389518.24,E93_Presence
PE003009_1871,PE003009,1871,79340916.24,E93_Presence
PE003010_1871,PE003010,1871,96899963.67,E93_Presence
PE003001_1871,PE003001,1871,74945330.68,E93_Presence
PE003002_1871,PE003002,1871,78152967.01,E93_Presence
PE003003_1871,PE003003,1871,79201294.41,E93_Presence
PE003004_1871,PE003004,1871,85815712.72,E93_Presence
PE003005_1871,PE003005,1871,95173469.67,E93_Presence
PE003012_1871,PE003012,1871,72820754.52,E93_Presence
PE003013_1871,PE003013,1871,85755900.44,E93_Presence
PE003014_1871,PE003014,1871,77991893.91,E93_Presence
PE003015_1871,PE003015,1871,81007991.24,E93_Presence
PE003016_1871,PE003016,1871,93977922.15,E93_Presence
PE003011_1871,PE003011,1871,86916478.97,E93_Presence
PE003017_1871,PE003017,1871,83631435.87,E93_Presence
PE003018_1871,PE003018,1871,90376232.2,E93_Presence
PE003019_1871,PE003019,1871,104639033.9,E93_Presence
PE003020_1871,PE003020,1871,97239184.98,E93_Presence
PE003021_1871,PE003021,1871,24369014.91,E93_Presence
PE003022_1871,PE003022,1871,18112750.4,E93_Presence
PE001001_1871,PE001001,1871,117290823.23,E93_Presence
PE001002_1871,PE001002,1871,93735087.5,E93_Presence
PE001003_1871,PE001003,1871,90173736.03,E93_Presence
PE001004_1871,PE001004,1871,113214314.36,E93_Presence
PE001005_1871,PE001005,1871,84843831.4,E93_Presence
PE001006_1871,PE001006,1871,73512696.22,E93_Presence
PE001007_1871,PE001007,1871,83901460.51,E93_Presence
PE001008_1871,PE001008,1871,93584856.72,E93_Presence
PE001009_1871,PE001009,1871,81611340.77,E93_Presence
PE001010_1871,PE001010,1871,75421502.16,E93_Presence
PE001011_1871,PE001011,1871,96933871.16,E93_Presence
PE001012_1871,PE001012,1871,92550853.41,E93_Presence
PE001013_1871,PE001013,1871,92419582.77,E93_Presence
PE001014_1871,PE001014,1871,90338945.63,E93_Presence
PE001015_1871,PE001015,1871,110729239.22,E93_Presence
PE001016_1871,PE001016,1871,88907168.61,E93_Presence
PE001024_1871,PE001024,1871,92341848.97,E93_Presence
PE001019_1871,PE001019,1871,78822559.74,E93_Presence
PE001020_1871,PE001020,1871,76804853.29,E93_Presence
PE001021_1871,PE001021,1871,104192323.33,E93_Presence
PE001022_1871,PE001022,1871,90004510.25,E93_Presence
PE001023_1871,PE001023,1871,91362766.22,E93_Presence
PE001025_1871,PE001025,1871,3264409.07,E93_Presence
PE002001_1871,PE002001,1871,113623429.49,E93_Presence
PE002002_1871,PE002002,1871,86906482.94,E93_Presence
PE002003_1871,PE002003,1871,91803997.6,E93_Presence
PE002007_1871,PE002007,1871,93124147.16,E93_Presence
PE002008_1871,PE002008,1871,92675754.53,E93_Presence
PE002004_1871,PE002004,1871,93413210.09,E93_Presence
PE002005_1871,PE002005,1871,89962468.95,E93_Presence
PE002009_1871,PE002009,1871,110276833.73,E93_Presence
PE002010_1871,PE002010,1871,79898733.7,E93_Presence
PE002012_1871,PE002012,1871,93664244.44,E93_Presence
PE002013_1871,PE002013,1871,100276504.09,E93_Presence
PE002014_1871,PE002014,1871,81271661.16,E93_Presence
PE002015_1871,PE002015,1871,89772008.79,E93_Presence
PE002016_1871,PE002016,1871,98661121.25,E93_Presence
PE002017_1871,PE002017,1871,98124198.67,E93_Presence
PE002018_1871,PE002018,1871,99827807.91,E93_Presence
PE002019_1871,PE002019,1871,88309399.5,E93_Presence
PE002020_1871,PE002020,1871,105304391.86,E93_Presence
PE002021_1871,PE002021,1871,79711675.71,E93_Presence
PE002022_1871,PE002022,1871,87141257.38,E93_Presence
PE002023_1871,PE002023,1871,89219852.83,E93_Presence
PE002011_1871,PE002011,1871,74028967.29,E93_Presence
PE002006_1871,PE002006,1871,69269665.32,E93_Presence
PE002024_1871,PE002024,1871,33527008.05,E93_Presence
PE001018_1871,PE001018,1871,19244459.31,E93_Presence
PE001017_1871,PE001017,1871,88465397.85,E93_Presence
NL998999_1871,NL998999,1871,111661003634.19,E93_Presence
QC096002_1871,QC096002,1871,641192705.67,E93_Presence
QC096003_1871,QC096003,1871,275073413.6,E93_Presence
QC096007_1871,QC096007,1871,100286391.56,E93_Presence
QC096001_1871,QC096001,1871,337653420.95,E93_Presence
QC096009_1871,QC096009,1871,214335013.47,E93_Presence
QC096008_1871,QC096008,1871,64973889.57,E93_Presence
QC096005_1871,QC096005,1871,92197761.73,E93_Presence
QC096006_1871,QC096006,1871,127834343.46,E93_Presence
QC096004_1871,QC096004,1871,671567050.72,E93_Presence
QC122010_1871,QC122010,1871,134780490.07,E93_Presence
QC122002_1871,QC122002,1871,71287344.69,E93_Presence
QC122008_1871,QC122008,1871,81176405.32,E93_Presence
QC122006_1871,QC122006,1871,75502054.51,E93_Presence
QC122007_1871,QC122007,1871,74255886.95,E93_Presence
QC122001_1871,QC122001,1871,113620340.36,E93_Presence
QC122003_1871,QC122003,1871,57534041.39,E93_Presence
QC122004_1871,QC122004,1871,71857395.81,E93_Presence
QC122009_1871,QC122009,1871,96084075.01,E93_Presence
QC122011_1871,QC122011,1871,5423024.61,E93_Presence
QC157008_1871,QC157008,1871,725281769.94,E93_Presence
QC158001_1871,QC158001,1871,113711889.16,E93_Presence
QC157003_1871,QC157003,1871,154828739.79,E93_Presence
QC157005_1871,QC157005,1871,692165085.37,E93_Presence
QC158005_1871,QC158005,1871,306230886.92,E93_Presence
QC158003_1871,QC158003,1871,114597113.18,E93_Presence
QC158006_1871,QC158006,1871,232644346.16,E93_Presence
QC157004_1871,QC157004,1871,294369877.35,E93_Presence
QC158004_1871,QC158004,1871,235567834.53,E93_Presence
QC158002_1871,QC158002,1871,170461699.01,E93_Presence
QC157001_1871,QC157001,1871,215880558.25,E93_Presence
QC157007_1871,QC157007,1871,275847442.0,E93_Presence
QC157002_1871,QC157002,1871,146594516.41,E93_Presence
QC157006_1871,QC157006,1871,260016301.44,E93_Presence
QC111006_1871,QC111006,1871,53466453.16,E93_Presence
QC111001_1871,QC111001,1871,77152010.75,E93_Presence
QC111003_1871,QC111003,1871,42422989.16,E93_Presence
QC111005_1871,QC111005,1871,94201460.06,E93_Presence
QC111007_1871,QC111007,1871,51585794.06,E93_Presence
QC111004_1871,QC111004,1871,73297958.98,E93_Presence
QC111002_1871,QC111002,1871,1863931.18,E93_Presence
QC162002_1871,QC162002,1871,95855225.46,E93_Presence
QC162003_1871,QC162003,1871,285542014.16,E93_Presence
QC161002_1871,QC161002,1871,105738444.32,E93_Presence
QC161001_1871,QC161001,1871,44782367.67,E93_Presence
QC161003_1871,QC161003,1871,101818100.97,E93_Presence
QC162001_1871,QC162001,1871,232840011.82,E93_Presence
QC162004_1871,QC162004,1871,632270242.34,E93_Presence
QC161004_1871,QC161004,1871,68622733.45,E93_Presence
QC161005_1871,QC161005,1871,141248797.72,E93_Presence
QC161006_1871,QC161006,1871,47069538.75,E93_Presence
QC103002_1871,QC103002,1871,109615786.3,E93_Presence
QC103001_1871,QC103001,1871,69940961.49,E93_Presence
QC103006_1871,QC103006,1871,107897360.58,E93_Presence
QC103007_1871,QC103007,1871,135907257.01,E93_Presence
QC103008_1871,QC103008,1871,76948806.09,E93_Presence
QC103004_1871,QC103004,1871,1134664.72,E93_Presence
QC169007_1871,QC169007,1871,165090825.15,E93_Presence
QC169004_1871,QC169004,1871,356423093.8,E93_Presence
QC169002_1871,QC169002,1871,272019256.68,E93_Presence
QC169006_1871,QC169006,1871,192973663.18,E93_Presence
QC169011_1871,QC169011,1871,310543591.71,E93_Presence
QC169003_1871,QC169003,1871,333685482.92,E93_Presence
QC169005_1871,QC169005,1871,295356304.3,E93_Presence
QC169008_1871,QC169008,1871,415771120.22,E93_Presence
QC169001_1871,QC169001,1871,321395008.46,E93_Presence
QC169010_1871,QC169010,1871,306837033.16,E93_Presence
QC126005_1871,QC126005,1871,338458762.34,E93_Presence
QC126002_1871,QC126002,1871,275422822.33,E93_Presence
QC126001_1871,QC126001,1871,151141526.84,E93_Presence
QC126004_1871,QC126004,1871,273594049.34,E93_Presence
QC126003_1871,QC126003,1871,284426975.14,E93_Presence
QC118009_1871,QC118009,1871,76713053.58,E93_Presence
QC118002_1871,QC118002,1871,51492594.63,E93_Presence
QC118008_1871,QC118008,1871,66154801.77,E93_Presence
QC118004_1871,QC118004,1871,61245980.09,E93_Presence
QC119004_1871,QC119004,1871,74057442.38,E93_Presence
QC119007_1871,QC119007,1871,61599804.25,E93_Presence
QC119008_1871,QC119008,1871,67534865.47,E93_Presence
QC119003_1871,QC119003,1871,73327436.87,E93_Presence
QC119005_1871,QC119005,1871,73223290.06,E93_Presence
QC119006_1871,QC119006,1871,108240966.16,E93_Presence
QC118003_1871,QC118003,1871,3423872.76,E93_Presence
QC118001_1871,QC118001,1871,7049015.52,E93_Presence
QC118010_1871,QC118010,1871,853032.42,E93_Presence
QC118007_1871,QC118007,1871,3413982.73,E93_Presence
QC132001_1871,QC132001,1871,136242257.05,E93_Presence
QC132003_1871,QC132003,1871,59658042.0,E93_Presence
QC133001_1871,QC133001,1871,155943289.35,E93_Presence
QC132007_1871,QC132007,1871,97991676.93,E93_Presence
QC132005_1871,QC132005,1871,44473542.73,E93_Presence
QC132006_1871,QC132006,1871,104301899.87,E93_Presence
QC132004_1871,QC132004,1871,55407984.48,E93_Presence
QC132002_1871,QC132002,1871,160953142.38,E93_Presence
QC133002_1871,QC133002,1871,104451028.57,E93_Presence
QC132008_1871,QC132008,1871,112499341.03,E93_Presence
QC149003_1871,QC149003,1871,568206577.0,E93_Presence
QC149002_1871,QC149002,1871,37923716.24,E93_Presence
QC149005_1871,QC149005,1871,173853360.1,E93_Presence
QC149009_1871,QC149009,1871,204384179.53,E93_Presence
QC149001_1871,QC149001,1871,138082221.88,E93_Presence
QC149008_1871,QC149008,1871,225599557.33,E93_Presence
QC149010_1871,QC149010,1871,247485904.64,E93_Presence
QC149006_1871,QC149006,1871,95208401.67,E93_Presence
QC149007_1871,QC149007,1871,49814666.73,E93_Presence
QC149011_1871,QC149011,1871,221432264.14,E93_Presence
QC149004_1871,QC149004,1871,348411986.88,E93_Presence
QC112006_1871,QC112006,1871,38889076.21,E93_Presence
QC112005_1871,QC112005,1871,224391144.73,E93_Presence
QC112001_1871,QC112001,1871,47388034.14,E93_Presence
QC112007_1871,QC112007,1871,187894323.05,E93_Presence
QC112003_1871,QC112003,1871,92231066.3,E93_Presence
QC112002_1871,QC112002,1871,47585185.13,E93_Presence
QC112004_1871,QC112004,1871,54792275.51,E93_Presence
QC150003_1871,QC150003,1871,133924267.3,E93_Presence
QC150004_1871,QC150004,1871,142251803.01,E93_Presence
QC150008_1871,QC150008,1871,1192018892.53,E93_Presence
QC150006_1871,QC150006,1871,247616780.68,E93_Presence
QC150009_1871,QC150009,1871,1542317533.93,E93_Presence
QC150007_1871,QC150007,1871,176361599.85,E93_Presence
QC150005_1871,QC150005,1871,5428058.76,E93_Presence
QC150011_1871,QC150011,1871,803726432.89,E93_Presence
QC151002_1871,QC151002,1871,1681109788.22,E93_Presence
QC152007_1871,QC152007,1871,904202310.99,E93_Presence
QC152006_1871,QC152006,1871,442378859.89,E93_Presence
QC152008_1871,QC152008,1871,1840401308.35,E93_Presence
QC152004_1871,QC152004,1871,1001390744.35,E93_Presence
QC152002_1871,QC152002,1871,470450618.93,E93_Presence
QC152003_1871,QC152003,1871,614608619.21,E93_Presence
QC142004_1871,QC142004,1871,197670015.0,E93_Presence
QC142008_1871,QC142008,1871,236145503.62,E93_Presence
QC142006_1871,QC142006,1871,853142046.21,E93_Presence
QC142003_1871,QC142003,1871,277520284.49,E93_Presence
QC142002_1871,QC142002,1871,239031917.96,E93_Presence
QC142005_1871,QC142005,1871,277494637.26,E93_Presence
QC142010_1871,QC142010,1871,781300052.01,E93_Presence
QC142001_1871,QC142001,1871,272435846.11,E93_Presence
QC142009_1871,QC142009,1871,284760580.84,E93_Presence
QC142007_1871,QC142007,1871,72381954.04,E93_Presence
QC142011_1871,QC142011,1871,204896941.52,E93_Presence
QC097002_1871,QC097002,1871,85634287.44,E93_Presence
QC097006_1871,QC097006,1871,75022995.25,E93_Presence
QC097007_1871,QC097007,1871,72683909.9,E93_Presence
QC097011_1871,QC097011,1871,57375301.33,E93_Presence
QC097012_1871,QC097012,1871,96858332.15,E93_Presence
QC097004_1871,QC097004,1871,86915697.7,E93_Presence
QC097008_1871,QC097008,1871,50240358.81,E93_Presence
QC097001_1871,QC097001,1871,44381622.66,E93_Presence
QC097009_1871,QC097009,1871,109340189.54,E93_Presence
QC097010_1871,QC097010,1871,947567.34,E93_Presence
QC160001_1871,QC160001,1871,107567497.11,E93_Presence
QC159001_1871,QC159001,1871,114074297.58,E93_Presence
QC160002_1871,QC160002,1871,90947093.83,E93_Presence
QC159005_1871,QC159005,1871,174986189.68,E93_Presence
QC160006_1871,QC160006,1871,166980933.22,E93_Presence
QC159003_1871,QC159003,1871,50443209.8,E93_Presence
QC159002_1871,QC159002,1871,111495411.05,E93_Presence
QC160007_1871,QC160007,1871,387224406.49,E93_Presence
QC160004_1871,QC160004,1871,186524994.8,E93_Presence
QC160003_1871,QC160003,1871,145288497.73,E93_Presence
QC159004_1871,QC159004,1871,88497389.97,E93_Presence
QC159006_1871,QC159006,1871,191028891.55,E93_Presence
QC159007_1871,QC159007,1871,625290029.37,E93_Presence
QC137017_1871,QC137017,1871,141267596.57,E93_Presence
QC137015_1871,QC137015,1871,99226283.79,E93_Presence
QC137014_1871,QC137014,1871,44766021.29,E93_Presence
QC137016_1871,QC137016,1871,115127945.85,E93_Presence
QC136009_1871,QC136009,1871,52744083.66,E93_Presence
QC136008_1871,QC136008,1871,139479443.53,E93_Presence
QC136004_1871,QC136004,1871,121343423.25,E93_Presence
QC136012_1871,QC136012,1871,99435478.27,E93_Presence
QC136010_1871,QC136010,1871,112448515.47,E93_Presence
QC137004_1871,QC137004,1871,99823478.1,E93_Presence
QC137013_1871,QC137013,1871,60691467.32,E93_Presence
QC137001_1871,QC137001,1871,147022972.92,E93_Presence
QC136003_1871,QC136003,1871,199411862.32,E93_Presence
QC137003_1871,QC137003,1871,284649882.42,E93_Presence
QC137007_1871,QC137007,1871,55208566.37,E93_Presence
QC137002_1871,QC137002,1871,250292171.25,E93_Presence
QC137008_1871,QC137008,1871,263330606.87,E93_Presence
QC137018_1871,QC137018,1871,123001080.54,E93_Presence
QC137011_1871,QC137011,1871,102572055.53,E93_Presence
QC136005_1871,QC136005,1871,352861528.8,E93_Presence
QC136007_1871,QC136007,1871,108431907.5,E93_Presence
QC136006_1871,QC136006,1871,144365072.41,E93_Presence
QC137005_1871,QC137005,1871,44674863.92,E93_Presence
QC137006_1871,QC137006,1871,19711258.73,E93_Presence
QC137009_1871,QC137009,1871,2770822.06,E93_Presence
QC137012_1871,QC137012,1871,10875957.05,E93_Presence
QC170001_1871,QC170001,1871,73481733.23,E93_Presence
QC171004_1871,QC171004,1871,80219640.17,E93_Presence
QC171008_1871,QC171008,1871,116154718.15,E93_Presence
QC173002_1871,QC173002,1871,63457020.66,E93_Presence
QC171002_1871,QC171002,1871,346684911.73,E93_Presence
QC171005_1871,QC171005,1871,234960111.27,E93_Presence
QC172004_1871,QC172004,1871,80953317.55,E93_Presence
QC171001_1871,QC171001,1871,228958360.97,E93_Presence
QC173004_1871,QC173004,1871,67533927.43,E93_Presence
QC171003_1871,QC171003,1871,16166120.23,E93_Presence
QC172003_1871,QC172003,1871,135385384.8,E93_Presence
QC172001_1871,QC172001,1871,263251275.69,E93_Presence
QC170003_1871,QC170003,1871,519961183.5,E93_Presence
QC172005_1871,QC172005,1871,458163890.66,E93_Presence
QC172002_1871,QC172002,1871,109737871.08,E93_Presence
QC170002_1871,QC170002,1871,694674530.02,E93_Presence
QC171007_1871,QC171007,1871,142381588.99,E93_Presence
QC170999_1871,QC170999,1871,4497479118.69,E93_Presence
QC107001_1871,QC107001,1871,46462566.52,E93_Presence
QC114004_1871,QC114004,1871,96051140.37,E93_Presence
QC113005_1871,QC113005,1871,72417339.82,E93_Presence
QC113003_1871,QC113003,1871,78413320.79,E93_Presence
QC114001_1871,QC114001,1871,144023357.0,E93_Presence
QC113002_1871,QC113002,1871,92187626.22,E93_Presence
QC113001_1871,QC113001,1871,164077014.79,E93_Presence
QC113004_1871,QC113004,1871,155393873.86,E93_Presence
QC114003_1871,QC114003,1871,182249718.23,E93_Presence
QC114002_1871,QC114002,1871,2653536.61,E93_Presence
QC108001_1871,QC108001,1871,37069486.99,E93_Presence
QC108006_1871,QC108006,1871,24841563.11,E93_Presence
QC108007_1871,QC108007,1871,43341475.16,E93_Presence
QC108004_1871,QC108004,1871,46606231.24,E93_Presence
QC108003_1871,QC108003,1871,78258462.11,E93_Presence
QC108009_1871,QC108009,1871,23505705.61,E93_Presence
QC107002_1871,QC107002,1871,11223086.07,E93_Presence
QC108008_1871,QC108008,1871,879545.01,E93_Presence
QC102005_1871,QC102005,1871,107863289.78,E93_Presence
QC102004_1871,QC102004,1871,107842862.96,E93_Presence
QC102012_1871,QC102012,1871,86367653.96,E93_Presence
QC102002_1871,QC102002,1871,53505179.6,E93_Presence
QC102006_1871,QC102006,1871,327648613.55,E93_Presence
QC102008_1871,QC102008,1871,136011291.99,E93_Presence
QC102013_1871,QC102013,1871,263443652.95,E93_Presence
QC102009_1871,QC102009,1871,94274135.61,E93_Presence
QC102011_1871,QC102011,1871,115930183.64,E93_Presence
QC102010_1871,QC102010,1871,79124868.66,E93_Presence
QC102001_1871,QC102001,1871,85037381.84,E93_Presence
QC102007_1871,QC102007,1871,86754267.95,E93_Presence
QC102003_1871,QC102003,1871,5591185.27,E93_Presence
QC165007_1871,QC165007,1871,97374756.84,E93_Presence
QC165003_1871,QC165003,1871,61009709.91,E93_Presence
QC165014_1871,QC165014,1871,339432711.53,E93_Presence
QC165001_1871,QC165001,1871,76473381.83,E93_Presence
QC165005_1871,QC165005,1871,34075646.5,E93_Presence
QC165013_1871,QC165013,1871,529829379.96,E93_Presence
QC165008_1871,QC165008,1871,57614916.6,E93_Presence
QC165002_1871,QC165002,1871,596130711.35,E93_Presence
QC165004_1871,QC165004,1871,98468728.77,E93_Presence
QC165011_1871,QC165011,1871,523016156.16,E93_Presence
QC165006_1871,QC165006,1871,33831243.62,E93_Presence
QC094007_1871,QC094007,1871,251698878.15,E93_Presence
QC094001_1871,QC094001,1871,223789092.26,E93_Presence
QC095010_1871,QC095010,1871,1059411751.75,E93_Presence
QC094009_1871,QC094009,1871,1195879273.26,E93_Presence
QC095008_1871,QC095008,1871,373855992.09,E93_Presence
QC094003_1871,QC094003,1871,76117643.15,E93_Presence
QC094999_1871,QC094999,1871,14500878594.85,E93_Presence
QC095003_1871,QC095003,1871,200111766.16,E93_Presence
QC095005_1871,QC095005,1871,335706029.8,E93_Presence
QC094004_1871,QC094004,1871,271226662.35,E93_Presence
QC095007_1871,QC095007,1871,163415133.92,E93_Presence
QC095006_1871,QC095006,1871,225386701.29,E93_Presence
QC095004_1871,QC095004,1871,113937529.12,E93_Presence
QC095002_1871,QC095002,1871,78067785.49,E93_Presence
QC094002_1871,QC094002,1871,4254873.9,E93_Presence
QC115001_1871,QC115001,1871,102327244.27,E93_Presence
QC115007_1871,QC115007,1871,52502588.28,E93_Presence
QC115005_1871,QC115005,1871,78560771.76,E93_Presence
QC115006_1871,QC115006,1871,53640258.18,E93_Presence
QC115004_1871,QC115004,1871,69667295.98,E93_Presence
QC115003_1871,QC115003,1871,93339774.41,E93_Presence
QC115002_1871,QC115002,1871,5331261.4,E93_Presence
QC116006_1871,QC116006,1871,117044951.95,E93_Presence
QC116004_1871,QC116004,1871,52678846.33,E93_Presence
QC116003_1871,QC116003,1871,61936596.12,E93_Presence
QC116005_1871,QC116005,1871,100510746.31,E93_Presence
QC116001_1871,QC116001,1871,80435484.3,E93_Presence
QC116002_1871,QC116002,1871,955572.6,E93_Presence
QC100008_1871,QC100008,1871,100448603.98,E93_Presence
QC100010_1871,QC100010,1871,58617942.55,E93_Presence
QC100006_1871,QC100006,1871,23611678.14,E93_Presence
QC100002_1871,QC100002,1871,129456311.64,E93_Presence
QC100003_1871,QC100003,1871,126426867.85,E93_Presence
QC100004_1871,QC100004,1871,109995531.66,E93_Presence
QC100007_1871,QC100007,1871,37350112.33,E93_Presence
QC100009_1871,QC100009,1871,1207111.53,E93_Presence
QC107007_1871,QC107007,1871,29609017.11,E93_Presence
QC107008_1871,QC107008,1871,26357666.78,E93_Presence
QC098001_1871,QC098001,1871,25073664.87,E93_Presence
QC098006_1871,QC098006,1871,36753095.98,E93_Presence
QC098002_1871,QC098002,1871,67947047.59,E93_Presence
QC098005_1871,QC098005,1871,59384131.15,E93_Presence
QC107006_1871,QC107006,1871,36074928.39,E93_Presence
QC107009_1871,QC107009,1871,51485174.08,E93_Presence
QC098003_1871,QC098003,1871,2253750.66,E93_Presence
QC154005_1871,QC154005,1871,100297240.28,E93_Presence
QC154001_1871,QC154001,1871,139225745.87,E93_Presence
QC154002_1871,QC154002,1871,102193735.34,E93_Presence
QC153007_1871,QC153007,1871,85607934.55,E93_Presence
QC154006_1871,QC154006,1871,113720986.11,E93_Presence
QC154004_1871,QC154004,1871,97741917.44,E93_Presence
QC154003_1871,QC154003,1871,14814639.18,E93_Presence
QC153004_1871,QC153004,1871,980910.82,E93_Presence
QC164001_1871,QC164001,1871,123962694.28,E93_Presence
QC164003_1871,QC164003,1871,270087264.94,E93_Presence
QC164005_1871,QC164005,1871,539774434.96,E93_Presence
QC164002_1871,QC164002,1871,71273725.72,E93_Presence
QC164006_1871,QC164006,1871,338348822.28,E93_Presence
QC164007_1871,QC164007,1871,724845382.49,E93_Presence
QC164004_1871,QC164004,1871,65887438.28,E93_Presence
QC155009_1871,QC155009,1871,72617967.5,E93_Presence
QC155010_1871,QC155010,1871,108860094.13,E93_Presence
QC155007_1871,QC155007,1871,79909933.75,E93_Presence
QC155008_1871,QC155008,1871,94844129.37,E93_Presence
QC155005_1871,QC155005,1871,99102503.38,E93_Presence
QC155004_1871,QC155004,1871,214067545.99,E93_Presence
QC155006_1871,QC155006,1871,121592337.31,E93_Presence
QC155011_1871,QC155011,1871,251079419.29,E93_Presence
QC155001_1871,QC155001,1871,342320287.19,E93_Presence
QC155003_1871,QC155003,1871,95225979.85,E93_Presence
QC155012_1871,QC155012,1871,244136607.28,E93_Presence
QC155002_1871,QC155002,1871,246129207.27,E93_Presence
QC107005_1871,QC107005,1871,9756770.61,E93_Presence
QC107010_1871,QC107010,1871,9493317.65,E93_Presence
QC128008_1871,QC128008,1871,199304079.76,E93_Presence
QC128002_1871,QC128002,1871,75775383.85,E93_Presence
QC128999_1871,QC128999,1871,1111249377.02,E93_Presence
QC128006_1871,QC128006,1871,179092608.09,E93_Presence
QC128001_1871,QC128001,1871,68323611.68,E93_Presence
QC128003_1871,QC128003,1871,87094746.58,E93_Presence
QC128005_1871,QC128005,1871,95639833.68,E93_Presence
QC128007_1871,QC128007,1871,49496206.46,E93_Presence
QC128004_1871,QC128004,1871,102593825.6,E93_Presence
QC156001_1871,QC156001,1871,119050671.98,E93_Presence
QC156002_1871,QC156002,1871,157873777.66,E93_Presence
QC156005_1871,QC156005,1871,279068187.34,E93_Presence
QC156007_1871,QC156007,1871,417814598.47,E93_Presence
QC156008_1871,QC156008,1871,265570224.53,E93_Presence
QC156006_1871,QC156006,1871,237886860.73,E93_Presence
QC156003_1871,QC156003,1871,109940760.74,E93_Presence
QC156004_1871,QC156004,1871,144250060.07,E93_Presence
QC156009_1871,QC156009,1871,264183217.85,E93_Presence
QC156010_1871,QC156010,1871,3986898.0,E93_Presence
QC125007_1871,QC125007,1871,248495109.95,E93_Presence
QC125005_1871,QC125005,1871,126527517.64,E93_Presence
QC125003_1871,QC125003,1871,85845942.97,E93_Presence
QC125002_1871,QC125002,1871,83173773.7,E93_Presence
QC125001_1871,QC125001,1871,46326900.92,E93_Presence
QC125009_1871,QC125009,1871,253243058.49,E93_Presence
QC125008_1871,QC125008,1871,2416581.87,E93_Presence
QC125006_1871,QC125006,1871,1813287.0,E93_Presence
QC125004_1871,QC125004,1871,3137946.06,E93_Presence
QC101003_1871,QC101003,1871,44475543.9,E93_Presence
QC101007_1871,QC101007,1871,180326130.1,E93_Presence
QC101004_1871,QC101004,1871,63754753.42,E93_Presence
QC101001_1871,QC101001,1871,114446359.85,E93_Presence
QC101005_1871,QC101005,1871,95185731.39,E93_Presence
QC101002_1871,QC101002,1871,59165395.4,E93_Presence
QC101006_1871,QC101006,1871,191754276.02,E93_Presence
QC101008_1871,QC101008,1871,265971209.94,E93_Presence
QC163004_1871,QC163004,1871,702899259.9,E93_Presence
QC163001_1871,QC163001,1871,27226285.93,E93_Presence
QC163007_1871,QC163007,1871,643670617.49,E93_Presence
QC163005_1871,QC163005,1871,68687636.21,E93_Presence
QC163006_1871,QC163006,1871,82616429.93,E93_Presence
QC163002_1871,QC163002,1871,126708050.83,E93_Presence
QC163003_1871,QC163003,1871,2638519.21,E93_Presence
QC148008_1871,QC148008,1871,233826046.62,E93_Presence
QC148006_1871,QC148006,1871,75772461.76,E93_Presence
QC148007_1871,QC148007,1871,218280671.37,E93_Presence
QC148004_1871,QC148004,1871,49306729.82,E93_Presence
QC148011_1871,QC148011,1871,85747099.82,E93_Presence
QC148005_1871,QC148005,1871,29721663.56,E93_Presence
QC148003_1871,QC148003,1871,44254920.29,E93_Presence
QC148010_1871,QC148010,1871,46446674.55,E93_Presence
QC148001_1871,QC148001,1871,36310037.5,E93_Presence
QC148012_1871,QC148012,1871,132653965.31,E93_Presence
QC148002_1871,QC148002,1871,36508025.52,E93_Presence
QC104002_1871,QC104002,1871,201358.83,E93_Presence
QC106001_1871,QC106001,1871,3115594.18,E93_Presence
QC104001_1871,QC104001,1871,253227.23,E93_Presence
QC106002_1871,QC106002,1871,4922916.57,E93_Presence
QC104003_1871,QC104003,1871,313512.7,E93_Presence
QC105002_1871,QC105002,1871,1643911.67,E93_Presence
QC106003_1871,QC106003,1871,1292497.89,E93_Presence
QC105001_1871,QC105001,1871,1041076.48,E93_Presence
QC105003_1871,QC105003,1871,2984944.49,E93_Presence
QC135005_1871,QC135005,1871,94387620.77,E93_Presence
QC135007_1871,QC135007,1871,185657356.69,E93_Presence
QC135001_1871,QC135001,1871,100723139.51,E93_Presence
QC135004_1871,QC135004,1871,28463800.28,E93_Presence
QC135013_1871,QC135013,1871,76496622.6,E93_Presence
QC135009_1871,QC135009,1871,85577453.41,E93_Presence
QC135015_1871,QC135015,1871,107582839.78,E93_Presence
QC135006_1871,QC135006,1871,234687793.66,E93_Presence
QC135002_1871,QC135002,1871,118895708.04,E93_Presence
QC135014_1871,QC135014,1871,76422510.81,E93_Presence
QC135011_1871,QC135011,1871,115362382.93,E93_Presence
QC135012_1871,QC135012,1871,73430948.53,E93_Presence
QC135008_1871,QC135008,1871,204155247.41,E93_Presence
QC135010_1871,QC135010,1871,101942583.52,E93_Presence
QC092007_1871,QC092007,1871,643026600.45,E93_Presence
QC091001_1871,QC091001,1871,478323755.5,E93_Presence
QC091011_1871,QC091011,1871,192244989.12,E93_Presence
QC093008_1871,QC093008,1871,685754548.16,E93_Presence
QC091002_1871,QC091002,1871,213914027.98,E93_Presence
QC091008_1871,QC091008,1871,132533243.24,E93_Presence
QC091012_1871,QC091012,1871,237698596.62,E93_Presence
QC091009_1871,QC091009,1871,286878911.92,E93_Presence
QC091004_1871,QC091004,1871,185525830.2,E93_Presence
QC092004_1871,QC092004,1871,242149664.33,E93_Presence
QC092999_1871,QC092999,1871,43848762886.31,E93_Presence
QC091006_1871,QC091006,1871,202725888.58,E93_Presence
QC091007_1871,QC091007,1871,21061246.83,E93_Presence
QC143006_1871,QC143006,1871,69599451.48,E93_Presence
QC143003_1871,QC143003,1871,89553747.08,E93_Presence
QC143007_1871,QC143007,1871,18440468.78,E93_Presence
QC143001_1871,QC143001,1871,71215035.06,E93_Presence
QC143010_1871,QC143010,1871,75568359.85,E93_Presence
QC143005_1871,QC143005,1871,130412463.48,E93_Presence
QC143004_1871,QC143004,1871,314549494.88,E93_Presence
QC143012_1871,QC143012,1871,90921020.47,E93_Presence
QC143008_1871,QC143008,1871,118865327.89,E93_Presence
QC143002_1871,QC143002,1871,261633851.5,E93_Presence
QC143013_1871,QC143013,1871,267837759.48,E93_Presence
QC143011_1871,QC143011,1871,109769619.16,E93_Presence
QC143009_1871,QC143009,1871,916850093.52,E93_Presence
QC146005_1871,QC146005,1871,2398513.89,E93_Presence
QC146004_1871,QC146004,1871,302331.65,E93_Presence
QC146001_1871,QC146001,1871,209796.82,E93_Presence
QC146002_1871,QC146002,1871,361848.17,E93_Presence
QC146003_1871,QC146003,1871,483967.61,E93_Presence
QC147002_1871,QC147002,1871,377000.57,E93_Presence
QC147001_1871,QC147001,1871,957517.22,E93_Presence
QC145004_1871,QC145004,1871,722933.94,E93_Presence
QC145002_1871,QC145002,1871,322565.45,E93_Presence
QC145003_1871,QC145003,1871,1222182.3,E93_Presence
QC145001_1871,QC145001,1871,411279.31,E93_Presence
QC144003_1871,QC144003,1871,85518574.89,E93_Presence
QC144005_1871,QC144005,1871,97876931.3,E93_Presence
QC144004_1871,QC144004,1871,152219278.16,E93_Presence
QC144001_1871,QC144001,1871,6463044.02,E93_Presence
QC144007_1871,QC144007,1871,64142776.24,E93_Presence
QC144002_1871,QC144002,1871,33322673.72,E93_Presence
QC144010_1871,QC144010,1871,70836555.86,E93_Presence
QC144011_1871,QC144011,1871,379930329.96,E93_Presence
QC120008_1871,QC120008,1871,97257618.26,E93_Presence
QC120009_1871,QC120009,1871,52336588.17,E93_Presence
QC120002_1871,QC120002,1871,72215696.26,E93_Presence
QC120005_1871,QC120005,1871,132059307.06,E93_Presence
QC120007_1871,QC120007,1871,51965538.58,E93_Presence
QC120001_1871,QC120001,1871,34655773.52,E93_Presence
QC120004_1871,QC120004,1871,71007834.22,E93_Presence
QC120003_1871,QC120003,1871,380353.32,E93_Presence
QC138004_1871,QC138004,1871,146530633.73,E93_Presence
QC139007_1871,QC139007,1871,243053331.65,E93_Presence
QC139006_1871,QC139006,1871,448188040.87,E93_Presence
QC139002_1871,QC139002,1871,315273152.37,E93_Presence
QC138002_1871,QC138002,1871,257662392.62,E93_Presence
QC139004_1871,QC139004,1871,80460059.88,E93_Presence
QC139003_1871,QC139003,1871,226755023.53,E93_Presence
QC138009_1871,QC138009,1871,151686505.11,E93_Presence
QC139005_1871,QC139005,1871,115800983.04,E93_Presence
QC138006_1871,QC138006,1871,189187823.84,E93_Presence
QC139008_1871,QC139008,1871,282169227.98,E93_Presence
QC138008_1871,QC138008,1871,191098911.82,E93_Presence
QC139001_1871,QC139001,1871,148007453.99,E93_Presence
QC138005_1871,QC138005,1871,4524385.58,E93_Presence
QC138007_1871,QC138007,1871,2257144.56,E93_Presence
QC138003_1871,QC138003,1871,1845431.58,E93_Presence
QC168005_1871,QC168005,1871,243340940.43,E93_Presence
QC167005_1871,QC167005,1871,291915862.58,E93_Presence
QC167007_1871,QC167007,1871,70906598.56,E93_Presence
QC168002_1871,QC168002,1871,123696845.14,E93_Presence
QC167004_1871,QC167004,1871,138822804.02,E93_Presence
QC167009_1871,QC167009,1871,364712487.8,E93_Presence
QC167003_1871,QC167003,1871,174109025.69,E93_Presence
QC168001_1871,QC168001,1871,91242456.06,E93_Presence
QC167008_1871,QC167008,1871,77935254.57,E93_Presence
QC168004_1871,QC168004,1871,751326685.0,E93_Presence
QC168003_1871,QC168003,1871,147540090.2,E93_Presence
QC167001_1871,QC167001,1871,81318504.21,E93_Presence
QC168006_1871,QC168006,1871,168080826.73,E93_Presence
QC168999_1871,QC168999,1871,6551142396.72,E93_Presence
QC167006_1871,QC167006,1871,3141406.18,E93_Presence
QC123011_1871,QC123011,1871,92622263.43,E93_Presence
QC123001_1871,QC123001,1871,31227902.9,E93_Presence
QC123007_1871,QC123007,1871,43458739.1,E93_Presence
QC123008_1871,QC123008,1871,124798417.21,E93_Presence
QC123003_1871,QC123003,1871,55844190.98,E93_Presence
QC123004_1871,QC123004,1871,77805956.84,E93_Presence
QC123005_1871,QC123005,1871,79166142.37,E93_Presence
QC123002_1871,QC123002,1871,36765113.37,E93_Presence
QC123010_1871,QC123010,1871,76197978.1,E93_Presence
QC123006_1871,QC123006,1871,1199938.04,E93_Presence
QC123012_1871,QC123012,1871,1048412.36,E93_Presence
QC123009_1871,QC123009,1871,1188821.14,E93_Presence
QC121002_1871,QC121002,1871,112713344.19,E93_Presence
QC121007_1871,QC121007,1871,110291690.28,E93_Presence
QC121006_1871,QC121006,1871,59008585.9,E93_Presence
QC121003_1871,QC121003,1871,74315690.04,E93_Presence
QC121001_1871,QC121001,1871,98061056.22,E93_Presence
QC121004_1871,QC121004,1871,99755924.75,E93_Presence
QC121009_1871,QC121009,1871,36364269.65,E93_Presence
QC121005_1871,QC121005,1871,135135488.09,E93_Presence
QC121008_1871,QC121008,1871,4576502.88,E93_Presence
QC124006_1871,QC124006,1871,89684431.04,E93_Presence
QC124002_1871,QC124002,1871,93313013.15,E93_Presence
QC117001_1871,QC117001,1871,168597568.82,E93_Presence
QC124005_1871,QC124005,1871,103243909.45,E93_Presence
QC124001_1871,QC124001,1871,81653144.49,E93_Presence
QC124004_1871,QC124004,1871,78533122.16,E93_Presence
QC117004_1871,QC117004,1871,52897512.18,E93_Presence
QC117006_1871,QC117006,1871,52829224.76,E93_Presence
QC117003_1871,QC117003,1871,94171971.49,E93_Presence
QC124007_1871,QC124007,1871,74950711.76,E93_Presence
QC117002_1871,QC117002,1871,100920550.3,E93_Presence
QC124003_1871,QC124003,1871,3282815.07,E93_Presence
QC117005_1871,QC117005,1871,3858917.86,E93_Presence
QC127011_1871,QC127011,1871,130505057.61,E93_Presence
QC127012_1871,QC127012,1871,133136159.53,E93_Presence
QC127001_1871,QC127001,1871,205372275.55,E93_Presence
QC127003_1871,QC127003,1871,112990992.82,E93_Presence
QC127004_1871,QC127004,1871,114416363.36,E93_Presence
QC127005_1871,QC127005,1871,263313466.55,E93_Presence
QC127010_1871,QC127010,1871,144627771.75,E93_Presence
QC127009_1871,QC127009,1871,131688336.29,E93_Presence
QC127002_1871,QC127002,1871,2904237.55,E93_Presence
QC127006_1871,QC127006,1871,6168266.65,E93_Presence
QC127008_1871,QC127008,1871,5147759.57,E93_Presence
QC140002_1871,QC140002,1871,362035415.05,E93_Presence
QC110003_1871,QC110003,1871,35988848.97,E93_Presence
QC110004_1871,QC110004,1871,52921369.7,E93_Presence
QC110007_1871,QC110007,1871,82711011.25,E93_Presence
QC110002_1871,QC110002,1871,144975049.81,E93_Presence
QC110001_1871,QC110001,1871,46988679.04,E93_Presence
QC141007_1871,QC141007,1871,167436307.08,E93_Presence
QC141005_1871,QC141005,1871,272489945.87,E93_Presence
QC141004_1871,QC141004,1871,225368063.94,E93_Presence
QC141003_1871,QC141003,1871,153013015.69,E93_Presence
QC141001_1871,QC141001,1871,330699654.67,E93_Presence
QC141006_1871,QC141006,1871,11618086.68,E93_Presence
QC141002_1871,QC141002,1871,7374327.95,E93_Presence
QC166004_1871,QC166004,1871,53565749.83,E93_Presence
QC166006_1871,QC166006,1871,131231108.77,E93_Presence
QC166015_1871,QC166015,1871,571674136.29,E93_Presence
QC166001_1871,QC166001,1871,29410997.43,E93_Presence
QC166002_1871,QC166002,1871,73522642.96,E93_Presence
QC166009_1871,QC166009,1871,94444323.37,E93_Presence
QC166011_1871,QC166011,1871,71523814.73,E93_Presence
QC166007_1871,QC166007,1871,53356090.97,E93_Presence
QC166012_1871,QC166012,1871,324445680.74,E93_Presence
QC166013_1871,QC166013,1871,230474442.59,E93_Presence
QC166008_1871,QC166008,1871,186474086.27,E93_Presence
QC166005_1871,QC166005,1871,7189017.51,E93_Presence
QC099013_1871,QC099013,1871,150856616.39,E93_Presence
QC099014_1871,QC099014,1871,172085252.09,E93_Presence
QC099006_1871,QC099006,1871,104243900.3,E93_Presence
QC099012_1871,QC099012,1871,137566987.22,E93_Presence
QC099005_1871,QC099005,1871,50304444.13,E93_Presence
QC099009_1871,QC099009,1871,151757692.12,E93_Presence
QC099001_1871,QC099001,1871,78161218.56,E93_Presence
QC099015_1871,QC099015,1871,522098919.6,E93_Presence
QC099011_1871,QC099011,1871,99344663.71,E93_Presence
QC099007_1871,QC099007,1871,114550798.34,E93_Presence
QC099003_1871,QC099003,1871,133109811.57,E93_Presence
QC099002_1871,QC099002,1871,1815242.81,E93_Presence
QC099008_1871,QC099008,1871,426341.5,E93_Presence
QC129001_1871,QC129001,1871,64293782.44,E93_Presence
QC129004_1871,QC129004,1871,90649428.02,E93_Presence
QC129006_1871,QC129006,1871,135663374.0,E93_Presence
QC129007_1871,QC129007,1871,136952231.65,E93_Presence
QC129005_1871,QC129005,1871,166753462.81,E93_Presence
QC129008_1871,QC129008,1871,122283496.51,E93_Presence
QC129003_1871,QC129003,1871,43337208.78,E93_Presence
QC129002_1871,QC129002,1871,106714095.74,E93_Presence
QC131001_1871,QC131001,1871,5696195.01,E93_Presence
QC109004_1871,QC109004,1871,138951983.8,E93_Presence
QC109001_1871,QC109001,1871,42493888.58,E93_Presence
QC109006_1871,QC109006,1871,87528363.74,E93_Presence
QC109005_1871,QC109005,1871,82304455.35,E93_Presence
QC109002_1871,QC109002,1871,167360231.27,E93_Presence
QC109003_1871,QC109003,1871,336420.84,E93_Presence
QC093009_1871,QC093009,1871,185189291.85,E93_Presence
QC093014_1871,QC093014,1871,265497032.04,E93_Presence
QC093015_1871,QC093015,1871,185375328.08,E93_Presence
QC093004_1871,QC093004,1871,198398931.65,E93_Presence
QC093010_1871,QC093010,1871,271203332.62,E93_Presence
QC093016_1871,QC093016,1871,1293615204.21,E93_Presence
QC093007_1871,QC093007,1871,286008089.78,E93_Presence
QC093005_1871,QC093005,1871,268599172.15,E93_Presence
QC093006_1871,QC093006,1871,515259261.01,E93_Presence
QC093012_1871,QC093012,1871,183736644.99,E93_Presence
QC093003_1871,QC093003,1871,10446908.43,E93_Presence
QC134005_1871,QC134005,1871,142168404.9,E93_Presence
QC136002_1871,QC136002,1871,80886129.49,E93_Presence
QC134008_1871,QC134008,1871,100834245.73,E93_Presence
QC134003_1871,QC134003,1871,92763868.72,E93_Presence
QC136001_1871,QC136001,1871,97037244.67,E93_Presence
QC134007_1871,QC134007,1871,56414832.6,E93_Presence
QC134004_1871,QC134004,1871,97970490.83,E93_Presence
QC134006_1871,QC134006,1871,124708078.34,E93_Presence
QC134002_1871,QC134002,1871,1995678.71,E93_Presence
QC149999_1871,QC149999,1871,3575721754.4,E93_Presence
QC105999_1871,QC105999,1871,1193662.01,E93_Presence
QC148999_1871,QC148999,1871,4704013742.37,E93_Presence
QC103009_1871,QC103009,1871,769388547.16,E93_Presence
QC169009_1871,QC169009,1871,355426574.2,E93_Presence
QC152001_1871,QC152001,1871,161920707.05,E93_Presence
QC152005_1871,QC152005,1871,2589848.58,E93_Presence
QC097005_1871,QC097005,1871,1104440.47,E93_Presence
QC173001_1871,QC173001,1871,87156098.74,E93_Presence
QC170004_1871,QC170004,1871,143598947.01,E93_Presence
QC100001_1871,QC100001,1871,44946395.6,E93_Presence
QC107004_1871,QC107004,1871,11180670.06,E93_Presence
QC125010_1871,QC125010,1871,16584392.88,E93_Presence
QC163008_1871,QC163008,1871,29496481.52,E93_Presence
QC148009_1871,QC148009,1871,83934332.95,E93_Presence
QC107003_1871,QC107003,1871,1550853.67,E93_Presence
QC135003_1871,QC135003,1871,297143.24,E93_Presence
QC122005_1871,QC122005,1871,107233451.47,E93_Presence
QC120006_1871,QC120006,1871,9138102.18,E93_Presence
QC167002_1871,QC167002,1871,113323921.65,E93_Presence
QC168007_1871,QC168007,1871,242591376.45,E93_Presence
QC168008_1871,QC168008,1871,101058217.37,E93_Presence
QC168009_1871,QC168009,1871,846019536.4,E93_Presence
QC140003_1871,QC140003,1871,246088937.15,E93_Presence
QC140001_1871,QC140001,1871,12900753.46,E93_Presence
QC110006_1871,QC110006,1871,228955.21,E93_Presence
QC166014_1871,QC166014,1871,339056687.83,E93_Presence
QC166010_1871,QC166010,1871,527087429.83,E93_Presence
QC099004_1871,QC099004,1871,1045790.91,E93_Presence
QC131003_1871,QC131003,1871,368230.96,E93_Presence
QC131004_1871,QC131004,1871,6493052.11,E93_Presence
QC131002_1871,QC131002,1871,1381501.32,E93_Presence
QC134001_1871,QC134001,1871,96638586.58,E93_Presence
QC144006_1871,QC144006,1871,77746823.99,E93_Presence
QC144999_1871,QC144999,1871,5555015773.36,E93_Presence
QC158999_1871,QC158999,1871,211718172.53,E93_Presence
QC119002_1871,QC119002,1871,659225.97,E93_Presence
QC173003_1871,QC173003,1871,28434384.58,E93_Presence
QC098004_1871,QC098004,1871,60292117.24,E93_Presence
QC101999_1871,QC101999,1871,1487339838.49,E93_Presence
QC091003_1871,QC091003,1871,351876949.5,E93_Presence
QC143999_1871,QC143999,1871,1386168829.2,E93_Presence
QC147003_1871,QC147003,1871,16727566.69,E93_Presence
QC144009_1871,QC144009,1871,454488709.57,E93_Presence
QC138001_1871,QC138001,1871,182315044.39,E93_Presence
QC138010_1871,QC138010,1871,327307369.25,E93_Presence
QC127007_1871,QC127007,1871,256923906.84,E93_Presence
QC110005_1871,QC110005,1871,595535.61,E93_Presence
QC151001_1871,QC151001,1871,922713546.1,E93_Presence
QC119001_1871,QC119001,1871,94221596.05,E93_Presence
QC152999_1871,QC152999,1871,204184213624.65,E93_Presence
QC150002_1871,QC150002,1871,381749738.93,E93_Presence
QC150010_1871,QC150010,1871,1964580108.04,E93_Presence
QC150001_1871,QC150001,1871,171116056.09,E93_Presence
QC158007_1871,QC158007,1871,997741414.19,E93_Presence
QC142012_1871,QC142012,1871,119147442.87,E93_Presence
QC160005_1871,QC160005,1871,87698223.55,E93_Presence
QC136011_1871,QC136011,1871,163860793.35,E93_Presence
QC171006_1871,QC171006,1871,126830620.57,E93_Presence
QC108005_1871,QC108005,1871,1324508.18,E93_Presence
QC153005_1871,QC153005,1871,3803408.63,E93_Presence
QC094008_1871,QC094008,1871,720202669.33,E93_Presence
QC093001_1871,QC093001,1871,360234707.18,E93_Presence
QC095001_1871,QC095001,1871,216777775.86,E93_Presence
QC095009_1871,QC095009,1871,409336623.39,E93_Presence
QC166999_1871,QC166999,1871,2253847888.17,E93_Presence
QC147004_1871,QC147004,1871,9041670.79,E93_Presence
QC169999_1871,QC169999,1871,5683760174.58,E93_Presence
QC166003_1871,QC166003,1871,11548641.12,E93_Presence
QC103005_1871,QC103005,1871,35596058.92,E93_Presence
QC103003_1871,QC103003,1871,81002207.85,E93_Presence
QC118006_1871,QC118006,1871,1217284.23,E93_Presence
QC133007_1871,QC133007,1871,371960032.04,E93_Presence
QC133008_1871,QC133008,1871,16163572.78,E93_Presence
QC130006_1871,QC130006,1871,31472221.39,E93_Presence
QC133999_1871,QC133999,1871,3161876445.56,E93_Presence
QC130001_1871,QC130001,1871,520279560.92,E93_Presence
QC130004_1871,QC130004,1871,2589848.59,E93_Presence
QC130005_1871,QC130005,1871,2589848.49,E93_Presence
QC130002_1871,QC130002,1871,2589848.56,E93_Presence
QC130999_1871,QC130999,1871,33305676280.91,E93_Presence
QC133006_1871,QC133006,1871,383473019.9,E93_Presence
QC152010_1871,QC152010,1871,264235887.47,E93_Presence
QC152009_1871,QC152009,1871,1213147.38,E93_Presence
QC152011_1871,QC152011,1871,16793841.82,E93_Presence
QC150999_1871,QC150999,1871,96439156260.71,E93_Presence
QC151999_1871,QC151999,1871,37362032672.47,E93_Presence
QC133003_1871,QC133003,1871,133209524.34,E93_Presence
QC097003_1871,QC097003,1871,35631904.68,E93_Presence
QC171999_1871,QC171999,1871,1810652771.29,E93_Presence
QC172999_1871,QC172999,1871,1810181909.52,E93_Presence
QC108002_1871,QC108002,1871,1506036.63,E93_Presence
QC102999_1871,QC102999,1871,303738721.23,E93_Presence
QC165015_1871,QC165015,1871,233105784.35,E93_Presence
QC165010_1871,QC165010,1871,64891003.37,E93_Presence
QC094005_1871,QC094005,1871,146823996.56,E93_Presence
QC095999_1871,QC095999,1871,4371717787.72,E93_Presence
QC094006_1871,QC094006,1871,258972935.52,E93_Presence
QC093999_1871,QC093999,1871,12983583227.84,E93_Presence
QC100005_1871,QC100005,1871,39585869.15,E93_Presence
QC153001_1871,QC153001,1871,2037040.49,E93_Presence
QC153006_1871,QC153006,1871,36995722.42,E93_Presence
QC153002_1871,QC153002,1871,667354.56,E93_Presence
QC153003_1871,QC153003,1871,1250931.05,E93_Presence
QC125011_1871,QC125011,1871,97478141.39,E93_Presence
QC125012_1871,QC125012,1871,3096646.93,E93_Presence
QC144008_1871,QC144008,1871,119608986.72,E93_Presence
QC167999_1871,QC167999,1871,4003655959.38,E93_Presence
QC133005_1871,QC133005,1871,191674622.31,E93_Presence
QC131005_1871,QC131005,1871,36350532.58,E93_Presence
QC130003_1871,QC130003,1871,2589848.63,E93_Presence
QC093017_1871,QC093017,1871,191016202.26,E93_Presence
QC093019_1871,QC093019,1871,221473706.52,E93_Presence
QC093013_1871,QC093013,1871,2589848.42,E93_Presence
QC092014_1871,QC092014,1871,28830207.68,E93_Presence
QC092015_1871,QC092015,1871,586158.63,E93_Presence
QC092011_1871,QC092011,1871,2589848.49,E93_Presence
QC092008_1871,QC092008,1871,2589848.47,E93_Presence
QC092010_1871,QC092010,1871,2589848.54,E93_Presence
QC092009_1871,QC092009,1871,2589848.54,E93_Presence
QC092006_1871,QC092006,1871,2589848.52,E93_Presence
QC092001_1871,QC092001,1871,233186606.74,E93_Presence
QC091010_1871,QC091010,1871,164063235.98,E93_Presence
QC091013_1871,QC091013,1871,233958175.3,E93_Presence
QC092005_1871,QC092005,1871,2589848.58,E93_Presence
QC092002_1871,QC092002,1871,2589848.47,E93_Presence
QC092003_1871,QC092003,1871,2589848.43,E93_Presence
QC093018_1871,QC093018,1871,2589848.41,E93_Presence
QC091005_1871,QC091005,1871,160312870.76,E93_Presence
QC137010_1871,QC137010,1871,52602721.34,E93_Presence
QC165009_1871,QC165009,1871,1615194.21,E93_Presence
QC093011_1871,QC093011,1871,138438694.62,E93_Presence
QC099010_1871,QC099010,1871,2525135.35,E93_Presence
QC118005_1871,QC118005,1871,100512924.45,E93_Presence
QC165012_1871,QC165012,1871,87644922.32,E93_Presence
QC107999_1871,QC107999,1871,2662364.9,E93_Presence
QC093002_1871,QC093002,1871,367900065.83,E93_Presence
QC092012_1871,QC092012,1871,2582070.91,E93_Presence
QC092013_1871,QC092013,1871,243247917.52,E93_Presence
QC133009_1871,QC133009,1871,2582070.87,E93_Presence
QC169012_1871,QC169012,1871,2595645.69,E93_Presence
QC169013_1871,QC169013,1871,2594642.85,E93_Presence
QC133004_1871,QC133004,1871,375487320.17,E93_Presence
