var_code,year,presence_count
VAR_ADVENTISTS,1911,373
VAR_ADVENTISTS,1921,901
VAR_AGE_01to02F_N,1851,866
VAR_AGE_01to02F_N,1861,1023
VAR_AGE_01to02M_N,1851,867
VAR_AGE_01to02M_N,1861,1027
VAR_AGE_02to03F_N,1851,861
VAR_AGE_02to03F_N,1861,1033
VAR_AGE_02to03M_N,1851,864
VAR_AGE_02to03M_N,1861,1035
VAR_AGE_03to04F_N,1851,861
VAR_AGE_03to04F_N,1861,1033
VAR_AGE_03to04M_N,1851,864
VAR_AGE_03to04M_N,1861,1038
VAR_AGE_04to05F_N,1851,857
VAR_AGE_04to05F_N,1861,1029
VAR_AGE_04to05M_N,1851,863
VAR_AGE_04to05M_N,1861,1034
VAR_AGE_05to10F_N,1851,876
VAR_AGE_05to10F_N,1861,1045
VAR_AGE_05to10M_N,1851,877
VAR_AGE_05to10M_N,1861,1048
VAR_AGE_05to16F_N,1871,71
VAR_AGE_05to16M_N,1871,71
VAR_AGE_0to01F_N,1851,863
VAR_AGE_0to01M_N,1851,863
VAR_AGE_0to05F_N,1871,71
VAR_AGE_0to05M_N,1871,71
VAR_AGE_0to17FS_N,1871,1698
VAR_AGE_0to17FS_N,1881,2135
VAR_AGE_0to17FS_N,1891,2474
VAR_AGE_0to17MS_N,1871,1702
VAR_AGE_0to17MS_N,1881,2135
VAR_AGE_0to17MS_N,1891,2474
VAR_AGE_0to17XS_N,1871,1702
VAR_AGE_0to17XS_N,1881,2135
VAR_AGE_0to17XS_N,1891,2474
VAR_AGE_10to15FM_N,1851,15
VAR_AGE_10to15FM_N,1861,29
VAR_AGE_10to15FS_N,1851,875
VAR_AGE_10to15FS_N,1861,1045
VAR_AGE_10to15MM_N,1861,11
VAR_AGE_10to15MS_N,1851,883
VAR_AGE_10to15MS_N,1861,1048
VAR_AGE_15to20FM_N,1851,825
VAR_AGE_15to20FM_N,1861,912
VAR_AGE_15to20FS_N,1851,880
VAR_AGE_15to20FS_N,1861,1047
VAR_AGE_15to20MM_N,1851,492
VAR_AGE_15to20MM_N,1861,496
VAR_AGE_15to20MS_N,1851,882
VAR_AGE_15to20MS_N,1861,1050
VAR_AGE_16to21F_N,1871,71
VAR_AGE_16to21M_N,1871,71
VAR_AGE_20to30FM_N,1851,875
VAR_AGE_20to30FM_N,1861,1041
VAR_AGE_20to30FS_N,1851,869
VAR_AGE_20to30FS_N,1861,1040
VAR_AGE_20to30FW_N,1851,553
VAR_AGE_20to30FW_N,1861,674
VAR_AGE_20to30MM_N,1851,876
VAR_AGE_20to30MM_N,1861,1039
VAR_AGE_20to30MS_N,1851,882
VAR_AGE_20to30MS_N,1861,1050
VAR_AGE_20to30MW_N,1851,443
VAR_AGE_20to30MW_N,1861,534
VAR_AGE_21to45F_N,1871,71
VAR_AGE_21to45M_N,1871,71
VAR_AGE_30to40FM_N,1851,877
VAR_AGE_30to40FM_N,1861,1039
VAR_AGE_30to40FS_N,1851,776
VAR_AGE_30to40FS_N,1861,1004
VAR_AGE_30to40FW_N,1851,693
VAR_AGE_30to40FW_N,1861,869
VAR_AGE_30to40MM_N,1851,879
VAR_AGE_30to40MM_N,1861,1042
VAR_AGE_30to40MS_N,1851,839
VAR_AGE_30to40MS_N,1861,1029
VAR_AGE_30to40MW_N,1851,626
VAR_AGE_30to40MW_N,1861,815
VAR_AGE_40to50FM_N,1851,865
VAR_AGE_40to50FM_N,1861,1034
VAR_AGE_40to50FS_N,1851,703
VAR_AGE_40to50FS_N,1861,926
VAR_AGE_40to50FW_N,1851,749
VAR_AGE_40to50FW_N,1861,932
VAR_AGE_40to50MM_N,1851,870
VAR_AGE_40to50MM_N,1861,1037
VAR_AGE_40to50MS_N,1851,788
VAR_AGE_40to50MS_N,1861,976
VAR_AGE_40to50MW_N,1851,710
VAR_AGE_40to50MW_N,1861,881
VAR_AGE_45to60F_N,1871,71
VAR_AGE_45to60M_N,1871,71
VAR_AGE_50to60FM_N,1851,850
VAR_AGE_50to60FM_N,1861,1031
VAR_AGE_50to60FS_N,1851,628
VAR_AGE_50to60FS_N,1861,866
VAR_AGE_50to60FW_N,1851,772
VAR_AGE_50to60FW_N,1861,963
VAR_AGE_50to60MM_N,1851,868
VAR_AGE_50to60MM_N,1861,1037
VAR_AGE_50to60MS_N,1851,705
VAR_AGE_50to60MS_N,1861,915
VAR_AGE_50to60MW_N,1851,746
VAR_AGE_50to60MW_N,1861,919
VAR_AGE_60to70FM_N,1851,818
VAR_AGE_60to70FM_N,1861,1017
VAR_AGE_60to70FS_N,1851,481
VAR_AGE_60to70FS_N,1861,736
VAR_AGE_60to70FW_N,1851,757
VAR_AGE_60to70FW_N,1861,972
VAR_AGE_60to70MM_N,1851,844
VAR_AGE_60to70MM_N,1861,1029
VAR_AGE_60to70MS_N,1851,577
VAR_AGE_60to70MS_N,1861,805
VAR_AGE_60to70MW_N,1851,731
VAR_AGE_60to70MW_N,1861,941
VAR_AGE_70to80FM_N,1851,658
VAR_AGE_70to80FM_N,1861,888
VAR_AGE_70to80FS_N,1851,352
VAR_AGE_70to80FS_N,1861,571
VAR_AGE_70to80FW_N,1851,694
VAR_AGE_70to80FW_N,1861,926
VAR_AGE_70to80MM_N,1851,768
VAR_AGE_70to80MM_N,1861,937
VAR_AGE_70to80MS_N,1851,349
VAR_AGE_70to80MS_N,1861,566
VAR_AGE_70to80MW_N,1851,652
VAR_AGE_70to80MW_N,1861,866
VAR_AGE_80to90FM_N,1851,258
VAR_AGE_80to90FM_N,1861,448
VAR_AGE_80to90FS_N,1851,136
VAR_AGE_80to90FS_N,1861,270
VAR_AGE_80to90FW_N,1851,481
VAR_AGE_80to90FW_N,1861,705
VAR_AGE_80to90MM_N,1851,498
VAR_AGE_80to90MM_N,1861,713
VAR_AGE_80to90MS_N,1851,153
VAR_AGE_80to90MS_N,1861,286
VAR_AGE_80to90MW_N,1851,470
VAR_AGE_80to90MW_N,1861,674
VAR_AGE_90to100FM_N,1851,41
VAR_AGE_90to100FM_N,1861,77
VAR_AGE_90to100FS_N,1851,38
VAR_AGE_90to100FS_N,1861,55
VAR_AGE_90to100FW_N,1851,181
VAR_AGE_90to100FW_N,1861,239
VAR_AGE_90to100MM_N,1851,107
VAR_AGE_90to100MM_N,1861,170
VAR_AGE_90to100MS_N,1851,38
VAR_AGE_90to100MS_N,1861,60
VAR_AGE_90to100MW_N,1851,147
VAR_AGE_90to100MW_N,1861,201
VAR_AGE_NF_N,1851,248
VAR_AGE_NF_N,1861,410
VAR_AGE_NM_N,1851,320
VAR_AGE_NM_N,1861,490
VAR_AGE_ov100FM_N,1851,2
VAR_AGE_ov100FM_N,1861,5
VAR_AGE_ov100FS_N,1851,2
VAR_AGE_ov100FS_N,1861,8
VAR_AGE_ov100FW_N,1851,22
VAR_AGE_ov100FW_N,1861,27
VAR_AGE_ov100MM_N,1851,7
VAR_AGE_ov100MM_N,1861,22
VAR_AGE_ov100MS_N,1851,7
VAR_AGE_ov100MS_N,1861,3
VAR_AGE_ov100MW_N,1851,15
VAR_AGE_ov100MW_N,1861,33
VAR_AGE_ov60F_N,1871,71
VAR_AGE_ov60M_N,1871,71
VAR_ANGLICANS,1911,2173
VAR_ANGLICANS,1921,3891
VAR_AREA_ACRES,1911,2292
VAR_AREA_SQ_MI,1911,2291
VAR_ARE_XX_A,1871,1656
VAR_ARE_XX_A,1901,2542
VAR_ASIA_CHINESE_AND_JAPANESE,1921,1226
VAR_ASIA_OTHER,1921,165
VAR_ASIA_SYRIAN,1921,504
VAR_AUSTRO_HUNGARIAN,1911,440
VAR_BAPTISTS,1911,1758
VAR_BAPTISTS,1921,3183
VAR_BAR_XX_A,1851,751
VAR_BAR_XX_A,1861,963
VAR_BAR_XX_A,1891,2249
VAR_BAR_XX_B,1851,757
VAR_BAR_XX_B,1861,968
VAR_BAR_XX_B,1871,71
VAR_BAR_XX_B,1881,1966
VAR_BAR_XX_B,1891,2274
VAR_BEAN_XX_B,1851,563
VAR_BEAN_XX_B,1861,667
VAR_BEAN_XX_B,1871,54
VAR_BEAN_XX_B,1891,2071
VAR_BEEF_XX_BL,1851,706
VAR_BEEF_XX_BL,1861,912
VAR_BELGIAN,1911,327
VAR_BIRTH_FX_N,1851,848
VAR_BIRTH_FX_N,1861,1029
VAR_BIRTH_LY_N,1871,71
VAR_BIRTH_MX_N,1851,850
VAR_BIRTH_MX_N,1861,1029
VAR_BLD_CX_N,1871,64
VAR_BLD_SX_N,1871,69
VAR_BRCK_PX_N,1871,13
VAR_BRCK_XX_N,1871,14
VAR_BRDI_XX_N,1871,10
VAR_BRETHREN,1911,411
VAR_BRETHREN,1921,664
VAR_BREW_EX_N,1851,102
VAR_BREW_NR_N,1851,107
VAR_BREW_PX_G,1851,107
VAR_BREW_XC_N,1851,104
VAR_BREW_XR_N,1851,112
VAR_BREW_XX_N,1851,176
VAR_BRIT_BORN_F,1921,3899
VAR_BRIT_BORN_M,1921,4057
VAR_BRIT_ENG,1921,4245
VAR_BRIT_ENGLISH,1911,2438
VAR_BRIT_IRISH,1911,2319
VAR_BRIT_IRISH,1921,4092
VAR_BRIT_OTHER,1911,1040
VAR_BRIT_OTHER,1921,2062
VAR_BRIT_SCOTCH,1911,2244
VAR_BRIT_SCOTCH,1921,3940
VAR_BULGARIAN_AND_RUMANIAN,1911,135
VAR_BUT_XX_LB,1851,787
VAR_BUT_XX_LB,1861,981
VAR_BUT_XX_LB,1871,70
VAR_BUT_XX_LB,1891,2420
VAR_BWT_XX_A,1851,671
VAR_BWT_XX_A,1861,823
VAR_BWT_XX_B,1851,676
VAR_BWT_XX_B,1861,831
VAR_BWT_XX_B,1871,70
VAR_BWT_XX_B,1881,1780
VAR_BWT_XX_B,1891,1956
VAR_CAN_BORN_F,1921,5134
VAR_CAN_BORN_M,1921,5285
VAR_CAR_MISC_N,1871,68
VAR_CAR_SM_N,1871,34
VAR_CAR_XH_N,1861,392
VAR_CAR_XH_V,1861,373
VAR_CAR_XP_N,1861,972
VAR_CAR_XP_V,1861,974
VAR_CFM_EX_N,1851,443
VAR_CFM_NR_N,1851,350
VAR_CFM_PCF_YD,1851,758
VAR_CFM_PCF_YD,1861,904
VAR_CFM_PCF_YD,1871,70
VAR_CFM_PCNF_YD,1871,71
VAR_CFM_PC_YD,1851,426
VAR_CFM_PW_LB,1851,482
VAR_CFM_XC_N,1851,532
VAR_CFM_XR_N,1851,545
VAR_CFM_XX_N,1851,563
VAR_CFM_XX_N,1871,29
VAR_CFM_XY_N,1871,17
VAR_CHINESE,1911,463
VAR_CHRISTIANS,1911,467
VAR_CHRISTIANS,1921,858
VAR_CLOTH_PC_YD,1871,44
VAR_CLOTH_PF_YD,1851,753
VAR_CLOTH_PF_YD,1861,937
VAR_CLOTH_PL_YD,1851,454
VAR_CLOTH_PL_YD,1861,607
VAR_CLOTH_XX_N,1871,6
VAR_CONGREGATIONALISTS,1911,756
VAR_CONGREGATIONALISTS,1921,1358
VAR_CRN_XX_A,1851,665
VAR_CRN_XX_A,1861,734
VAR_CRN_XX_B,1851,673
VAR_CRN_XX_B,1861,772
VAR_CRN_XX_B,1871,40
VAR_CRN_XX_B,1881,1797
VAR_CRN_XX_B,1891,1799
VAR_CTL_CH_N,1851,800
VAR_CTL_CH_N,1861,994
VAR_CTL_MX_N,1851,805
VAR_CTL_MX_N,1861,1064
VAR_CTL_MX_N,1891,2463
VAR_CTL_OB_N,1851,799
VAR_CTL_OB_N,1861,999
VAR_CTL_OTH_N,1891,2447
VAR_CTL_OX_N,1891,2000
VAR_CTL_PC_LB,1851,551
VAR_CTL_PC_LB,1861,655
VAR_CTL_PC_LB,1871,67
VAR_CTL_PC_LB,1891,1327
VAR_CTL_SX_N,1891,2375
VAR_CTL_XX_N,1871,71
VAR_DISCIPLES,1911,366
VAR_DISCIPLES_OF_CHRIST,1921,495
VAR_DIST_EX_N,1851,104
VAR_DIST_NR_N,1851,58
VAR_DIST_PX_G,1851,75
VAR_DIST_XC_N,1851,101
VAR_DIST_XR_N,1851,144
VAR_DIST_XX_N,1851,165
VAR_DTH_01to02F_N,1851,354
VAR_DTH_01to02F_N,1861,507
VAR_DTH_01to02M_N,1851,368
VAR_DTH_01to02M_N,1861,509
VAR_DTH_02to03F_N,1851,237
VAR_DTH_02to03F_N,1861,322
VAR_DTH_02to03M_N,1851,244
VAR_DTH_02to03M_N,1861,338
VAR_DTH_03to04F_N,1851,178
VAR_DTH_03to04F_N,1861,246
VAR_DTH_03to04M_N,1851,184
VAR_DTH_03to04M_N,1861,265
VAR_DTH_04to05F_N,1851,152
VAR_DTH_04to05F_N,1861,189
VAR_DTH_04to05M_N,1851,149
VAR_DTH_04to05M_N,1861,187
VAR_DTH_05to10F_N,1851,268
VAR_DTH_05to10F_N,1861,336
VAR_DTH_05to10M_N,1851,289
VAR_DTH_05to10M_N,1861,346
VAR_DTH_0to01F_N,1851,557
VAR_DTH_0to01F_N,1861,752
VAR_DTH_0to01M_N,1851,600
VAR_DTH_0to01M_N,1861,777
VAR_DTH_10to15F_N,1851,184
VAR_DTH_10to15F_N,1861,260
VAR_DTH_10to15M_N,1851,172
VAR_DTH_10to15M_N,1861,260
VAR_DTH_15to20F_N,1851,216
VAR_DTH_15to20F_N,1861,289
VAR_DTH_15to20M_N,1851,232
VAR_DTH_15to20M_N,1861,260
VAR_DTH_20to30F_N,1851,321
VAR_DTH_20to30F_N,1861,469
VAR_DTH_20to30M_N,1851,289
VAR_DTH_20to30M_N,1861,435
VAR_DTH_30to40F_N,1851,311
VAR_DTH_30to40F_N,1861,423
VAR_DTH_30to40M_N,1851,250
VAR_DTH_30to40M_N,1861,357
VAR_DTH_40to50F_N,1851,232
VAR_DTH_40to50F_N,1861,320
VAR_DTH_40to50M_N,1851,247
VAR_DTH_40to50M_N,1861,360
VAR_DTH_50to60F_N,1851,217
VAR_DTH_50to60F_N,1861,272
VAR_DTH_50to60M_N,1851,233
VAR_DTH_50to60M_N,1861,352
VAR_DTH_60to70F_N,1851,206
VAR_DTH_60to70F_N,1861,327
VAR_DTH_60to70M_N,1851,232
VAR_DTH_60to70M_N,1861,387
VAR_DTH_70to80F_N,1851,181
VAR_DTH_70to80F_N,1861,299
VAR_DTH_70to80M_N,1851,231
VAR_DTH_70to80M_N,1861,344
VAR_DTH_80to90F_N,1851,98
VAR_DTH_80to90F_N,1861,168
VAR_DTH_80to90M_N,1851,148
VAR_DTH_80to90M_N,1861,223
VAR_DTH_90to100F_N,1851,32
VAR_DTH_90to100F_N,1861,68
VAR_DTH_90to100M_N,1851,31
VAR_DTH_90to100M_N,1861,68
VAR_DTH_FX_N,1851,781
VAR_DTH_FX_N,1861,980
VAR_DTH_MX_N,1851,786
VAR_DTH_MX_N,1861,993
VAR_DTH_NF_N,1851,317
VAR_DTH_NF_N,1861,250
VAR_DTH_NM_N,1851,397
VAR_DTH_NM_N,1861,257
VAR_DTH_XX_N,1851,819
VAR_DTH_XX_N,1861,1016
VAR_DTH_XX_N,1871,70
VAR_DTH_ov100F_N,1851,6
VAR_DTH_ov100F_N,1861,18
VAR_DTH_ov100M_N,1851,5
VAR_DTH_ov100M_N,1861,5
VAR_DUTCH,1911,1112
VAR_DWELLINGS,1911,3168
VAR_EASTERN_RELIGIONS,1921,854
VAR_EDU_LF_N,1861,1007
VAR_EDU_LM_N,1861,1013
VAR_EDU_SF_N,1851,790
VAR_EDU_SF_N,1861,1013
VAR_EDU_SM_N,1851,793
VAR_EDU_SM_N,1861,1013
VAR_ETH_FC_N,1851,764
VAR_ETH_FC_N,1861,959
VAR_ETH_FC_N,1891,1942
VAR_ETH_FI_N,1851,68
VAR_ETH_FI_N,1861,98
VAR_ETH_FI_N,1871,13
VAR_ETH_FN_N,1851,99
VAR_ETH_FN_N,1861,172
VAR_ETH_MI_N,1851,80
VAR_ETH_MI_N,1861,124
VAR_ETH_MI_N,1871,14
VAR_ETH_MN_N,1851,117
VAR_ETH_MN_N,1861,218
VAR_ETH_NFC_N,1891,2366
VAR_ETH_XA_N,1851,821
VAR_ETH_XA_N,1861,1025
VAR_ETH_XI_N,1851,45
VAR_ETH_XI_N,1861,99
VAR_ETH_XN_N,1851,41
VAR_ETH_XN_N,1861,187
VAR_EUR_AUSTRIAN,1921,1573
VAR_EUR_BELGIAN,1921,1142
VAR_EUR_DUTCH,1921,2451
VAR_EUR_FINNISH,1921,613
VAR_EUR_FRENCH,1921,4434
VAR_EUR_GERMAN,1921,3112
VAR_EUR_GREEK,1921,338
VAR_EUR_HEBREW,1921,1100
VAR_EUR_ITALIAN,1921,1159
VAR_EUR_OTHER,1921,1915
VAR_EUR_POLISH,1921,1389
VAR_EUR_RUSSIAN,1921,1610
VAR_EUR_SCANDINAVIAN,1921,2480
VAR_EUR_UKRAINIAN,1921,930
VAR_EVANGELICAL_ASSOCIATION,1921,467
VAR_FAMILIES,1911,3170
VAR_FISH_BLM_N,1871,19
VAR_FISH_BL_N,1871,22
VAR_FISH_BM_N,1881,376
VAR_FISH_BX_N,1871,57
VAR_FISH_BX_N,1881,376
VAR_FISH_CH_Q,1871,52
VAR_FISH_CX_Q,1881,341
VAR_FISH_EE_BL,1881,180
VAR_FISH_EX_N,1871,44
VAR_FISH_FX_Q,1881,131
VAR_FISH_GX_BL,1881,204
VAR_FISH_HA_BL,1871,53
VAR_FISH_HA_BL,1881,354
VAR_FISH_HP_Q,1881,232
VAR_FISH_HS_LB,1871,14
VAR_FISH_HX_BL,1881,128
VAR_FISH_LX_LB,1881,97
VAR_FISH_MX_BL,1871,49
VAR_FISH_MX_BL,1881,321
VAR_FISH_NX_F,1881,393
VAR_FISH_OTH_BL,1881,205
VAR_FISH_OX_G,1871,50
VAR_FISH_OX_G,1881,303
VAR_FISH_OY_BL,1881,62
VAR_FISH_PC_BL,1851,171
VAR_FISH_PD_Q,1861,73
VAR_FISH_PF_LB,1861,100
VAR_FISH_PS_BL,1861,192
VAR_FISH_SH_BL,1881,78
VAR_FISH_SL_LB,1871,4
VAR_FISH_SM_N,1881,167
VAR_FISH_SN_BL,1881,68
VAR_FISH_SX_BL,1881,191
VAR_FISH_SX_V,1871,6
VAR_FISH_TX_BL,1881,163
VAR_FISH_VM_N,1881,166
VAR_FISH_VX_N,1881,166
VAR_FISH_WX_BL,1881,26
VAR_FISH_XE_N,1871,33
VAR_FLH_XX_LB,1851,516
VAR_FLH_XX_LB,1861,727
VAR_FLX_MX_N,1871,6
VAR_FLX_XX_LB,1871,62
VAR_FML_XI_A,1891,2460
VAR_FML_XX_A,1851,807
VAR_FML_XX_A,1861,1020
VAR_FML_XX_A,1891,2460
VAR_FOREIGN_BORN_F,1921,4472
VAR_FOREIGN_BORN_M,1921,4666
VAR_FOWL_CX_N,1891,2465
VAR_FOWL_DX_N,1891,2282
VAR_FOWL_GX_N,1891,2289
VAR_FOWL_OTH_N,1891,1821
VAR_FOWL_TX_N,1891,2077
VAR_FRENCH,1911,2580
VAR_FRIENDS,1911,245
VAR_FRMLU_ARA_A,1871,71
VAR_FRMLU_CLT_A,1851,807
VAR_FRMLU_CLT_A,1861,1019
VAR_FRMLU_CRP_A,1851,805
VAR_FRMLU_CRP_A,1861,1019
VAR_FRMLU_CRP_A,1891,2450
VAR_FRMLU_GO_A,1851,681
VAR_FRMLU_GO_A,1891,2349
VAR_FRMLU_GX_A,1861,880
VAR_FRMLU_PST_A,1851,802
VAR_FRMLU_PST_A,1861,998
VAR_FRMLU_PST_A,1891,2448
VAR_FRMLU_WOD_A,1851,808
VAR_FRMLU_WOD_A,1861,1015
VAR_FRMLU_WOD_A,1891,2402
VAR_FRMSZ_0to10_N,1851,676
VAR_FRMSZ_0to10_N,1861,778
VAR_FRMSZ_0to10_N,1891,2394
VAR_FRMSZ_100to200_N,1851,779
VAR_FRMSZ_100to200_N,1861,987
VAR_FRMSZ_101to200_N,1891,2352
VAR_FRMSZ_10to20_N,1851,601
VAR_FRMSZ_10to20_N,1861,755
VAR_FRMSZ_11to50_N,1891,2356
VAR_FRMSZ_20to50_N,1851,773
VAR_FRMSZ_20to50_N,1861,933
VAR_FRMSZ_50to100_N,1851,791
VAR_FRMSZ_50to100_N,1861,992
VAR_FRMSZ_51to100_N,1891,2360
VAR_FRMSZ_ov200_N,1851,689
VAR_FRMSZ_ov200_N,1861,906
VAR_FRMSZ_ov201_N,1891,2234
VAR_FRMTN_EX_N,1891,894
VAR_FRMTN_OX_A,1871,71
VAR_FRMTN_OX_N,1891,2458
VAR_FRMTN_RX_A,1871,66
VAR_FRMTN_SX_A,1871,32
VAR_FRMTN_TX_N,1891,2301
VAR_FRMTN_VX_A,1871,45
VAR_FRMTN_XA_A,1861,764
VAR_FRM_Q1_N,1871,70
VAR_FRM_Q2_N,1871,69
VAR_FRM_Q3_N,1871,64
VAR_FRM_XX_N,1851,807
VAR_FRM_XX_N,1861,1017
VAR_FRM_XX_N,1891,2460
VAR_FRM_XX_V,1861,1017
VAR_FRT_LK_N,1871,38
VAR_FRT_LP_BL,1871,28
VAR_FRT_LX_A,1871,42
VAR_FRT_SX_A,1871,61
VAR_FRU_AO_V,1871,60
VAR_FRU_PC_G,1851,192
VAR_FRU_PC_G,1861,285
VAR_FRU_PX_V,1861,814
VAR_F_DIVORCED,1911,272
VAR_F_LEGAL_SEP,1911,497
VAR_F_MARRIED,1911,3146
VAR_F_NOT_GIVEN,1911,922
VAR_F_SINGLE,1911,3138
VAR_F_WIDOWED,1911,2972
VAR_GERMAN,1911,1801
VAR_GRA_TX_B,1871,70
VAR_GRA_XS_B,1851,529
VAR_GRA_XS_B,1861,678
VAR_GRA_XS_B,1881,1646
VAR_GRA_XS_B,1891,1681
VAR_GREEK,1911,184
VAR_GREEK_CHURCH,1911,305
VAR_GREEK_CHURCH,1921,1387
VAR_GRIST_EX_N,1851,658
VAR_GRIST_NR_N,1851,595
VAR_GRIST_PD_BL,1851,305
VAR_GRIST_PD_N,1851,292
VAR_GRIST_PL_N,1851,495
VAR_GRIST_PL_V,1851,509
VAR_GRIST_PW_BL,1851,296
VAR_GRIST_PW_N,1851,296
VAR_GRIST_PY_BL,1851,587
VAR_GRIST_PY_N,1851,588
VAR_GRIST_SX_N,1851,502
VAR_GRIST_WX_N,1851,732
VAR_GRIST_XC_N,1851,661
VAR_GRIST_XC_V,1851,667
VAR_GRIST_XX_N,1851,745
VAR_GRIST_XX_N,1871,56
VAR_HAY_XX_A,1881,2089
VAR_HAY_XX_A,1891,2333
VAR_HAY_XX_T,1851,792
VAR_HAY_XX_T,1861,999
VAR_HAY_XX_T,1871,71
VAR_HAY_XX_T,1881,2089
VAR_HAY_XX_T,1891,2439
VAR_HINDU,1911,42
VAR_HOP_XX_LB,1851,305
VAR_HOP_XX_LB,1861,479
VAR_HOUSE_01R_N,1891,1605
VAR_HOUSE_01S_N,1891,2463
VAR_HOUSE_02R_N,1891,2378
VAR_HOUSE_02S_N,1891,2332
VAR_HOUSE_03R_N,1891,2423
VAR_HOUSE_03S_N,1891,1063
VAR_HOUSE_04R_N,1891,2448
VAR_HOUSE_05R_N,1891,2431
VAR_HOUSE_06to10R_N,1891,2441
VAR_HOUSE_11to15R_N,1891,2155
VAR_HOUSE_BX_N,1891,1331
VAR_HOUSE_SX_N,1891,1123
VAR_HOUSE_TS_N,1871,427
VAR_HOUSE_TS_N,1881,485
VAR_HOUSE_TV_N,1871,36
VAR_HOUSE_TV_N,1881,72
VAR_HOUSE_TX_N,1891,890
VAR_HOUSE_WX_N,1891,2467
VAR_HOUSE_XC_N,1871,1406
VAR_HOUSE_XC_N,1881,1713
VAR_HOUSE_XC_N,1891,1840
VAR_HOUSE_XI_N,1871,1701
VAR_HOUSE_XI_N,1881,2135
VAR_HOUSE_XO_N,1871,1702
VAR_HOUSE_XO_N,1881,2135
VAR_HOUSE_XO_N,1891,2473
VAR_HOUSE_XU_N,1871,1559
VAR_HOUSE_XU_N,1881,2004
VAR_HOUSE_XU_N,1891,2242
VAR_HOUSE_XX_N,1891,2470
VAR_HOUSE_XX_N,1901,3182
VAR_HOUSE_ov04S_N,1891,307
VAR_HOUSE_ov16R_N,1891,1514
VAR_HRS_0to03_N,1861,974
VAR_HRS_0to03_N,1891,2412
VAR_HRS_XX_N,1851,801
VAR_HRS_XX_N,1871,71
VAR_HRS_ov03_N,1861,1065
VAR_HRS_ov03_N,1891,2463
VAR_HRS_ov03_V,1861,964
VAR_INDIAN,1911,549
VAR_INDIAN,1921,887
VAR_IRON_EX_N,1851,243
VAR_IRON_NR_N,1851,164
VAR_IRON_PX_V,1851,279
VAR_IRON_XC_N,1851,326
VAR_IRON_XR_N,1851,310
VAR_IRON_XX_N,1851,353
VAR_ITALIAN,1911,639
VAR_JAPANESE,1911,66
VAR_JEWISH,1911,552
VAR_JEWS,1911,526
VAR_JEWS,1921,1063
VAR_LEG_CS_B,1871,55
VAR_LEG_VX_B,1871,11
VAR_LUTHERANS,1911,1010
VAR_LUTHERANS,1921,2401
VAR_MACH_FI_V,1861,1007
VAR_MACH_FX_N,1871,67
VAR_MACH_HB_N,1871,53
VAR_MACH_HE_N,1871,30
VAR_MACH_HM_N,1871,68
VAR_MACH_MD_N,1871,64
VAR_MACH_OTH_N,1871,48
VAR_MACH_PX_N,1871,35
VAR_MACH_SM_N,1871,46
VAR_MACH_ST_N,1871,13
VAR_MACH_SX_N,1871,51
VAR_MACH_TX_N,1871,71
VAR_MENNONITES,1911,224
VAR_MENNONITES,1921,559
VAR_METHODISTS,1911,1976
VAR_METHODISTS,1921,3575
VAR_MINE_CU_T,1861,3
VAR_MINE_CU_V,1861,4
VAR_MORMONS,1911,288
VAR_MORMONS,1921,742
VAR_MPL_PS_LB,1851,728
VAR_MPL_PS_LB,1861,897
VAR_M_DIVORCED,1911,319
VAR_M_LEGAL_SEP,1911,500
VAR_M_MARRIED,1911,3171
VAR_M_NOT_GIVEN,1911,1177
VAR_M_SINGLE,1911,3173
VAR_M_WIDOWED,1911,2954
VAR_NEGRO,1911,426
VAR_NEGRO,1921,555
VAR_OAT_XX_A,1851,796
VAR_OAT_XX_A,1861,1008
VAR_OAT_XX_A,1891,2400
VAR_OAT_XX_B,1851,795
VAR_OAT_XX_B,1861,1009
VAR_OAT_XX_B,1871,71
VAR_OAT_XX_B,1881,2061
VAR_OAT_XX_B,1891,2410
VAR_ORIG_AT_HU_N,1851,8
VAR_ORIG_BI_N,1861,246
VAR_ORIG_BP_N,1871,71
VAR_ORIG_CH_N,1851,48
VAR_ORIG_CH_N,1861,176
VAR_ORIG_DE_NL_N,1851,252
VAR_ORIG_DE_NL_N,1861,507
VAR_ORIG_EI_N,1851,55
VAR_ORIG_EI_N,1861,129
VAR_ORIG_EN_N,1871,70
VAR_ORIG_ES_PT_N,1851,40
VAR_ORIG_ES_PT_N,1861,100
VAR_ORIG_EW_N,1851,735
VAR_ORIG_EW_N,1861,907
VAR_ORIG_FR_N,1851,225
VAR_ORIG_FR_N,1861,427
VAR_ORIG_GG_N,1851,28
VAR_ORIG_IR_N,1851,765
VAR_ORIG_IR_N,1861,967
VAR_ORIG_IR_N,1871,70
VAR_ORIG_IT_GR_N,1851,33
VAR_ORIG_IT_GR_N,1861,102
VAR_ORIG_JI_N,1851,76
VAR_ORIG_NB_N,1851,239
VAR_ORIG_NB_N,1861,434
VAR_ORIG_NF_N,1851,50
VAR_ORIG_NF_N,1861,178
VAR_ORIG_NS_PEI_N,1851,292
VAR_ORIG_NS_PEI_N,1861,472
VAR_ORIG_NX_N,1851,157
VAR_ORIG_NX_N,1861,226
VAR_ORIG_OTH_N,1851,220
VAR_ORIG_OTH_N,1861,194
VAR_ORIG_OTH_N,1871,51
VAR_ORIG_PE_N,1871,71
VAR_ORIG_RU_PL_N,1861,80
VAR_ORIG_RU_PR_PL_N,1851,35
VAR_ORIG_SC_N,1851,693
VAR_ORIG_SC_N,1861,871
VAR_ORIG_SC_N,1871,71
VAR_ORIG_SE_NO_N,1851,32
VAR_ORIG_SE_NO_N,1861,137
VAR_ORIG_US_N,1851,642
VAR_ORIG_US_N,1861,858
VAR_ORIG_WI_N,1851,121
VAR_ORIG_WI_N,1861,225
VAR_OTHER_SECTS,1921,2550
VAR_PAGANS,1911,87
VAR_PEA_BX_A,1881,1995
VAR_PEA_XX_A,1851,783
VAR_PEA_XX_A,1861,970
VAR_PEA_XX_B,1851,788
VAR_PEA_XX_B,1861,981
VAR_PEA_XX_B,1871,55
VAR_PEA_XX_B,1891,2214
VAR_POLISH,1911,388
VAR_POP,1911,2446
VAR_POP_AVF_PR,1891,2474
VAR_POP_BF_N,1851,226
VAR_POP_BF_N,1861,313
VAR_POP_BM_N,1851,293
VAR_POP_BM_N,1861,411
VAR_POP_BX_N,1871,34
VAR_POP_F,1911,3209
VAR_POP_F,1921,5158
VAR_POP_FDD_N,1851,305
VAR_POP_FDD_N,1861,354
VAR_POP_FD_N,1901,213
VAR_POP_FL_N,1851,423
VAR_POP_FL_N,1861,570
VAR_POP_FMAF_N,1851,715
VAR_POP_FMAM_N,1851,762
VAR_POP_FMF_N,1851,876
VAR_POP_FMF_N,1861,1049
VAR_POP_FMM_N,1851,876
VAR_POP_FMM_N,1861,1049
VAR_POP_FM_N,1851,887
VAR_POP_FM_N,1861,1047
VAR_POP_FM_N,1871,1700
VAR_POP_FM_N,1881,2135
VAR_POP_FM_N,1891,2474
VAR_POP_FM_N,1901,3180
VAR_POP_FNMF_N,1851,834
VAR_POP_FNMF_N,1861,1029
VAR_POP_FNMM_N,1851,849
VAR_POP_FNMM_N,1861,1029
VAR_POP_FS_N,1851,892
VAR_POP_FS_N,1861,1052
VAR_POP_FS_N,1901,3180
VAR_POP_FW_N,1851,835
VAR_POP_FW_N,1861,1031
VAR_POP_FW_N,1871,1670
VAR_POP_FW_N,1881,2126
VAR_POP_FW_N,1891,2457
VAR_POP_FW_N,1901,3001
VAR_POP_FX_N,1851,892
VAR_POP_FX_N,1861,1055
VAR_POP_FX_N,1871,1700
VAR_POP_FX_N,1881,2135
VAR_POP_FX_N,1891,2474
VAR_POP_FX_N,1901,3180
VAR_POP_M,1911,3231
VAR_POP_M,1921,5310
VAR_POP_MDD_N,1851,365
VAR_POP_MDD_N,1861,461
VAR_POP_MD_N,1901,224
VAR_POP_ML_N,1851,436
VAR_POP_ML_N,1861,604
VAR_POP_MM_N,1851,887
VAR_POP_MM_N,1861,1038
VAR_POP_MM_N,1871,1700
VAR_POP_MM_N,1881,2135
VAR_POP_MM_N,1891,2474
VAR_POP_MM_N,1901,3182
VAR_POP_MS_N,1851,893
VAR_POP_MS_N,1861,1041
VAR_POP_MS_N,1901,3182
VAR_POP_MW_N,1851,840
VAR_POP_MW_N,1861,1028
VAR_POP_MW_N,1871,1664
VAR_POP_MW_N,1881,2118
VAR_POP_MW_N,1891,2452
VAR_POP_MW_N,1901,3077
VAR_POP_MX_N,1851,893
VAR_POP_MX_N,1861,1056
VAR_POP_MX_N,1871,1702
VAR_POP_MX_N,1881,2135
VAR_POP_MX_N,1891,2474
VAR_POP_MX_N,1901,3182
VAR_POP_PER_SQ_MI,1911,2251
VAR_POP_RM_N,1871,67
VAR_POP_SX_N,1851,103
VAR_POP_SX_N,1861,223
VAR_POP_TOT,1911,3231
VAR_POP_TOT,1921,5312
VAR_POP_XDD_N,1871,33
VAR_POP_XF_N,1851,872
VAR_POP_XF_N,1871,1773
VAR_POP_XF_N,1881,2135
VAR_POP_XF_N,1891,2474
VAR_POP_XF_N,1901,3182
VAR_POP_XI_N,1871,51
VAR_POP_XM_N,1871,1771
VAR_POP_XM_N,1881,2135
VAR_POP_XM_N,1891,2474
VAR_POP_XS_N,1871,71
VAR_POP_XW_N,1871,1681
VAR_POP_XW_N,1881,2133
VAR_POP_XW_N,1891,2466
VAR_POP_XX_N,1851,897
VAR_POP_XX_N,1861,1162
VAR_POP_XX_N,1871,1773
VAR_POP_XX_N,1881,2135
VAR_POP_XX_N,1891,2474
VAR_POP_XX_N,1901,3182
VAR_POT_XX_A,1851,795
VAR_POT_XX_A,1861,1008
VAR_POT_XX_A,1881,2101
VAR_POT_XX_A,1891,2444
VAR_POT_XX_B,1851,801
VAR_POT_XX_B,1861,1013
VAR_POT_XX_B,1871,71
VAR_POT_XX_B,1881,2107
VAR_POT_XX_B,1891,2449
VAR_PRESBYTERIANS,1911,2198
VAR_PRESBYTERIANS,1921,3810
VAR_PROTESTANTS,1911,482
VAR_PROTESTANTS,1921,1014
VAR_REL_BC_N,1871,44
VAR_REL_BX_N,1871,62
VAR_REL_CE_N,1871,66
VAR_REL_KS_N,1871,60
VAR_REL_ME_N,1871,64
VAR_REL_OTH_N,1871,45
VAR_REL_PP_N,1871,70
VAR_REL_QU_N,1871,6
VAR_REL_RC_N,1871,71
VAR_REL_UN_N,1871,13
VAR_ROMAN_CATHOLICS,1911,2684
VAR_ROMAN_CATHOLICS,1921,4722
VAR_ROOT_CX_B,1851,531
VAR_ROOT_CX_B,1861,746
VAR_ROOT_MW_A,1861,445
VAR_ROOT_MW_B,1851,348
VAR_ROOT_MW_B,1861,588
VAR_ROOT_OTH_B,1871,48
VAR_ROOT_OTH_B,1881,2030
VAR_ROOT_TX_A,1851,646
VAR_ROOT_TX_A,1861,844
VAR_ROOT_TX_A,1891,2327
VAR_ROOT_TX_B,1851,686
VAR_ROOT_TX_B,1861,879
VAR_ROOT_TX_B,1871,68
VAR_ROOT_TX_B,1881,2032
VAR_ROOT_TX_B,1891,2386
VAR_RUSSIAN,1911,391
VAR_RYE_XX_A,1851,624
VAR_RYE_XX_A,1861,765
VAR_RYE_XX_B,1851,628
VAR_RYE_XX_B,1861,770
VAR_RYE_XX_B,1881,1375
VAR_RYE_XX_B,1891,1223
VAR_SALVATION_ARMY,1911,620
VAR_SALVATION_ARMY,1921,977
VAR_SCANDINAVIAN,1911,855
VAR_SHP_WC_LB,1891,2332
VAR_SHP_WF_LB,1891,1599
VAR_SHP_WX_LB,1851,783
VAR_SHP_WX_LB,1861,973
VAR_SHP_XS_N,1891,2266
VAR_SHP_XX_N,1851,797
VAR_SHP_XX_N,1861,1046
VAR_SHP_XX_N,1871,71
VAR_SHP_XX_N,1891,2365
VAR_SILO_XX_T,1891,373
VAR_STO_XX_V,1861,1062
VAR_SWISS,1911,464
VAR_SWN_PX_BL,1851,776
VAR_SWN_PX_BL,1861,970
VAR_SWN_XS_N,1891,2376
VAR_SWN_XX_N,1851,801
VAR_SWN_XX_N,1861,1060
VAR_SWN_XX_N,1871,71
VAR_SWN_XX_N,1891,2437
VAR_TAN_EX_N,1851,422
VAR_TAN_NR_N,1851,434
VAR_TAN_PX_LB,1871,33
VAR_TAN_PX_V,1851,417
VAR_TAN_XC_N,1851,440
VAR_TAN_XR_N,1851,462
VAR_TAN_XX_N,1851,568
VAR_TAN_XX_N,1871,28
VAR_TOB_XX_LB,1851,444
VAR_TOB_XX_LB,1871,7
VAR_UNSPECIFIED,1911,1599
VAR_UNSPECIFIED,1921,1567
VAR_VARIOUS_SECTS,1911,1287
VAR_VAX_SN_N,1871,70
VAR_WAG_CT_N,1871,71
VAR_WHT_SX_A,1861,988
VAR_WHT_SX_B,1861,989
VAR_WHT_SX_B,1881,1947
VAR_WHT_SX_B,1891,2122
VAR_WHT_WX_A,1861,574
VAR_WHT_WX_B,1861,580
VAR_WHT_WX_B,1871,24
VAR_WHT_WX_B,1881,1007
VAR_WHT_WX_B,1891,966
VAR_WHT_XX_A,1851,796
VAR_WHT_XX_A,1881,1989
VAR_WHT_XX_A,1891,2145
VAR_WHT_XX_B,1851,799
VAR_WHT_XX_B,1871,71
VAR_WOOD_EX_N,1851,715
VAR_WOOD_NR_N,1851,635
VAR_WOOD_PD_LF,1851,310
VAR_WOOD_PD_N,1851,318
VAR_WOOD_PL_LG,1851,202
VAR_WOOD_PL_N,1851,219
VAR_WOOD_PX_N,1851,512
VAR_WOOD_PX_V,1851,513
VAR_WOOD_PY_LF,1851,579
VAR_WOOD_PY_N,1851,585
VAR_WOOD_SL_N,1871,48
VAR_WOOD_SX_N,1851,541
VAR_WOOD_WX_N,1851,752
VAR_WOOD_XC_N,1851,705
VAR_WOOD_XC_V,1851,706
VAR_WOOD_XP_N,1851,422
VAR_WOOD_XX_N,1851,758
VAR_WOOD_XX_N,1871,58
VAR_WOOL_EX_N,1851,207
VAR_WOOL_NR_N,1851,106
VAR_WOOL_PC_YD,1851,198
VAR_WOOL_PX_V,1851,198
VAR_WOOL_XC_N,1851,254
VAR_WOOL_XR_N,1851,279
VAR_WOOL_XX_N,1851,293
